{
    "domain": "1pdata.app",
    "owner": {},
    "source": [
        "DuckDuckGo-US"
    ],
    "prevalence": 0.0000749,
    "sites": 11,
    "subdomains": [
        "build"
    ],
    "cnames": [],
    "fingerprinting": 2,
    "resources": [
        {
            "rule": "1pdata\\.app\\/hhtransmute\\.js",
            "cookies": 0.0000476,
            "fingerprinting": 1,
            "subdomains": [
                "build"
            ],
            "apis": {
                "Document.cookie getter": 3,
                "Date.prototype.getTime": 3,
                "Document.cookie setter": 3,
                "Navigator.prototype.userAgent": 3,
                "Navigator.prototype.language": 3,
                "Date.prototype.getTimezoneOffset": 3
            },
            "sites": 7,
            "prevalence": 0.0000476,
            "cnames": [],
            "responseHashes": [
                "5239c228005eb2184f807f4fb8d0b6a0990835d4575a301b8d6c6a05e0cc7058",
                "c2717c8de972006891c09aa6116a3e0e169c3ac3ceb03ee0b35fd5f834818119",
                "986aacfd3f617f2f16a25b1cc41178ff8e31124347e23df7e3cccb20bd327071",
                "376c342c5399270a3817fecdb79b5b02272491018e8d7d4e73c49a9481436e71",
                "6ff7a6b17f2191e47de0f6b5ca0ceb1a9bc8295fcfd948757defdb5af5a4fc60",
                "2b1eba0f784b978f3b4d8e59ae29147a7eb40be2184076b0e256704b52b1898c"
            ],
            "type": "Script",
            "firstPartyCookies": {
                "fullthrottlelims_t2": {
                    "ttl": 630720001,
                    "length": 10,
                    "prevalence": 0.000020421221733625584,
                    "uniqueness": 1
                },
                "r": {
                    "ttl": 7201,
                    "length": 1,
                    "prevalence": 0.000020421221733625584,
                    "uniqueness": 0.3333333333333333
                }
            },
            "firstPartyCookiesSent": {},
            "exampleSites": [
                "emerson.com",
                "insinkerator.emerson.com",
                "www.annuity.org",
                "www.asbestos.com",
                "www.drugwatch.com",
                "www.k12.com",
                "www.mitsubishicars.com"
            ]
        }
    ],
    "categories": [],
    "performance": {},
    "cookies": 0.0000749,
    "topInitiators": [
        {
            "domain": "ftlaunchpad.ai",
            "prevalence": 0.8181818181818182
        },
        {
            "domain": "first party",
            "prevalence": 0.18181818181818182
        }
    ],
    "types": {
        "Script": 7
    },
    "nameservers": [
        "ns-1277.awsdns-31.org",
        "ns-818.awsdns-38.net",
        "ns-1744.awsdns-26.co.uk",
        "ns-204.awsdns-25.com"
    ]
}