{
    "domain": "44.238.122.172",
    "owner": {},
    "source": [
        "DuckDuckGo-US"
    ],
    "prevalence": 0.000109,
    "sites": 16,
    "subdomains": [],
    "cnames": [],
    "fingerprinting": 0,
    "resources": [
        {
            "rule": "44\\.238\\.122\\.172\\/is",
            "cookies": 0,
            "fingerprinting": 0,
            "subdomains": [],
            "apis": {},
            "sites": 10,
            "prevalence": 0.0000681,
            "cnames": [],
            "responseHashes": [
                "1dba7b67616a9bf5e988970c0816f76265c661322c36fe13e6c569d6c7d71d72",
                "7b9fd78b8757f7898526999e399f705de6be51727774dca147cc0154a41c2aeb",
                "7467d93f165a9a38b5cd5a7b2baad53fa112a79d001c8fbe0784f9f42910d5b7",
                "ff8189f7a47c34c8f802e35dabd215028c005a160afd3851ef881c7e45a8f9bb",
                "65517ae478b7d63894545e1ac7d6884eda6c783c427de75487c99ff850bdbd92",
                "954491746c3722aabbd78d9c08b4fff8dc38423a1d9d0c276e9283a210846f89"
            ],
            "type": "Fetch",
            "firstPartyCookies": {},
            "firstPartyCookiesSent": {},
            "exampleSites": [
                "pof.com",
                "blogs.pof.com",
                "tripadvisor.com",
                "www.deltafaucet.com",
                "www.etoro.com",
                "www.ferguson.com",
                "www.fergusonshowrooms.com",
                "www.pof.com",
                "www.tripadvisor.com",
                "www.wgu.edu"
            ]
        }
    ],
    "categories": [],
    "performance": {},
    "cookies": 0,
    "types": {
        "Fetch": 10
    },
    "nameservers": []
}