{
    "domain": "53kf.com",
    "owner": {},
    "source": [
        "DuckDuckGo-AU"
    ],
    "prevalence": 0.000201,
    "sites": 2,
    "subdomains": [
        "accwww2",
        "www2"
    ],
    "cnames": [],
    "fingerprinting": 1,
    "resources": [
        {
            "rule": "53kf\\.com\\/sendacc\\.jsp",
            "cookies": 0,
            "fingerprinting": 0,
            "subdomains": [
                "accwww2"
            ],
            "apis": {},
            "sites": 2,
            "prevalence": 0.000201,
            "cnames": [],
            "responseHashes": [
                "70c7cda673633bdfe6dc8c288d7bfa3152b2bb05b030bd2d13661b5ab8dedd15"
            ],
            "type": "Script",
            "firstPartyCookies": {},
            "firstPartyCookiesSent": {
                "site_initializing": 0.00020080321285140563,
                "53gid2": 0.00020080321285140563,
                "53gid0": 0.00020080321285140563,
                "53gid1": 0.00020080321285140563,
                "53kf_72351991_from_host": 0.00020080321285140563,
                "guest_id": 0.00020080321285140563
            },
            "exampleSites": [
                "clevguard.com",
                "www.imyfone.com"
            ]
        },
        {
            "rule": "53kf\\.com\\/kf_new\\.php",
            "cookies": 0.000201,
            "fingerprinting": 1,
            "subdomains": [
                "www2"
            ],
            "apis": {
                "Document.cookie setter": 2
            },
            "sites": 2,
            "prevalence": 0.000201,
            "cnames": [],
            "responseHashes": [
                "aa8ea90f93034302e12097b4c610bbb15a65206e4554112b74dde614c32f0b7b"
            ],
            "type": "Script",
            "firstPartyCookies": {
                "onliner_zdfq72351991": {
                    "ttl": null,
                    "length": 1,
                    "prevalence": 0.00020080321285140563,
                    "uniqueness": 0.5
                }
            },
            "firstPartyCookiesSent": {
                "site_initializing": 0.00020080321285140563,
                "53gid2": 0.00020080321285140563,
                "53gid0": 0.00020080321285140563,
                "53gid1": 0.00020080321285140563,
                "53kf_72351991_from_host": 0.00020080321285140563,
                "uuid_53kf_72351991": 0.00020080321285140563,
                "guest_id": 0.00020080321285140563
            },
            "exampleSites": [
                "clevguard.com",
                "www.imyfone.com"
            ]
        },
        {
            "rule": "53kf\\.com\\/kf_ivt_new\\.php",
            "cookies": 0.000201,
            "fingerprinting": 1,
            "subdomains": [
                "www2"
            ],
            "apis": {
                "Document.cookie setter": 2
            },
            "sites": 2,
            "prevalence": 0.000201,
            "cnames": [],
            "responseHashes": [
                "e07cec6f6e29e6ca9f98d0523815a04ed861c09957f705f6c81d659ea6e978f4"
            ],
            "type": "Script",
            "firstPartyCookies": {},
            "firstPartyCookiesSent": {
                "site_initializing": 0.00020080321285140563,
                "53gid2": 0.00020080321285140563,
                "53gid0": 0.00020080321285140563,
                "53gid1": 0.00020080321285140563,
                "53kf_72351991_from_host": 0.00020080321285140563,
                "uuid_53kf_72351991": 0.00020080321285140563,
                "guest_id": 0.00020080321285140563
            },
            "exampleSites": [
                "clevguard.com",
                "www.imyfone.com"
            ]
        },
        {
            "rule": "53kf\\.com\\/minkh\\/js\\/jquery-1\\.4\\.2\\.flp\\.js",
            "cookies": 0,
            "fingerprinting": 1,
            "subdomains": [
                "www2"
            ],
            "apis": {
                "Navigator.prototype.userAgent": 2,
                "Date.prototype.getTime": 2
            },
            "sites": 2,
            "prevalence": 0.000201,
            "cnames": [],
            "responseHashes": [
                "ab7c6819c298fb73eb4c97eb4febccb234faaf83494280d64db41d9dfcdd9778"
            ],
            "type": "Script",
            "firstPartyCookies": {},
            "firstPartyCookiesSent": {},
            "exampleSites": [
                "clevguard.com",
                "www.imyfone.com"
            ]
        }
    ],
    "categories": [],
    "performance": {},
    "cookies": 0.000201,
    "topInitiators": [
        {
            "domain": "first party",
            "prevalence": 1
        }
    ],
    "types": {
        "Script": 8
    },
    "nameservers": [
        "vip3.alidns.com",
        "vip4.alidns.com"
    ]
}