{
    "domain": "875413cfaf.com",
    "owner": {},
    "source": [
        "DuckDuckGo-CA"
    ],
    "prevalence": 0.00763,
    "sites": 76,
    "subdomains": [
        "052d3c5276",
        "8966c190d4"
    ],
    "cnames": [],
    "fingerprinting": 0,
    "resources": [
        {
            "rule": "875413cfaf\\.com\\/in\\/multy",
            "cookies": 0,
            "fingerprinting": 0,
            "subdomains": [
                "052d3c5276",
                "8966c190d4"
            ],
            "apis": {},
            "sites": 76,
            "prevalence": 0.00763,
            "cnames": [],
            "responseHashes": [],
            "type": "Preflight",
            "firstPartyCookies": {},
            "firstPartyCookiesSent": {
                "lotame_domain_check": 0.0002008435428800964
            },
            "exampleSites": [
                "www.porntrex.com",
                "epawg.com",
                "unlistedleaks.su",
                "sexegypt.co",
                "chaturflix.cam",
                "hderotikfilmx.xyz",
                "femdom-joi.com",
                "filmleraltxx1.shop",
                "oncam.me",
                "thothub.to",
                "xgore.net",
                "xnxxarby.com",
                "manhwadesu.pro",
                "www.izlepornxx2.xyz",
                "titis.org",
                "www.camwhoresbay.com",
                "lovejav.net",
                "xxnxar.com",
                "mult34.com",
                "www.colmeklink.com"
            ]
        },
        {
            "rule": "875413cfaf\\.com\\/in\\/multy",
            "cookies": 0,
            "fingerprinting": 0,
            "subdomains": [
                "052d3c5276",
                "8966c190d4"
            ],
            "apis": {},
            "sites": 76,
            "prevalence": 0.00763,
            "cnames": [],
            "responseHashes": [
                "55cc9ff94dd107431e0d53f3b01dad1ec6d3f47e4e1c5c015acac90709dabee5",
                "0d8d60c43052cc1b44f9b1a2a3c854928dcadaad631438aaba0f6fc45a27f399",
                "f2322f7cdd545d2beb681fe1dee9ea920dfcedd23406d5f4120ed791fb33452c",
                "b775a874160bbd0ff770791ab2e9938a0a1d4afe97d4fae7ab47390b8e412638",
                "301b9c29f132603ae352d58f69727c3d1f91dbdfc47ececf9e1cd36635fe0646",
                "36736384f51bece676eaf13fdd3965b90d4dc3ce1c229cd6d712449711bba18e",
                "4f39344f4d5bd39baa027c2ac68fe67d08dfe6e49be6419efa15150b4d91ed01",
                "a2a3f722f366672dbcb6955314fad83b8692084c0c5b3f0a9ba964c1b13718d9",
                "97abc4bedb34e24952564e5a2ad10747fb2fe614019aeee91d13f72cdcbe604d",
                "e0c2fa856f7d97f14d50834d9047756120173101874ac2b3e66764fa8f8e1599",
                "7732208981a47c1ee306924f60af6e15640e7469fa9e7b18b1e8926385202ebb",
                "22302bba61ed9f753c6411eb5a3099a208114cb1af85a8b7f0b9222ce1b1f413",
                "0bcecbc01ec69846faa286030329d7ab055a408b1a571aea5b4be8ece376d536",
                "18e209bb1cf40eb4cfe891374a41c3987b69096fe43ecf82df1ee67044e533fe",
                "742cfc27326263f763aedeeb929c9ce84cff3fd25bc3840a9d7dd356d7985860",
                "611d7eabcd77299e2255cbfd2e88fab3258bd41b4cdbced95963e60b85b52eff",
                "a7583fd7d7c8eacab163aae1251b89148a6f864db8dcd4f5e42c3b5ef2744d89",
                "e422092e91dc6cd0d0f18be7483feaefb3b714fea46774eea1c4fd130655fe90",
                "39e990206390c61923e969f0d31d4aec4a2c8d98a852cd27a92d4324c0a45433",
                "47934dd353dfedb7270274709266b237583741f4f29892fb2785071cd6ef895f",
                "157c8d6c3103c680359ede1156068d4e96602aae685eaef2e85f1b0c3aa7144a",
                "321aa7587f019343f3ec823fccd0af18ce7d58869456a4e0f81878fe5d240d98",
                "1d98464e155bcb1656dc060783b3c4a131503d7b4728f63040bd3c8689f227b8",
                "7c29ae32427c16d816af2d42185da5792237ba3af407187ee4760ac196dde5eb",
                "7b139128b6166ba91dcf602aed1607e736fa06aae20b7879b8023c51ce18a7a6",
                "7104ebcf2927b901e27ad189d07f79baf6d2dd6ed639ca372f370b2a9902c800",
                "ae9461700990bcd7c6f5017d808fb02342c7978f8415efa70fd2b0330dedf625",
                "c6cef1365a2befea0f7e532659a0d87485492a59d7fe646787eb9a869b267019",
                "858cf80d36d5c14d3afeac896d3975322729339f617efb03292d783218fb31dc",
                "1069f201671b8457ea69c7f72f87943f0a4ee6bac4ca5a1388e4de42fcf59d9f",
                "278df8ee913563594ae64840b02e96ea5584d8673a347c2477f053940459098c",
                "903cf7235cea78a0e49dd72831f86435733691459dd5e87a4e3c640ef988b2f9",
                "68a97e0c17b5ffa4909b004ed9fba76aa663d67872e33a67d0c90a8cfe0a758d",
                "c1b972a7dd98e82f35f8f7f0a6189c8b9396bd8f3adf6b6f2c20ac8235cf5b02",
                "e2ac714c3bc9288f4d079fa9704b51087673309d9a390211b147b3a3cf9fd672",
                "70fb05705db3c92790afa32590b9adc6c4fd64559156c8baea0a7c1e9e45ec5a",
                "618a759829ecc1ca79b6c57001fa5e6334bc7b6c3a5b3285f761e09da6bd5cbe",
                "31d6cf7ebe21e13c34ceadd408a1057c681717c97adc7c50edc43b97c9c7e22c",
                "9855ef9a45dc5ad92bd2403dfbaeb95328af055cf673dece688e7463367d85a2",
                "6a21756ebaef0faa611d0c300d4b66a74ddbf7a0171be9ca98c9abcd1e951fd8",
                "9a54650d345b9c5ee933508ab4950b56c7ddb1d4e78435391713a6191f49b3de",
                "df1312c3464211f7053f4634928a074a620337596be85f27b811e5facba8b490",
                "6ee0a96018879c9114d22e23cb1b0effc61050e48c01d5200dc90563520712d4",
                "5be59cd372536ee6e8d461d49061ac87ebc8fc5a74d9be3d8a49c4d8ddb4de71",
                "4c63457dc387bfb16d71850b9618db8b266bf4b088d9b108d2ea9aad013f8837",
                "aedaceb7f121a840352fbb05573fee4d4c57abdcedca6f3f5084cc5d07e6d9b5",
                "03a972b13295f4534245808292c7a87449d51edbb768a6df34e76f377eb724a5",
                "4a58e523b4a5acb13f3a56f41124ad9d5a8d4c8d0b7963ba36d9c61cf2cbd868",
                "e59b7a73e68af97be416250c8b12620ca45d6898a97ee7e389418134c2a1f37d",
                "3b8966df925dc9ca5994c013246ff0dbb21016e08d736092f8b96f2f4806ec48",
                "62ca4fc91ed81c9d9aa348ec7dfaa65ac21274eed6b20cfc266075cb494efa71",
                "383af870f239c8e8546b393a9f5d80a324445f40fb4a2de7a749a51eb8d728ad",
                "0a6c28be4e04f7acb57c2290246382fc5a7176bf6806b155a94cfd2776435a08",
                "22f7cd425de925013bf3e994c59e0389aee9e516d215312aba0b7a53f2ffe5d8",
                "29959d9bf345cfee813fb4f6fde4c80b7b32eb8b4459f95bb035bb7c55973818",
                "2c59d460406a879f0e96e77c13d2fe8b29e461d41f8946e79a80d2285634be01",
                "5760bec5720c6f9ac18956ec6c68b7ed6f511e07c04a38b165ad781ddcc91156",
                "7e043384de80ec8149f6d7d4510d7bb28d87aeafe879341777a84ebdef05c591",
                "b00d16f2df292c44381f96356bc8db147547443ddad7597689c6e5ce2b8acc5c",
                "404ddee484e01c4c05dee0124448687fc14e5b26ae2df2975a486e2be950d9f9",
                "f42185d5897c70179a483f9cf5e99fd913673d4adfaebfb46f103bb09ab68f20",
                "c2990d3d04a371358599f7953b2eecbb73a41a10871d04651833cf2c05188ace",
                "2fe05ecdcdd342af6079124d1a008ebd7d808f11e7d81b5926b1f0935846d7c1",
                "c0c8a5d7cad0118b1690b37cccba8ed58f24947f41016bd8f4b347792ef7daba",
                "96efcdd437052b95c0da397934038588e1cf4818ca7b5bde003f58ee6adf1e41",
                "212f495ae3bf7d119f656181e9e5b087a98bc23a25e5ee78cb2c4b15b3d0a1fb",
                "7ca39af138980b0ff9f1623396a20dc5b658e431b54ce97cef2ab8f5d7dff9fd",
                "fb3483d795068fbe9246cbcedde34a91804624a82ea8268595609809bb40681b",
                "231fb1644b226af69a84c9d67833e6d746eadaf37a2a2d9c57ff63a3c672b243",
                "b2b2430a1fd6ecb52ab2c0560bec55ddfc36bce7fc9eafa1457b1d469b57592b",
                "c3e05b0952f65c2d43e150f33c6e9833c0a0b6745049a8c0f1ff0bdf6119d801",
                "22427d1b883d298da9aed85e92c7735f082a1b350e1af3b4bfbe64e736e4d63c",
