{
    "domain": "8proof.com",
    "owner": {},
    "source": [
        "DuckDuckGo-CA"
    ],
    "prevalence": 0.00663,
    "sites": 66,
    "subdomains": [
        "cdn"
    ],
    "cnames": [],
    "fingerprinting": 0,
    "resources": [
        {
            "rule": "8proof\\.com\\/app\\/rtbmarkup\\/5111",
            "cookies": 0,
            "fingerprinting": 0,
            "subdomains": [],
            "apis": {},
            "sites": 66,
            "prevalence": 0.00663,
            "cnames": [],
            "responseHashes": [
                "0bb1401cc53647aa6f697321a938c5e431e48ae6a62d0dd92645208564f5361d",
                "e40e490060b15e69452f3c14d50095ad7bf42d8e9b9e6bb1bb6f84b32762e873",
                "9ec4c766c046ca6f5a272109c6ed4a7487ac0fc59888d57e5810b31856f42c24",
                "115299a28a6c3614515d13f8fcb95beeaaf3717a36227f157edfbfa60376ecd9",
                "7438f1f340ca92e3c3b503b7d349ca323edbd3614d0c100191ca04accbb7b3fc",
                "6a4791f85bdad02e057b923c3ae813834c35040a883027134e705fbb7aeeab4c",
                "cbd2d9a73303417c6e28891436abdd7743304b2fad24548442930f9a7d1ea4dd",
                "020cf96d69bb4af2c2d9fd0ef26ef931b16e036cd974c4749ee33ad8a65ed212",
                "ef0a252624c51f2c64c8b9c9bae2837b6eb09090188727e28839b177d86e9757",
                "e59aa14886e1ae97f5114934f0492c3bc13b2c305eef81e4b48e36cae5bb21e2",
                "68635175915ccf18643c2fba07d9eec4762497260550eedc31ffddee7c4c0eef",
                "e0c1ebce6cbfc0a0e3db198657c5f25983d019c0fb371b462b945a8f82285c99",
                "3db6f3148ab729e6ce82ed70450d13f0ebf001526cae38435521ee85a01da6c9",
                "a7ebad7093f88fe84b6cd8b07773c82b87cc337dad521e979b63281498c6f59f",
                "c41a21789262dd4ea4d8e917d74ed206895fbcd46571921482b9758d84c6d0e6",
                "76b903e8eb252f197997bc39d06831bb00691f204a381fb48719c696eb2d6221",
                "948599fe362a0f319aa49d0016ff28e5d4614fd23795b2bf390fa8ee1576b970",
                "eb913a1ef09594b790832008cf6655fdd8b0f3be6965ede7ae54bcce592b0d2b",
                "72ee245e28d10ce0062bd13c3ed6eed7ef6a924071afa5c976f7351e9b94b653",
                "53b52e2ae6f8673b2a019ba4d2dd87138bdba201a722a46098fe22a7e9f520cf",
                "223780a7456fff82c0c327288188fabcb02ada5e11fd16268bc37803a1b50e9a",
                "e4434e9dcd7696abdde2964ad4eee141a986475d53306457cd042c7d5b0f5955",
                "4d032dd05d2e3d8f2168d6f622072a4b310f7b5dbe110afd7b5ab04465d37a0d",
                "aa041c3cd8bec65d7f2c75f383434f09e4143bd87f9f1a9575e3adc5a914c5bb",
                "677ca575dc767663699823b7d40e97359c05b2e62f540712e8f4aaf8b7e9b26e",
                "5c381c4f85b12485a38b998f1ab00355fd4a523177e17abd12b2f0539c9e2e41",
                "50b786b7edd4dd03871d2b6b6e78f57a90b3d3b423e992e370c51a94a5f4bfd6",
                "df7e7abb1785a13988372f1dd0b4d3eb99c9bd2abad999e5097143187773f544",
                "e8027bd6ff936392b5c7387c57ade0e8f0e95e6cfa3748dc6c844c9af9665546",
                "f5678d11bcd7a777e1797a3e7bfe5f489fa881ef6a28263915be32083b5b9948",
                "9a5133b1958b4513396233bb9609d64bb4bf6015c0584800f0b7ae8130a17973",
                "78e30d12e2d1086f46a33670cbadf2d32a88e89e8212ebd8b3348c2003af4740",
                "f19ff85525dc42acd4648400f712762dca6b30e8d928e5534b4c3f68a3c1d122",
                "db8e264465589fc8a48e806e16c56540f7c02a5dfd0161ba5f7d42463f34c162",
                "ee98325419bb5f8162cff3595163203053994ee2a8a7101036344595e6f33442",
                "0da87d79ec26b28c2fbb5dc7bc31286ac3456bb623279abb8c1bfb68c97f1561",
                "c8636d5211f4166e2f41f173b46d874d3fd8b733064beb6acadfead445d6037e",
                "5536202533538702e6a01ad573289d06d96643e6f798cd940c2cc3fec4236b5f",
                "0757df113d7a7b0a3adbe61570867fb667bf93ad9246c998eec0bbf3c8e937ee",
                "2a0621b4811579b6207af06199071bc4675ceb8cae75ee5e54021538c5ef5e60",
                "d3a32f7afb32aacb6e1db598a30f664cf7f6041f73e1575b7125f21764d79273",
                "ced2dfd94e826e552e9d6e29718ecbe47ec0083157b5ad4421a784b360c07309",
                "c16cbec067ad8f01856169058a33ccc489c66e482f180fd0ddd818fcd561e2be",
                "775aa913c0f8c4f861b39daa502a6b47abd4f4da50ca346585b1393e710b3b70",
                "f523c67ba46978719c5423376f6d4c7a7ab3096764a549fa895c868b8351b622",
                "c8879fad32809cb5770b81e308314c75afc705a8012e7e01cd3b49829941a76e",
                "c56f114f103753f470812a312d4352590e722e4a3911409dda906b9ae1b95b40",
                "bde560877e32b18955cdd22226b52d7e366a40a4b00b9660d92b4fa29d1a5eaa",
                "53720d9b9c5657d71a4cabc0f5470dc7a4c02255052ff92aaf91ff19124888a2",
                "e4c45e9bd778caea670d47883d5994593e3baee407d80859eee683a9b4d8240a",
                "edd91f643dac90b101b04b3000c077127b34c7d1a8f1c4c2c75aad8e29762232",
                "c53dbd398c689b001ee5deaf053715a8507646558583bb2cb807e9d909fbd815",
                "a4f728d3350b3fb7fced95beb9ad79c35be5d04bc6b1f7bbcf5d4aed7af0758c"
            ],
            "type": "Document",
            "firstPartyCookies": {},
            "firstPartyCookiesSent": {},
            "exampleSites": [
                "hypestat.com",
                "vdocuments.net",
                "www.theloadout.com",
                "www.whatismyip.com",
                "9to5google.com",
                "www.bizapedia.com",
                "www.minecraftskins.com",
                "worldpostalcode.com",
                "www.vwvortex.com",
                "www.sunsigns.org",
                "www.apkmirror.com",
                "orteil.dashnet.org",
                "android.gadgethacks.com",
                "www.omgubuntu.co.uk",
                "www.timesnownews.com",
                "www.digitalcitizen.life",
                "all-guidesbox.com",
                "www.f150forum.com",
                "ios.gadgethacks.com",
                "bonpatron.com"
            ]
        },
        {
            "rule": "8proof\\.com\\/app\\/win",
            "cookies": 0,
            "fingerprinting": 0,
            "subdomains": [],
            "apis": {},
            "sites": 61,
            "prevalence": 0.00613,
            "cnames": [],
            "responseHashes": [],
            "type": "Fetch",
            "firstPartyCookies": {},
            "firstPartyCookiesSent": {},
            "exampleSites": [
                "hypestat.com",
                "www.gosunoob.com",
                "www.ggrecon.com",
                "www.gamerevolution.com",
                "www.theloadout.com",
                "www.therichest.com",
                "jegged.com",
                "all-guidesbox.com",
                "www.businessinsider.in",
                "guides.gamepressure.com",
                "www.bizapedia.com",
                "www.calendar-12.com",
                "gamertweak.com",
                "www.apkmirror.com",
                "www.whitepagescanada.ca",
                "orteil.dashnet.org",
                "vdocuments.net",
                "www.subaruforester.org",
                "worldpostalcode.com",
                "arcadespot.com"
            ]
        },
        {
            "rule": "8proof\\.com\\/ads\\/assets\\/fonts\\/montserrat-v25-latin-800\\.woff2",
            "cookies": 0,
            "fingerprinting": 0,
            "subdomains": [
                "cdn"
            ],
            "apis": {},
            "sites": 57,
            "prevalence": 0.00572,
            "cnames": [],
            "responseHashes": [],
            "type": "Font",
            "firstPartyCookies": {},
            "firstPartyCookiesSent": {},