{
    "domain": "a47b.com",
    "owner": {},
    "source": [
        "DuckDuckGo-US"
    ],
    "prevalence": 0.000143,
    "sites": 21,
    "subdomains": [
        "aam",
        "ajs",
        "a"
    ],
    "cnames": [],
    "fingerprinting": 2,
    "resources": [
        {
            "rule": "a47b\\.com\\/aam",
            "cookies": 0,
            "fingerprinting": 1,
            "subdomains": [
                "aam"
            ],
            "apis": {
                "Date.prototype.getTimezoneOffset": 14,
                "Date.prototype.getTime": 14
            },
            "sites": 18,
            "prevalence": 0.000123,
            "cnames": [],
            "responseHashes": [
                "1e0f4afd94f9995f83bacf5c6f529a437d713be2b533e1829cbed84fd23dc530",
                "63b08c4a40b0ce7ec233a26e3677a585866e077113944091b7cb6867df0e30ce",
                "e3b0c44298fc1c149afbf4c8996fb92427ae41e4649b934ca495991b7852b855",
                "6bc36d3f6487c014e9ca292d5cad5ca2129176740782c98e34cb7dde829f7d2f",
                "2885398c9a3ce6e9dd3c2f4b6e26ead665854b89fb7e4a5ea9cf5f7b86685569",
                "a3e72dedaccd17635492331735932d77fb9e4cc3bed1f4cc8e055f46bc4c347f",
                "e6d73a514ee48ed3a396391b548a662cec5ee92e562853499bf58537113b9463",
                "b7a1e7928cae1b09202cb7bd0683b5f5eca7991d3e7c751a5ff60ed31bdfc816",
                "2b7f28a8dbf28e129af89674216d16dac8100fc37ed534d6be8c7c1a8aa730ad",
                "68ded40422b402fe12f9cf6c020d520786644383e30ca05fec56de14d5b7267c",
                "e6d43ce65cc0985823bd7aad394cb7ca94fc2464cbb0fc660423226a46deaee4",
                "19f3314cabf3071323131d55e34360850430790070ac9ad8b61a2c4521af1cf6",
                "1a559af1a256e444edff941e767f58dd3483544e7f0e0c1f2621a4d06bf08e80",
                "31ee10edee44edb4e77103ec0db66c950730ad447ef730fbdeeec64b756677a4"
            ],
            "type": "Script",
            "firstPartyCookies": {},
            "firstPartyCookiesSent": {},
            "exampleSites": [
                "spiceworks.com",
                "dallas.eater.com",
                "i-d.vice.com",
                "news.artnet.com",
                "smartasset.com",
                "stockanalysis.com",
                "twincities.eater.com",
                "whalewisdom.com",
                "www.autotrader.com",
                "www.axios.com",
                "www.barchart.com",
                "www.bbc.com",
                "www.bigblueview.com",
                "www.burntorangenation.com",
                "www.insidermonkey.com",
                "www.macrotrends.net",
                "www.sandboxx.us",
                "www.tomahawknation.com"
            ]
        },
        {
            "rule": "a47b\\.com\\/js\\/mntr\\.min\\.2\\.9\\.3\\.js",
            "cookies": 0,
            "fingerprinting": 2,
            "subdomains": [
                "ajs"
            ],
            "apis": {
                "window.innerWidth": 10,
                "window.innerHeight": 10,
                "Navigator.prototype.userAgent": 10,
                "Screen.prototype.availHeight": 10,
                "Screen.prototype.availWidth": 10
            },
            "sites": 14,
            "prevalence": 0.0000953,
            "cnames": [],
            "responseHashes": [
                "28d47f5cd9fbc5015c3f418e64bac594231f1a5c12e561272ee13a8df6775750"
            ],
            "type": "Script",
            "firstPartyCookies": {},
            "firstPartyCookiesSent": {},
            "exampleSites": [
                "spiceworks.com",
                "dallas.eater.com",
                "i-d.vice.com",
                "smartasset.com",
                "stockanalysis.com",
                "twincities.eater.com",
                "whalewisdom.com",
                "www.autotrader.com",
                "www.axios.com",
                "www.bbc.com",
                "www.bigblueview.com",
                "www.burntorangenation.com",
                "www.sandboxx.us",
                "www.tomahawknation.com"
            ]
        },
        {
            "rule": "a47b\\.com\\/track\\/mntrjsAssessed",
            "cookies": 0,
            "fingerprinting": 0,
            "subdomains": [
                "a"
            ],
            "apis": {},
            "sites": 11,
            "prevalence": 0.0000749,
            "cnames": [],
            "responseHashes": [
                "e3b0c44298fc1c149afbf4c8996fb92427ae41e4649b934ca495991b7852b855"
            ],
            "type": "Image",
            "firstPartyCookies": {},
            "firstPartyCookiesSent": {},
            "exampleSites": [
                "eater.com",
                "i-d.vice.com",
                "smartasset.com",
                "stockanalysis.com",
                "twincities.eater.com",
                "www.autotrader.com",
                "www.axios.com",
                "www.bbc.com",
                "www.bigblueview.com",
                "www.burntorangenation.com",
                "www.sandboxx.us"
            ]
        },
        {
            "rule": "a47b\\.com\\/track\\/aamHrtBt",
            "cookies": 0,
            "fingerprinting": 0,
            "subdomains": [
                "a"
            ],
            "apis": {},
            "sites": 8,
            "prevalence": 0.0000545,
            "cnames": [],
            "responseHashes": [
                "e3b0c44298fc1c149afbf4c8996fb92427ae41e4649b934ca495991b7852b855"
            ],
            "type": "Image",
            "firstPartyCookies": {},
            "firstPartyCookiesSent": {},
            "exampleSites": [
                "eater.com",
                "i-d.vice.com",
                "smartasset.com",
                "stockanalysis.com",
                "www.autotrader.com",
                "www.bbc.com",
                "www.bigblueview.com",
                "www.burntorangenation.com"
            ]
        }
    ],
    "categories": [],
    "performance": {},
    "cookies": 0,
    "topInitiators": [
        {
            "domain": "doubleclick.net",
            "prevalence": 0.36363636363636365
        },
        {
            "domain": "2mdn.net",
            "prevalence": 0.24242424242424243
        },
        {
            "domain": "googlesyndication.com",
            "prevalence": 0.18181818181818182
        },
        {
            "domain": "confiant-integrations.net",
            "prevalence": 0.12121212121212122
        },
        {
            "domain": "first party",
            "prevalence": 0.06060606060606061
        },
        {
            "domain": "teads.tv",
            "prevalence": 0.030303030303030304
        }
    ],
    "types": {
        "Script": 32,
        "Image": 19
    },
    "nameservers": [
        "ns-292.awsdns-36.com",
        "ns-567.awsdns-06.net",
        "ns-1556.awsdns-02.co.uk",
        "ns-1252.awsdns-28.org"
    ]
}