{
    "domain": "aaacompany.net",
    "owner": {},
    "source": [
        "DuckDuckGo-US"
    ],
    "prevalence": 0.00017,
    "sites": 25,
    "subdomains": [
        "srv1",
        "s-srv54",
        "s-srv19",
        "srv11",
        "s-srv43",
        "srv112",
        "srv33",
        "s-srv56",
        "s-srv32",
        "srv103",
        "srv111"
    ],
    "cnames": [],
    "fingerprinting": 1,
    "resources": [
        {
            "rule": "aaacompany\\.net\\/om\\/mro\\/load\\.js",
            "cookies": 0,
            "fingerprinting": 0,
            "subdomains": [
                "srv1"
            ],
            "apis": {},
            "sites": 7,
            "prevalence": 0.0000476,
            "cnames": [],
            "responseHashes": [
                "bbd59db44b989139135e97582363572ddeaed89c8bf2a931a5532cfee03bf69e",
                "5bffa55cb29259678cce0e3f0273b53cc651a78ec41ab46813b6720052c72ac1",
                "76f4954427c981d48644931f77dc93c87661e839a90fa3433171e41f44417631",
                "3961e12f7bd01eb10ee9c17a35bdca8abe8c2a8bb22dd58c305bd2f8c3359ce4",
                "efcb412b4a5e9281824562dc63f70a140dfcdc38d158721bb2fea05e2ddff080",
                "0f54c250419d94dd7290c5b9c272ae1c5ef9a125e32c8fffd922a2f54b507bef"
            ],
            "type": "Script",
            "firstPartyCookies": {},
            "firstPartyCookiesSent": {},
            "exampleSites": [
                "5ch.net",
                "leia.5ch.net",
                "matomeantena.com",
                "www.elog-ch.net",
                "www.eropuru.com",
                "xvideo-jp.com",
                "yaraon-blog.com"
            ]
        },
        {
            "rule": "aaacompany\\.net\\/om\\/mro\\/iframe\\.php",
            "cookies": 0,
            "fingerprinting": 1,
            "subdomains": [
                "srv1"
            ],
            "apis": {
                "Screen.prototype.height": 4,
                "Navigator.prototype.userAgent": 5,
                "Date.prototype.getTime": 7
            },
            "sites": 7,
            "prevalence": 0.0000476,
            "cnames": [],
            "responseHashes": [
                "77feaf1a41c91ae18e43cd54201c825a3dcfe68ccdd07d584c7ae91878b4bbd2",
                "422a4f28427310324a2bdb5dc785a7791b19762b393c4106765ea959c4fa2bb0",
                "a2e3424dcc6461aa08fc70b34fd5e0395b253509073c02c01cd68c4b2ce306e4",
                "486bc13bc1c8951357d93486f9faad1504ebee59654646a0d5a9596b124da5d8",
                "d23f813f61f1dbe3dc172f994e70b4cbd84a44dd23181007ef88abe453ab0661",
                "95fa92de37194e5162e4bd19f998ded0517ad63ed5883a653695d11b5169e107"
            ],
            "type": "Document",
            "firstPartyCookies": {},
            "firstPartyCookiesSent": {},
            "exampleSites": [
                "5ch.net",
                "leia.5ch.net",
                "matomeantena.com",
                "www.elog-ch.net",
                "www.eropuru.com",
                "xvideo-jp.com",
                "yaraon-blog.com"
            ]
        },
        {
            "rule": "aaacompany\\.net\\/om_res\\.php",
            "cookies": 0,
            "fingerprinting": 0,
            "subdomains": [
                "srv1"
            ],
            "apis": {},
            "sites": 15,
            "prevalence": 0.000102,
            "cnames": [],
            "responseHashes": [
                "28c2c54b38c846cd743416276179668e8fd2e7c9dc30c7df63939b4fafa2bd6a",
                "c17e2a873040f2242bc3d62e278c6a27ab300c52ad64e55038c814fed8e4cb5b",
                "7706dc368eb7382d8b7b96c321164309a13f57e0b31a0e212fb9126e57699089",
                "f64e6720203487d77c2db8bdcc2cf069b45dce314bd505d996b9673389635031",
                "791350607fe7102bf9db285607eddfaddb1054976f63710b517b22adea27c2b2",
                "f9173bc75eb2c3ed5b6eeabd44adecd8e6d3715064f44ad8e90cb9cc92b0ceb6",
                "f4321e72f6fd1b705a506db4afd1ca4a0a6f5c29bb5b07978e35e11fa568fbe9",
                "8ac9ac0eb5265614077e72e196833a7c46103baca51b98adb043d7b1ac81f5cb",
                "cb0a7aa525edd829414d05ae69fe4ed96e29fd77febe7611836b4469d6273539",
                "2f0e2957bfb3ac5578e816b53f22d0500898f304d6f6394196d330b1fd32c186",
                "c2b4f494b24f25f69be7ab346d79a451ec946f882032280c9ea78239a413e659",
                "81a637fd1d2805c3d3758757b26a04e3bdd2e78565b40c60336d239ec6929a9f",
                "fe5e05d2f84b8c4df0c661bcdd33ade4d28af94a248be28844a4e017dac9831c"
            ],
            "type": "XHR",
            "firstPartyCookies": {},
            "firstPartyCookiesSent": {},
            "exampleSites": [
                "5ch.net",
                "anime.eroterest.net",
                "erogazou.gallery",
                "itadaki.one",
                "jav.direct",
                "javmix.tv",
                "jp.xero.porn",
                "leia.5ch.net",
                "matomeantena.com",
                "openloadpro.com",
                "www.eropuru.com",
                "www.twi-videos.net",
                "xvideo-jp.com",
                "yaraon-blog.com",
                "zozovideo.com"
            ]
        },
        {
            "rule": "aaacompany\\.net\\/om\\.php",
            "cookies": 0,
            "fingerprinting": 0,
            "subdomains": [
                "s-srv54",
                "s-srv19",
                "srv11",
                "s-srv43",
                "srv112",
                "srv33",
                "s-srv56",
                "s-srv32"
            ],
            "apis": {},
            "sites": 8,
            "prevalence": 0.0000545,
            "cnames": [],
            "responseHashes": [
                "e3b0c44298fc1c149afbf4c8996fb92427ae41e4649b934ca495991b7852b855"
            ],
            "type": "Image",
            "firstPartyCookies": {},
            "firstPartyCookiesSent": {},
            "exampleSites": [
                "eroterest.net",
                "erogazou.gallery",
                "leia.5ch.net",
                "www.eropuru.com",
                "www.twi-videos.net",
                "xvideo-jp.com",
                "yaraon-blog.com",
                "zozovideo.com"
            ]
        },
        {
            "rule": "aaacompany\\.net\\/om\\/sd\\/load\\.js",
            "cookies": 0.0000136,
            "fingerprinting": 1,
            "subdomains": [
                "srv1"
            ],
            "apis": {
                "Navigator.prototype.userAgent": 2,
                "Document.cookie getter": 2,
                "Screen.prototype.height": 2,
                "Date.prototype.getTime": 2,
                "Document.cookie setter": 2
            },
            "sites": 4,
            "prevalence": 0.0000272,
            "cnames": [],
            "responseHashes": [
                "d11737c549e13f04c57aa9ba38a9df2d1251572f1d49dfc9402964ecece50f95",
                "0330d5f3e06327e8de61e4d530d3bd51ec29abe68f10f10a1e824fca32de77a8",
                "102917091c9eae0d860174f9e831f293e486d3e32ace325a1ab5413cefa68f68"
            ],
            "type": "Script",
            "firstPartyCookies": {
                "aaac_sd_ima": {
                    "ttl": 0,
                    "length": 4,
                    "prevalence": 0.000013614147822417056,
                    "uniqueness": 0.5
                }
            },
            "firstPartyCookiesSent": {},
            "exampleSites": [
                "erogazou.gallery",
                "jump.5ch.net",
                "www.twi-videos.net",
                "zozovideo.com"
            ]
        },
        {
            "rule": "aaacompany\\.net\\/om\\/pr\\/a\\/load\\.js",
            "cookies": 0,
            "fingerprinting": 1,
            "subdomains": [
                "srv1"
            ],
            "apis": {
                "Navigator.prototype.userAgent": 4,
                "window.localStorage": 4,
                "Screen.prototype.height": 4,