{
    "domain": "ad-nex.com",
    "owner": {},
    "source": [
        "DuckDuckGo-US"
    ],
    "prevalence": 0.00034,
    "sites": 50,
    "subdomains": [
        "img"
    ],
    "cnames": [],
    "fingerprinting": 1,
    "resources": [
        {
            "rule": "ad-nex\\.com\\/data\\.php",
            "cookies": 0,
            "fingerprinting": 0,
            "subdomains": [],
            "apis": {},
            "sites": 19,
            "prevalence": 0.000129,
            "cnames": [],
            "responseHashes": [
                "e8ad528528693cbe1826f1a79afe535f41f4a338f9c76154544bef480c4c6217",
                "dd95ade3142fb36c2eeb5ed465218ffca921ad64b1139d2d1fed50f6e94ebb5c",
                "e3b0c44298fc1c149afbf4c8996fb92427ae41e4649b934ca495991b7852b855",
                "9e8f9555aa799f27dae09b62e1f52c178723bf8bd3dd8fee5a2d23a542b8517b",
                "a749de59402f75318a8e41c70939fc09ceff8db9ce59c8936e00eec96a4746df",
                "c0db77d3ea0d5ac19b8d6bf9e8ea5daf530772cb7c422e0855b2e26e40fe9604",
                "d5a8f78736b6c9a169b8c69259eb2cbdcead46a217a6720192f2160bbad23be0",
                "ce6edac02879f40a86d9a8db5e19d088365fff1802440ac527327385008e0c94",
                "4cc8781ff6ac2da761bdfe30a1cdb36453d06d344fc0536f19b4a838ba099953",
                "0350db8024e925c960c1a6a7ec416d575e8bf9b7bfa984b3ddd0885b43db4ec8",
                "0d14baed68659fb73d538a24961057972aa3bcc970f7fdfa0b2b38c04d6d7c3d",
                "bc88d2bea03d93703bd044bc6853e447796c666c58f19e6edd1d8602b6694cc0"
            ],
            "type": "Script",
            "firstPartyCookies": {},
            "firstPartyCookiesSent": {},
            "exampleSites": [
                "1000giribest.com",
                "erogazou-choice.com",
                "erogazooo.club",
                "erogazou-pinkline.com",
                "eropasture.com",
                "fightingirl.com",
                "gifruo.com",
                "hobonichielog.com",
                "ita-do.com",
                "jav.direct",
                "javmix.tv",
                "mankist.com",
                "masutabe.info",
                "openloadpro.com",
                "oppaisan.com",
                "puni-puni.com",
                "sugirl.info",
                "www.kanjukumania.com",
                "www.po-kaki-to.com"
            ]
        },
        {
            "rule": "ad-nex\\.com\\/file\\/universal_tag\\/mh9dkuap2vj4\\/uhahzfl2yt8q\\.js",
            "cookies": 0,
            "fingerprinting": 1,
            "subdomains": [
                "img"
            ],
            "apis": {
                "Navigator.prototype.userAgent": 1
            },
            "sites": 2,
            "prevalence": 0.0000136,
            "cnames": [],
            "responseHashes": [
                "3a0f7313bdecb3ac420dd04f6ff24092c973fdf3c77f15f91e968c550a30a42a"
            ],
            "type": "Script",
            "firstPartyCookies": {},
            "firstPartyCookiesSent": {},
            "exampleSites": [
                "eroterest.net",
                "anime.eroterest.net"
            ]
        },
        {
            "rule": "ad-nex\\.com\\/file\\/universal_tag\\/mh9dkuap2vj4\\/uhahzgky18md\\.js",
            "cookies": 0,
            "fingerprinting": 0,
            "subdomains": [
                "img"
            ],
            "apis": {},
            "sites": 2,
            "prevalence": 0.0000136,
            "cnames": [],
            "responseHashes": [
                "6d4c3b62a60ed1ec4c10f11022909de53628068809bdc0a6677f09b28c4203f1"
            ],
            "type": "Script",
            "firstPartyCookies": {},
            "firstPartyCookiesSent": {},
            "exampleSites": [
                "eroterest.net",
                "anime.eroterest.net"
            ]
        },
        {
            "rule": "ad-nex\\.com\\/file\\/universal_tag\\/mg8dnwfoij24\\/ug8dyfkaqf2a\\.js",
            "cookies": 0,
            "fingerprinting": 0,
            "subdomains": [
                "img"
            ],
            "apis": {},
            "sites": 2,
            "prevalence": 0.0000136,
            "cnames": [],
            "responseHashes": [
                "d3e00d29d402b0809917adb6e3ed9521558db29df514c2d9153589559de9eb90"
            ],
            "type": "Script",
            "firstPartyCookies": {},
            "firstPartyCookiesSent": {},
            "exampleSites": [
                "kanjukumania.com",
                "www.kanjukumania.com"
            ]
        },
        {
            "rule": "ad-nex\\.com\\/file\\/universal_tag\\/mg8dnwfoij24\\/ug8dyfkaqf2a\\/sc_ug8dyfnwdzqe\\.js",
            "cookies": 0,
            "fingerprinting": 1,
            "subdomains": [
                "img"
            ],
            "apis": {
                "window.innerHeight": 2
            },
            "sites": 2,
            "prevalence": 0.0000136,
            "cnames": [],
            "responseHashes": [
                "f13a7d778a92b1da9f7ebba243b2eea771aad395894c9c77af916e17f984e038"
            ],
            "type": "Script",
            "firstPartyCookies": {},
            "firstPartyCookiesSent": {},
            "exampleSites": [
                "kanjukumania.com",
                "www.kanjukumania.com"
            ]
        },
        {
            "rule": "ad-nex\\.com\\/file\\/universal_tag\\/mgo0047yjpgw\\/ugo0r22kscpf\\.js",
            "cookies": 0,
            "fingerprinting": 0,
            "subdomains": [
                "img"
            ],
            "apis": {},
            "sites": 2,
            "prevalence": 0.0000136,
            "cnames": [],
            "responseHashes": [
                "e37c8a76ee87d47a35f075b37be6c82d3aff7e928a5b2a05394e668725057ccd"
            ],
            "type": "Script",
            "firstPartyCookies": {},
            "firstPartyCookiesSent": {},
            "exampleSites": [
                "nukistream.com",
                "www.nukistream.com"
            ]
        },
        {
            "rule": "ad-nex\\.com\\/file\\/universal_tag\\/mgo0047yjpgw\\/ugyhuwomn7sc\\.js",
            "cookies": 0,
            "fingerprinting": 0,
            "subdomains": [
                "img"
            ],
            "apis": {},
            "sites": 2,
            "prevalence": 0.0000136,
            "cnames": [],
            "responseHashes": [
                "81ccf0dc9079fe864aec8a9f7d3ca961617746cfa3750c13f0eb2e5ecafbd4f8"
            ],
            "type": "Script",
            "firstPartyCookies": {},
            "firstPartyCookiesSent": {},
            "exampleSites": [
                "nukistream.com",
                "www.nukistream.com"
            ]
        },
        {
            "rule": "ad-nex\\.com\\/file\\/universal_tag\\/mgo0047yjpgw\\/ugyhuwomn7sc\\/sc_ugyhux9egh9a\\.js",
            "cookies": 0,
            "fingerprinting": 1,
            "subdomains": [
                "img"
            ],
            "apis": {
                "window.innerHeight": 2
            },
            "sites": 2,
            "prevalence": 0.0000136,
            "cnames": [],
            "responseHashes": [
                "09aec2ce6cea45bfe18d1f21401917e91d3444a02407f9a75c178e9ce737a96f"
            ],
            "type": "Script",
            "firstPartyCookies": {},
            "firstPartyCookiesSent": {},
            "exampleSites": [
                "nukistream.com",
                "www.nukistream.com"
            ]
        },
        {
            "rule": "ad-nex\\.com\\/file\\/universal_tag\\/mfsbofd08yaf\\/ug4w0a4mde8k\\.js",
            "cookies": 0,
            "fingerprinting": 0,
            "subdomains": [
                "img"
            ],
            "apis": {},
            "sites": 2,
            "prevalence": 0.0000136,
            "cnames": [],
            "responseHashes": [
                "41032d03edf3843dea47d775ee37c5035ef3ad3187f9219e5304105aa1f53cc1"
            ],
            "type": "Script",