{
    "domain": "adcalls.nl",
    "owner": {},
    "source": [
        "DuckDuckGo-NL"
    ],
    "prevalence": 0.00171,
    "sites": 17,
    "subdomains": [
        "api",
        "script"
    ],
    "cnames": [],
    "fingerprinting": 1,
    "resources": [
        {
            "rule": "adcalls\\.nl\\/API\\/v3\\/createCookie\\.json",
            "cookies": 0,
            "fingerprinting": 0,
            "subdomains": [
                "api"
            ],
            "apis": {},
            "sites": 16,
            "prevalence": 0.00161,
            "cnames": [],
            "responseHashes": [
                "af31b0c4635ccecd2630f1e5d18e46297da8928a3e318e6dfeca64722d10c619",
                "ae9eca7f1201d41e98d43476c841b485076fa81c8d60223ca1a1c174b9e7e445",
                "8f100c9398313d320ad997850e70f029d2b0989d91b2dee3037e06d7603797b6",
                "fd0141b0b666bff12bf135aed154b2df4a25bf57f3907b385dd43492a478c1a1",
                "4e3b8620f1d08a02d477b9a1fea44b3428afb6510eb1e354d04a8f980c3046ad",
                "c743398950e36edb4dbe68b1af7ec330abd8f23f7dcf01a00a8c62e6b93622d9",
                "e03d6f950ae8080d01ad993c3f920debbb966f53796bf7eb9a9f7bae4e7101a2",
                "e948774422b59a3ba3af1f386d2ef76201ad42be94b2411ce601e9dbe0f1eea3",
                "cd3ddd12dd95782e96fcffe2f0f58c8ca835ed79e20c6b9e92963a671c759698",
                "fab76929ac4bfd8a73fc80e67a80a42fc8d1104cc7b4facd918b0574eb1d9981",
                "28885b3b274a5a1fbe25c25db6ba442f0208ed8249ea57697c6c46a5d91d07a7",
                "1cfa36ae5dd0cbabf17911b6a0681982a869a47601eebaaec3ad9b4783d09740",
                "32f04c13a418e37945a92323bcadc1ef2da1ea496858c8ed643bb21fa3365b0c",
                "144452aeff847324d7299519a5d7d71a29f356a0b9acc296a800e1aa1b0c0b48"
            ],
            "type": "XHR",
            "firstPartyCookies": {},
            "firstPartyCookiesSent": {
                "_ga": 0.0018077734257306419,
                "_fbp": 0.00040172742794014263
            },
            "exampleSites": [
                "beestjeskwijt.nl",
                "degebitskliniek.nl",
                "fysiotherapie4all.nl",
                "inloggen.eneco.nl",
                "www.avis.nl",
                "www.das.nl",
                "www.dela.nl",
                "www.eneco.nl",
                "www.fonteyn.nl",
                "www.glas.nl",
                "www.kozijnshop.nl",
                "www.philadelphia.nl",
                "www.prescan.nl",
                "www.vanmossel.nl",
                "www.velthuiskliniek.nl",
                "www.wensink.nl"
            ]
        },
        {
            "rule": "adcalls\\.nl\\/API\\/v3\\/getNumbers\\.json",
            "cookies": 0,
            "fingerprinting": 0,
            "subdomains": [
                "api"
            ],
            "apis": {},
            "sites": 4,
            "prevalence": 0.000402,
            "cnames": [],
            "responseHashes": [
                "a938831c1a5334c56c78baa11893a1747f765ac91faadfc3a9a444c2354add9f",
                "9426c4c564e48d02062a5fb658439ec7728afaa7f775f8c0ba33a45801501122",
                "e1d05777e37f28e5969d2576b9b9edcfe90c8aa2691a40aa83dfbc16ed6722b7"
            ],
            "type": "XHR",
            "firstPartyCookies": {},
            "firstPartyCookiesSent": {
                "_ga": 0.00040172742794014263,
                "adcalls_visitor_id": 0.00010043185698503566
            },
            "exampleSites": [
                "beestjeskwijt.nl",
                "degebitskliniek.nl",
                "www.vanmossel.nl",
                "www.velthuiskliniek.nl"
            ]
        },
        {
            "rule": "adcalls\\.nl\\/API\\/v3\\/getNumbers\\.json",
            "cookies": 0,
            "fingerprinting": 0,
            "subdomains": [
                "api"
            ],
            "apis": {},
            "sites": 4,
            "prevalence": 0.000402,
            "cnames": [],
            "responseHashes": [],
            "type": "Preflight",
            "firstPartyCookies": {},
            "firstPartyCookiesSent": {
                "_ga": 0.00040172742794014263,
                "adcalls_visitor_id": 0.00010043185698503566
            },
            "exampleSites": [
                "beestjeskwijt.nl",
                "degebitskliniek.nl",
                "www.vanmossel.nl",
                "www.velthuiskliniek.nl"
            ]
        },
        {
            "rule": "adcalls\\.nl\\/e907d5da-14dc-4967-b180-03e37a3022be\\.js",
            "cookies": 0.000201,
            "fingerprinting": 1,
            "subdomains": [
                "script"
            ],
            "apis": {
                "Date.prototype.getTime": 2,
                "Document.cookie setter": 2,
                "Document.cookie getter": 2
            },
            "sites": 2,
            "prevalence": 0.000201,
            "cnames": [],
            "responseHashes": [
                "c9013a69cf664058a28dfc5e698b0ccc4cfd4995176e317aa320193e022dd96f"
            ],
            "type": "Script",
            "firstPartyCookies": {
                "excludecalltracking": {
                    "ttl": null,
                    "length": 1,
                    "prevalence": 0.00020086371397007131,
                    "uniqueness": 0.5
                }
            },
            "firstPartyCookiesSent": {},
            "exampleSites": [
                "eneco.nl",
                "www.eneco.nl"
            ]
        }
    ],
    "categories": [],
    "performance": {},
    "cookies": 0.00161,
    "topInitiators": [
        {
            "domain": "googletagmanager.com",
            "prevalence": 0.5909090909090909
        },
        {
            "domain": "first party",
            "prevalence": 0.3181818181818182
        },
        {
            "domain": "azure.com",
            "prevalence": 0.045454545454545456
        },
        {
            "domain": "instana.io",
            "prevalence": 0.045454545454545456
        }
    ],
    "types": {
        "XHR": 20,
        "Preflight": 4,
        "Script": 2
    },
    "nameservers": [
        "ns01.nexthost.nl",
        "ns02.nexthost.nl"
    ]
}