{
    "domain": "adnuntius.delivery",
    "owner": {},
    "source": [
        "DuckDuckGo-NO"
    ],
    "prevalence": 0.00835,
    "sites": 83,
    "subdomains": [
        "ads"
    ],
    "cnames": [],
    "fingerprinting": 0,
    "resources": [
        {
            "rule": "adnuntius\\.delivery\\/i",
            "cookies": 0.00794,
            "fingerprinting": 0,
            "subdomains": [
                "ads"
            ],
            "apis": {},
            "sites": 80,
            "prevalence": 0.00804,
            "cnames": [],
            "responseHashes": [
                "54a5fcb862be19ce4c52aefb65012abd025830e9a9c0a43a1ce51e972f493026",
                "bea4d0709639e50da04e64e9ca90e48b65db13e4926ca4f7ff90609892c7e7e3",
                "1c34ae4bb03c97bde56a156c42caa984ab7e3d4f254ba15a02c044d9924433c8",
                "43abfbc88f5bf56485df70fdacd49f8d3cf3f7243d1dbca61b53f2d8a13b8167",
                "771a8a26dbd6afe8e08eb4267e180f85443d540808c7e6b36ce792cbef8f8434",
                "6893c2ae8cabac1e2aae9272252e700bde2814b4ef89ff7f103cb4e6f5987943",
                "73f11b0cef22bc63972ba3e1f15ccf1588abb4a1ad597db443fd6693230f293c",
                "6abb9e71d1af9829e9537bb5bf0b8729415da1454ff38674a703a67e5532924e",
                "3ff7d663f1be209a673c22a8238bee31611582ab2158a2751574be0dcd7444ab",
                "f8849b6e1ef202ddc2ae4dcc6836f36f0a193cf60901e9f5c7a858de671dd206",
                "77e5382a7e5067d299ebec5b8356f8f7868b7ec72babdd98971a53b69d72d28c",
                "33abf78b55ccebc7073a3bf18be2e7e092bcec88e6f07644f6246e42487beaf4",
                "438b38cc149c07fbb714f6c457793dfba36c6fd46246830ab98d2ed20679d0a1",
                "c4b4266bbeeba9d390d9336d18e81a2455e5e20a887ac9adce49826b09fc2f0c",
                "19a2875bc2d1df97344fab781c00811401b1bc2287e0fb685d252c9060aa9a12",
                "8ff058abfa395a9aa5ffb7c057d6e7fa7b3828a4a5881048291d56cbad6ff16b",
                "1282012ae98dc50220f8636c9befc4903c2e59d194d202c985173e9305815962",
                "989f0eb98d817b740db5be79f5ea486beacef93a866653c4a079c03ddf13762b",
                "8b5f4f4861606abc63a514e19ef7c36feb3226fe468b31d52b3946487815fe97",
                "0854169563f801042a608aab440f3352c6fe0d6c50169324fd1807de9d006d53",
                "b7f6ff8cdb6dbf617e1e6c45733e0edb23baa69bba3cce19431ca93f365ddb59",
                "f8aa16b317c1dff4ecd92527f40f124820471bb775d437695a0f60c8aac7dd7c",
                "a69363c5b7edda89621f94dd4aa65117786c521e4cac09d7c596fbe26240798b",
                "6543db3621f3f9cd4995e3db6e0bf879d25542fe3f93cd1cc8828e1fa7c5fd48",
                "59aae7111bf94241124bf252dc551cdceb572f72a6b1885a3a7967a2aa9efd21",
                "bc1f5b883a8896c3c9df83066b962d9558b7bcb38ff4439807ad25f60d87c063",
                "dc37570ce8518ee3d064d72c350c3fba87b276a24cb7f780044196bae9f7273b",
                "b8a24da222dedd5513e89b433a92d467aa707128f0efbd7bdf1b10c05aeedb30",
                "4a622d4cc0a9f8bff3eb7a5240acaf8cef2741d7581a317855e1a69411d75139",
                "f7e3ad569a4bbcf234083be95a1b080ef274ed0ba4254db28eddd275091cf092",
                "e3f16caba12af649bbd545483c6ef668193c243c5b72460d7ecfc018cff6c707",
                "46b28475f734675432d6d2013da17b84e9c6478fff69eb00f50f87285423ad86",
                "48793e4d0f950ccd11117af35053d6bb9947674c36f3f921cf7f71e88148da0d",
                "1c8813f11f5d813de962aeb599e1f880ca91fc6e6125c2ca7db7adeba6dbe5cd",
                "3fc81492b5fb57d05e9b886b0ebcf7e06bfa524b2401ed7f5f2814fab7e6178f",
                "9883f02d80fbc9a16784be2d3eeeab348476a5d3c9fc94fbba44e44478635a5d",
                "526ca4c8c44c25406f70ef2a6b1134e879284251d6f6fd5d21b5a46f7e307e11",
                "3b4e706525331b01b6a35931c66e1f11a70518aabdfe4b54521d52567698ceaf",
                "0f0d4bacca90f8543d50d7a270eff4ddb600a513b27da281043a3da1d49a7640",
                "c45e6b681ebbe364164ef2110bf4376d3d84e385248bceb74e92c97aaae58e9c",
                "22c656a9711c28b4a4a5d3288756b1b295346ea8521c41895bdc5d26852cac5d",
                "892686168c3c1aee496576de8dd7af4282a13b42269b163430f7f1dd1a512432",
                "2cf54fe9841fd260e4ebca2017c6059a67d75d1fb2588403c55aca03ab664f93",
                "8f759accefab86bc68e98935edfc88721a8c428461da0db576256abb8cd033b3",
                "4831a12b1092662b13650c5da05e723fa0e02dfa5d95019a3cbecc95fa0bdb1e",
                "f0873559304f8dd88eb9fb4c79d249af685bce2f6cf82900852b41882baa2ff4",
                "140476d869efc67790127d2adffc65f15d758e102fce03610012cfd8e44bbc7b",
                "2cb0034123c55dcc22e203accafe4e1cd9c3c8ac082f2a538b01bdac703bd501",
                "5b14179bb4bb6bd5e052fbccb9a4ed873bb4efa7450fa2bf1e196bc81f249507",
                "e048cd75b69b8a32e02815fbb93341a5f9114f823e047fb322e083f003ed5e08",
                "dfa4aea77d15c5f19ed155bd1e326622ff86f27d6b54f924607cf786c71a32e0",
                "fba9ce98b7eb09316c03f955382551ca700909a19e40f433fe7892c0cb2ed581",
                "c8ac1df9674d328c0e03d5bed4c9defa2284db5f73e7ae2dcb2f7f6421f5d777",
                "55334627cc3e6862de14619bf3e73005e1798a4077d3cc2c46fc0f5c68242a63",
                "ecd14cc5cf876ce1a97ceae9f584755884da519b60609efb947c611c846d516c",
                "b6764a037131d809b383a01ab4fa744ddd4344bb3da706eb781a59458aeee96f",
                "f744e63cd0022b4632802b964aa77b658b3021c7c2371277fde0732de66c9441",
                "fa944f15084cdb705eea950ab16bd3486260c5876eee2a4afeb6c88bd97402a9",
                "cb5d4ef3b2dea7b9aced04d7954d1a85808890c2f36d11c8d3a5a58d035914a8",
                "96dacbcd8ce35352b55a45f734232eb0c56bf18c012c8570c1ca444bc6e6112c",
                "1ab3e4613d2c9b8e798121b8e61a17088fff7c8d021fc8f12ac27980765ed6ff",
                "121f9a734d1fba190ed24e9f86e09eb484b3aa265785202b4a1b84ebc739cd79",
                "984e7aa99a0aba759d54d1123a2695b5b7096b827f74c028edd754c7f3cf116a",
                "8de4926382f709d8569c90eebfbd287fedff24a424a903a162ae2faf05b27fb8",
                "4b98f1cce5b3463552151220599305b30c5325e1133efc950bb3228d203bfca5",
                "e052cf4bc0ad25803b250088e8d090c146476e29a22e062021efeb0376d012f4",
                "3b55fde546e8f291d94e73391719e92753a85c6ac70d0c170e11c5ca3c9482b4",
                "06c005a2f3b49b81f792d6a5a4df3f37cada1a3e34b1a737154820a66a7882ea",
                "854a4b1932ad0bc498abce190c7af5461c8dd2b5903360b8245c40cc4b899675",
                "6118f86736784e464611242f8dd1b982f03a50b113455501d02038b359f5180a",
                "85bf1e06d4b025cb59b9195e41b8a934f5cc5bbabd015466fbd20478d73ee017",
                "64ad06b863010a61ec004c476828a05e92d46d2be1240da1a4556e946bd31ee7",
                "0c3a8b5d7486f997e270aa410c317cc13fd478079b6ba3532f3719ea364ba03d",
                "7b2c57c7fa7d6dc8ed4a101c91730154afc4fd941ce9814e001f8614264aeb64",
                "c28de6204b62c9ba27c35dd5cebd3971c885bd6fd8a4833a8fb689ba1fa71c85",
                "36d674a7eb4aa5fd0e09669cfc9cba6893fc9eb7daa0fcdcd75f9393b610c869",
                "dfa02816760e461c120f11f7959f3de1fb5946597242b6a8d16e62fba211ab09",
                "e138c193bb097067bd18f737ec26adf17f31721440e8557def0bebc49ad90c39"
            ],
            "type": "XHR",
            "firstPartyCookies": {},
            "firstPartyCookiesSent": {},
            "exampleSites": [
                "www.f-b.no",
                "www.sandnesposten.no",
                "www.nidaros.no",
                "www.ringblad.no",
                "www.ringsaker-blad.no",
                "www.sognavis.no",
                "www.noblad.no",
                "www.ranablad.no",
                "forskning.no",
                "www.ao.no",
                "www.sb.no",
                "www.nordlys.no",
                "www.pd.no",
                "www.ifinnmark.no",
                "www.ba.no",
                "www.trollheimsporten.no",
                "www.gardsdrift.no",
                "www.gjengangeren.no",
                "www.rb.no",
                "www.bygdeposten.no"
            ]
        }
    ],