{
    "domain": "adpicker.net",
    "owner": {},
    "source": [
        "DuckDuckGo-US"
    ],
    "prevalence": 0.000225,
    "sites": 33,
    "subdomains": [
        "cdn",
        "bid",
        "log",
        "indexing"
    ],
    "cnames": [],
    "fingerprinting": 1,
    "resources": [
        {
            "rule": "adpicker\\.net\\/ads\\/main\\.js",
            "cookies": 0,
            "fingerprinting": 1,
            "subdomains": [
                "cdn"
            ],
            "apis": {
                "Navigator.prototype.userAgent": 13
            },
            "sites": 13,
            "prevalence": 0.0000885,
            "cnames": [],
            "responseHashes": [
                "bbf84d925f8e8c48d45cb51db226c85fe7613a963bbdd29d20122c4c534ad149"
            ],
            "type": "Script",
            "firstPartyCookies": {},
            "firstPartyCookiesSent": {},
            "exampleSites": [
                "bunshun.jp",
                "gameinn.jp",
                "getnews.jp",
                "mikle.jp",
                "onayamifree.com",
                "tocana.jp",
                "www.cyzowoman.com",
                "www.excite.co.jp",
                "www.inter-edu.com",
                "www.mapple.net",
                "www.oricon.co.jp",
                "www.sponichi.co.jp",
                "www.travel.co.jp"
            ]
        },
        {
            "rule": "adpicker\\.net\\/bid",
            "cookies": 0.0000885,
            "fingerprinting": 0,
            "subdomains": [
                "bid"
            ],
            "apis": {},
            "sites": 13,
            "prevalence": 0.0000885,
            "cnames": [],
            "responseHashes": [
                "0498db506d8a81f880d1a681a6c9d9902e20cdb7d26c7cd3314f455bf8562bab",
                "fa29c0c3e5621540bd48316729d72fd5d45a22121b5e403d0fefdc41b6256ad6",
                "97a29146783808c2a7baad99f81aa52742fbc2c9bda7b6f34a3e8eced7519682",
                "521231e9bec1783364f7de534f8d44bd4dccd476ce8ea124ce679ab01279bb35",
                "b1a48b0d606bfafa61ae0525ae739f6590d651c038c724501f7ed0590a9bc7b0",
                "8c532457b0caf20f1056a9fd81c991219b1b342542d3b707e15211c339a9d76f",
                "090f3c7d526e3f84f105133c6c7017973e73cf5a4a06c9d3f6640f87b30ee78b",
                "29dcdee9f45f8ea39add8960d8536f19dc8a1dae1aa4d71b22ebede0b974d94d",
                "4d20a10547ea0e2091fc931f86858294352a33b299d277727827cebe9aad66ae",
                "c61ab8806470cccbee7ce398def48a83d91cd4cc163a2343ff7202a603a9ba20",
                "f33be90967fa1e4d305d11e9add92492259cbe35b8fc9815a26e65a04ab7074c"
            ],
            "type": "XHR",
            "firstPartyCookies": {},
            "firstPartyCookiesSent": {},
            "exampleSites": [
                "bunshun.jp",
                "gameinn.jp",
                "getnews.jp",
                "mikle.jp",
                "onayamifree.com",
                "tocana.jp",
                "www.cyzowoman.com",
                "www.excite.co.jp",
                "www.inter-edu.com",
                "www.mapple.net",
                "www.oricon.co.jp",
                "www.sponichi.co.jp",
                "www.travel.co.jp"
            ]
        },
        {
            "rule": "adpicker\\.net\\/bid",
            "cookies": 0,
            "fingerprinting": 0,
            "subdomains": [
                "bid"
            ],
            "apis": {},
            "sites": 13,
            "prevalence": 0.0000885,
            "cnames": [],
            "responseHashes": [],
            "type": "Preflight",
            "firstPartyCookies": {},
            "firstPartyCookiesSent": {},
            "exampleSites": [
                "bunshun.jp",
                "gameinn.jp",
                "getnews.jp",
                "mikle.jp",
                "onayamifree.com",
                "tocana.jp",
                "www.cyzowoman.com",
                "www.excite.co.jp",
                "www.inter-edu.com",
                "www.mapple.net",
                "www.oricon.co.jp",
                "www.sponichi.co.jp",
                "www.travel.co.jp"
            ]
        },
        {
            "rule": "adpicker\\.net\\/view",
            "cookies": 0.0000613,
            "fingerprinting": 0,
            "subdomains": [
                "log"
            ],
            "apis": {},
            "sites": 9,
            "prevalence": 0.0000613,
            "cnames": [],
            "responseHashes": [
                "d346801abbf9bb4e9e9a055239053d4ab5596514304f601a6c70604187acb744"
            ],
            "type": "Image",
            "firstPartyCookies": {},
            "firstPartyCookiesSent": {},
            "exampleSites": [
                "bunshun.jp",
                "gameinn.jp",
                "mikle.jp",
                "onayamifree.com",
                "www.cyzowoman.com",
                "www.excite.co.jp",
                "www.oricon.co.jp",
                "www.sponichi.co.jp",
                "www.travel.co.jp"
            ]
        },
        {
            "rule": "adpicker\\.net\\/ads\\/keywords\\.js",
            "cookies": 0,
            "fingerprinting": 0,
            "subdomains": [
                "cdn"
            ],
            "apis": {},
            "sites": 9,
            "prevalence": 0.0000613,
            "cnames": [],
            "responseHashes": [
                "f93ccb48db50509e4bf05ebce04d70c72a6da3088abf886f87b6491185e75ae3"
            ],
            "type": "Script",
            "firstPartyCookies": {},
            "firstPartyCookiesSent": {},
            "exampleSites": [
                "cancam.jp",
                "dime.jp",
                "domani.shogakukan.co.jp",
                "hugkum.sho.jp",
                "kufura.jp",
                "oggi.jp",
                "precious.jp",
                "serai.jp",
                "www.biteki.com"
            ]
        },
        {
            "rule": "adpicker\\.net\\/keywords",
            "cookies": 0,
            "fingerprinting": 0,
            "subdomains": [
                "bid"
            ],
            "apis": {},
            "sites": 9,
            "prevalence": 0.0000613,
            "cnames": [],
            "responseHashes": [
                "697369fc256cc2607fdf03c103b20235b9c2811ed395c5504d4cd114e1d31373"
            ],
            "type": "XHR",
            "firstPartyCookies": {},
            "firstPartyCookiesSent": {},
            "exampleSites": [
                "cancam.jp",
                "dime.jp",
                "domani.shogakukan.co.jp",
                "hugkum.sho.jp",
                "kufura.jp",
                "oggi.jp",
                "precious.jp",
                "serai.jp",
                "www.biteki.com"
            ]
        },
        {
            "rule": "adpicker\\.net\\/keywords",
            "cookies": 0,
            "fingerprinting": 0,
            "subdomains": [
                "bid"
            ],
            "apis": {},
            "sites": 9,
            "prevalence": 0.0000613,
            "cnames": [],
            "responseHashes": [],
            "type": "Preflight",
            "firstPartyCookies": {},
            "firstPartyCookiesSent": {},
            "exampleSites": [
                "cancam.jp",
                "dime.jp",
                "domani.shogakukan.co.jp",
                "hugkum.sho.jp",
                "kufura.jp",
                "oggi.jp",
                "precious.jp",
                "serai.jp",
                "www.biteki.com"
            ]
        },
        {
            "rule": "adpicker\\.net\\/record",
            "cookies": 0,
            "fingerprinting": 0,
            "subdomains": [
                "indexing"
            ],
            "apis": {},
            "sites": 2,
            "prevalence": 0.0000136,
            "cnames": [],