{
    "domain": "adsdefender.com",
    "owner": {},
    "source": [
        "DuckDuckGo-DE"
    ],
    "prevalence": 0.000703,
    "sites": 7,
    "subdomains": [
        "cdn"
    ],
    "cnames": [],
    "fingerprinting": 1,
    "resources": [
        {
            "rule": "adsdefender\\.com\\/oti\\.js",
            "cookies": 0,
            "fingerprinting": 0,
            "subdomains": [
                "cdn"
            ],
            "apis": {},
            "sites": 7,
            "prevalence": 0.000703,
            "cnames": [],
            "responseHashes": [
                "9aa6ba836b71e802a596fc15440428b5a07665af37f6b1c0e5ed764b2a039900",
                "f5768668b5a08a67465c9182b3d95b4a6a109cb3089e76b89cf012a94fd3ff2e",
                "acc61a8a58f8a67218a5f8160e05259cf2d21a8d83030ac6bde3a505fc3c1a81",
                "27aad62f73ac54cbc51e1a75344ec8d18f9885f6dcc45a75f7a92eb57c10685d",
                "30079709b266439073a05fce6ec1a29e012956e58dade762d28207c05fa70cc9",
                "57e1612d87f9c6d3a19525c4117beb99b7990ec3b3fd2b449ae70fe190576565"
            ],
            "type": "Script",
            "firstPartyCookies": {},
            "firstPartyCookiesSent": {},
            "exampleSites": [
                "woom.com",
                "www.adlermode.com",
                "www.gerryweber.com",
                "www.hawesko.de",
                "www.hoseonline.de",
                "www.street-one.de",
                "zattoo.com"
            ]
        },
        {
            "rule": "adsdefender\\.com\\/ivy\\.js",
            "cookies": 0.000703,
            "fingerprinting": 1,
            "subdomains": [
                "cdn"
            ],
            "apis": {
                "Document.cookie getter": 7,
                "Navigator.prototype.language": 7,
                "Navigator.prototype.cookieEnabled": 7,
                "Screen.prototype.height": 7,
                "Screen.prototype.width": 7,
                "Document.cookie setter": 7
            },
            "sites": 7,
            "prevalence": 0.000703,
            "cnames": [],
            "responseHashes": [
                "b205d62617372731dffed8483ca429050576e57f84a7ee50c1ce45f98285f58c"
            ],
            "type": "Script",
            "firstPartyCookies": {
                "_HCT_": {
                    "ttl": 2,
                    "length": 1,
                    "prevalence": 0.0007028112449799197,
                    "uniqueness": 0.14285714285714285
                },
                "_HC_v5692": {
                    "ttl": 1802,
                    "length": 29,
                    "prevalence": 0.00010040160642570282,
                    "uniqueness": 1
                },
                "_HC_v6278": {
                    "ttl": 303,
                    "length": 29,
                    "prevalence": 0.00010040160642570282,
                    "uniqueness": 1
                },
                "_HC_v6228": {
                    "ttl": 306,
                    "length": 29,
                    "prevalence": 0.00010040160642570282,
                    "uniqueness": 1
                },
                "_HC_v6040": {
                    "ttl": 304,
                    "length": 29,
                    "prevalence": 0.00010040160642570282,
                    "uniqueness": 1
                },
                "_HC_v6280": {
                    "ttl": 302,
                    "length": 29,
                    "prevalence": 0.00010040160642570282,
                    "uniqueness": 1
                },
                "_HC_v6208": {
                    "ttl": 309,
                    "length": 29,
                    "prevalence": 0.00010040160642570282,
                    "uniqueness": 1
                },
                "_HC_v6246": {
                    "ttl": 303,
                    "length": 29,
                    "prevalence": 0.00010040160642570282,
                    "uniqueness": 1
                }
            },
            "firstPartyCookiesSent": {},
            "exampleSites": [
                "woom.com",
                "www.adlermode.com",
                "www.gerryweber.com",
                "www.hawesko.de",
                "www.hoseonline.de",
                "www.street-one.de",
                "zattoo.com"
            ]
        },
        {
            "rule": "adsdefender\\.com\\/ot",
            "cookies": 0.000703,
            "fingerprinting": 0,
            "subdomains": [
                "cdn"
            ],
            "apis": {},
            "sites": 7,
            "prevalence": 0.000703,
            "cnames": [],
            "responseHashes": [
                "8b6f93c5949a7e44306cc0268633a6232f22d8f0a1b2f689652e05c58bae7d67",
                "1b7d33391d2dd9df3df1101d53e65f61201f32594aec8e7e4aefb1e29e4e356e",
                "0895037873ed653f06ac44c6b23b7226f8d889c071acbd394f9343670293bcd6",
                "bcc0e2fee1a20c48caf73cbbce4db8c5ad1ac81808cbf6cf1f3517aedbe2fdfb",
                "9b694565b74afb147a4186a5fdef6a20a89ef120bc24aecea214870d46ba0d93",
                "ea45025b2ecbeb1158461a65ae463cd22b01ab1fae199d0c89df89d4c1fbe90f"
            ],
            "type": "Script",
            "firstPartyCookies": {},
            "firstPartyCookiesSent": {},
            "exampleSites": [
                "woom.com",
                "www.adlermode.com",
                "www.gerryweber.com",
                "www.hawesko.de",
                "www.hoseonline.de",
                "www.street-one.de",
                "zattoo.com"
            ]
        }
    ],
    "categories": [],
    "performance": {},
    "cookies": 0.000703,
    "topInitiators": [
        {
            "domain": "googletagmanager.com",
            "prevalence": 0.5
        },
        {
            "domain": "first party",
            "prevalence": 0.5
        }
    ],
    "types": {
        "Script": 21
    },
    "nameservers": [
        "ns-267.awsdns-33.com",
        "ns-899.awsdns-48.net",
        "ns-1234.awsdns-26.org",
        "ns-1847.awsdns-38.co.uk"
    ]
}