{
    "domain": "advertnative.com",
    "owner": {},
    "source": [
        "DuckDuckGo-US"
    ],
    "prevalence": 0.000116,
    "sites": 17,
    "subdomains": [
        "click"
    ],
    "cnames": [],
    "fingerprinting": 0,
    "resources": [
        {
            "rule": "advertnative\\.com\\/loading\\/",
            "cookies": 0,
            "fingerprinting": 0,
            "subdomains": [
                "click"
            ],
            "apis": {},
            "sites": 16,
            "prevalence": 0.000109,
            "cnames": [],
            "responseHashes": [
                "0e051090142b6484c57565ba6c16e3f73339b549d3751eeab8a38bb139731c37",
                "36a9e7f1c95b82ffb99743e0c5c4ce95d83c9a430aac59f84ef3cbfab6145068",
                "a2a3edd0a9edf8d255b71cef32ad31578e3eacea41b281667a68d04c1d623efd",
                "6ccb967706cddb04627de604ae40570d9b385568bb700e00e3f151f26a4787d2",
                "889cd505c14c126a099672fab9ae806c79ced03903a0e62dac1233af731fa664",
                "019cb49b70bb106e5420d07772e316e976b21607fdc25f08ec512e0087b6615c",
                "36d93b4fc5edc04370917709ef4d6b83bac980a655c29fd941d79c2632fab3ee",
                "a23648796e84ba1e8e32c2eb282dcca769b9a81a8ff157943c401a76b70e91a3",
                "3137f408284761e03ed897ebcc4f2806524154527437be1374322bf3ca75a870",
                "4ba857ed2da8608df668e73e61236f901411e3a296b3eb34ab81f3aec0765bec",
                "d37e364443edb155fa0ae04ffff2b5e9457329f6f3c3ea61577a34b8aa892a2b",
                "ff51cebbadf952dd016a1b4f9b8864f7f9177ed0d9db0899229c95a0d3c750e8"
            ],
            "type": "Script",
            "firstPartyCookies": {},
            "firstPartyCookiesSent": {},
            "exampleSites": [
                "tempo.co",
                "dunia.tempo.co",
                "m.brilio.net",
                "metro.tempo.co",
                "mojok.co",
                "nasional.tempo.co",
                "www.ayobandung.com",
                "www.ayocirebon.com",
                "www.bonsernews.com",
                "www.brilio.net",
                "www.haibunda.com",
                "www.hitekno.com",
                "www.hops.id",
                "www.matakita.id",
                "www.sewaktu.com",
                "www.tudepoin.com"
            ]
        },
        {
            "rule": "advertnative\\.com\\/storage\\/logo\\/all_an_white_4\\.png",
            "cookies": 0,
            "fingerprinting": 0,
            "subdomains": [],
            "apis": {},
            "sites": 14,
            "prevalence": 0.0000953,
            "cnames": [],
            "responseHashes": [
                "eb0d12d2937d2ddc431cae68c1b3133bf500a838940bf287acb620267e9c7d31"
            ],
            "type": "Image",
            "firstPartyCookies": {},
            "firstPartyCookiesSent": {},
            "exampleSites": [
                "tempo.co",
                "dunia.tempo.co",
                "metro.tempo.co",
                "mojok.co",
                "nasional.tempo.co",
                "www.ayobandung.com",
                "www.ayocirebon.com",
                "www.bonsernews.com",
                "www.brilio.net",
                "www.haibunda.com",
                "www.hops.id",
                "www.matakita.id",
                "www.sewaktu.com",
                "www.tudepoin.com"
            ]
        }
    ],
    "categories": [],
    "performance": {},
    "cookies": 0,
    "topInitiators": [
        {
            "domain": "first party",
            "prevalence": 0.9393939393939394
        },
        {
            "domain": "doubleclick.net",
            "prevalence": 0.06060606060606061
        }
    ],
    "types": {
        "Script": 16,
        "Image": 14
    },
    "nameservers": [
        "ns29.domaincontrol.com",
        "ns30.domaincontrol.com"
    ]
}