{
    "domain": "adxpremium.services",
    "owner": {},
    "source": [
        "DuckDuckGo-AU"
    ],
    "prevalence": 0.00151,
    "sites": 15,
    "subdomains": [
        "rtb",
        "s333"
    ],
    "cnames": [],
    "fingerprinting": 0,
    "resources": [
        {
            "rule": "adxpremium\\.services\\/openrtb2\\/auction",
            "cookies": 0,
            "fingerprinting": 0,
            "subdomains": [
                "rtb"
            ],
            "apis": {},
            "sites": 15,
            "prevalence": 0.00151,
            "cnames": [],
            "responseHashes": [
                "57830f338ffdad19f0249c1914059540d1f8edf9d20cd554cb939ae04484f470",
                "53262595b0e74a34ee0930da48e373bd383bd720ab3eb47ff05b488501a59587",
                "50b03643fe0b90fa1146c91a5dd55ff19a7ecccad71031a08c52a3bc833cace5",
                "2931b65225f8dfb60e25e8606f0f71728b88fe8a4489dba3f8911fae0c94c0fe",
                "40c4a587c6e4f9dd3f333dcd11115fd670c0f843d939d6bdbb53e05bad0a2f91",
                "c927e7f7cd1cee91fd35e2c1ff82b6c23347334f92765143e563fd81463e8907",
                "8b64ac73573076d730f9dc092a827e9241cf630f683b0cc7abdeedfa2084a45b",
                "00de013d5153843a1fc551ebd673ac700ca56fff2ebb13d54574b9a93a83625c",
                "4c1fcdd237368a122b90d4c47a54cf0c2f54281917db121092b10277ce6c8dd5"
            ],
            "type": "XHR",
            "firstPartyCookies": {},
            "firstPartyCookiesSent": {},
            "exampleSites": [
                "5-letter-words.com",
                "ezgif.com",
                "gadgetstouse.com",
                "goodcalculators.com",
                "grammarhow.com",
                "link.pink.rs",
                "rpgbot.net",
                "wahapedia.ru",
                "www.c-sharpcorner.com",
                "www.computerhope.com",
                "www.greatbritishchefs.com",
                "www.greatitalianchefs.com",
                "www.kyivpost.com",
                "www.metric-conversions.org",
                "www.thewindowsclub.com"
            ]
        },
        {
            "rule": "adxpremium\\.services\\/setuid",
            "cookies": 0.000602,
            "fingerprinting": 0,
            "subdomains": [
                "rtb"
            ],
            "apis": {},
            "sites": 6,
            "prevalence": 0.000602,
            "cnames": [],
            "responseHashes": [
                "e3b0c44298fc1c149afbf4c8996fb92427ae41e4649b934ca495991b7852b855"
            ],
            "type": "Image",
            "firstPartyCookies": {},
            "firstPartyCookiesSent": {},
            "exampleSites": [
                "5-letter-words.com",
                "gadgetstouse.com",
                "goodcalculators.com",
                "link.pink.rs",
                "wahapedia.ru",
                "www.c-sharpcorner.com"
            ]
        },
        {
            "rule": "adxpremium\\.services\\/graphql",
            "cookies": 0,
            "fingerprinting": 0,
            "subdomains": [
                "s333"
            ],
            "apis": {},
            "sites": 2,
            "prevalence": 0.000201,
            "cnames": [],
            "responseHashes": [
                "d4624b7c616d39ec564f5b7c6c5bc6b4e5aaddb765556813493ce9092fec226f"
            ],
            "type": "XHR",
            "firstPartyCookies": {},
            "firstPartyCookiesSent": {},
            "exampleSites": [
                "pink.rs",
                "link.pink.rs"
            ]
        },
        {
            "rule": "adxpremium\\.services\\/graphql",
            "cookies": 0,
            "fingerprinting": 0,
            "subdomains": [
                "s333"
            ],
            "apis": {},
            "sites": 2,
            "prevalence": 0.000201,
            "cnames": [],
            "responseHashes": [],
            "type": "Preflight",
            "firstPartyCookies": {},
            "firstPartyCookiesSent": {},
            "exampleSites": [
                "pink.rs",
                "link.pink.rs"
            ]
        }
    ],
    "categories": [],
    "performance": {},
    "cookies": 0.000602,
    "topInitiators": [
        {
            "domain": "adxbid.info",
            "prevalence": 0.5
        },
        {
            "domain": "ezodn.com",
            "prevalence": 0.35714285714285715
        },
        {
            "domain": "stpd.cloud",
            "prevalence": 0.14285714285714285
        }
    ],
    "types": {
        "XHR": 17,
        "Image": 6,
        "Preflight": 2
    },
    "nameservers": [
        "ns-1505.awsdns-60.org",
        "ns-977.awsdns-58.net",
        "ns-2.awsdns-00.com",
        "ns-1931.awsdns-49.co.uk"
    ]
}