{
    "domain": "ahcdn.com",
    "owner": {},
    "source": [
        "DuckDuckGo-US"
    ],
    "prevalence": 0.000837,
    "sites": 123,
    "subdomains": [
        "ip245740122",
        "ip166251504",
        "ip108242364",
        "ip107287645",
        "ip107316477",
        "ip107313115",
        "ip245740990",
        "ip107396561"
    ],
    "cnames": [],
    "fingerprinting": 0,
    "resources": [
        {
            "rule": "ahcdn\\.com\\/key=IDL4IgnVRwIH6q-vbTCp8w,s=,end=1681853657,ip=40\\.117\\.150\\.99,limit=2\\/state=ZD8FKHWW\\/buffer=5000000:1468408,1598\\.8\\/speed=79597\\/reftag=0219583308\\/37\\/102\\/6\\/296826606\\/b\\/000\\/420\\/420608\\/420608\\.mp4",
            "cookies": 0,
            "fingerprinting": 0,
            "subdomains": [
                "ip245740122"
            ],
            "apis": {},
            "sites": 2,
            "prevalence": 0.0000136,
            "cnames": [],
            "responseHashes": [
                "e7cef8dc3884363366200774e6602eebcaf29292a677ffcdf196c915627b0cca"
            ],
            "type": "Media",
            "firstPartyCookies": {},
            "firstPartyCookiesSent": {},
            "exampleSites": [
                "desipapa.pro",
                "www.desipapa.pro"
            ]
        },
        {
            "rule": "ahcdn\\.com\\/key=uL2oQlxHFWrK7VgJFjhaRQ,s=,end=1681901630,ip=40\\.117\\.150\\.99,limit=2\\/state=ZD-BKHWW\\/buffer=5000000:462927,561\\.6\\/speed=71437\\/reftag=0208587822\\/ssd1\\/102\\/9\\/209115609\\/d\\/000\\/028\\/28271\\/28271\\.mp4",
            "cookies": 0,
            "fingerprinting": 0,
            "subdomains": [
                "ip166251504"
            ],
            "apis": {},
            "sites": 2,
            "prevalence": 0.0000136,
            "cnames": [],
            "responseHashes": [
                "c9ac693a8b0b6d4781ff2c16a421696d85898d954636ab92fef2d51023d9f5d6"
            ],
            "type": "Media",
            "firstPartyCookies": {},
            "firstPartyCookiesSent": {},
            "exampleSites": [
                "iwanktv.pro",
                "www.iwanktv.pro"
            ]
        },
        {
            "rule": "ahcdn\\.com\\/key=VnwwpiiDCPZp9Kz6dCEhCw,s=,end=1681902515,ip=40\\.117\\.150\\.99\\/state=ZD-EKHWW\\/buffer=5000000:1137672,371\\.4\\/speed=265463\\/reftag=0172579254\\/16\\/102\\/0\\/31383140\\/166605_video\\.mp4",
            "cookies": 0,
            "fingerprinting": 0,
            "subdomains": [
                "ip108242364"
            ],
            "apis": {},
            "sites": 2,
            "prevalence": 0.0000136,
            "cnames": [],
            "responseHashes": [
                "840d7b01169c67131b2ab3538ee17f12ba56d17f4c2e936f06b6758eb93fe064"
            ],
            "type": "Media",
            "firstPartyCookies": {},
            "firstPartyCookiesSent": {},
            "exampleSites": [
                "kings-porno.com",
                "www.kings-porno.com"
            ]
        },
        {
            "rule": "ahcdn\\.com\\/key=wvTTQy6kkOpRyanP-Fetdw,s=,end=1681853768,ip=40\\.117\\.150\\.99,limit=2\\/state=ZD8GKHWW\\/buffer=5000000:43321,29\\.8\\/speed=125990\\/reftag=0281747492\\/ssd6\\/102\\/8\\/205810858\\/b\\/000\\/095\\/95740\\/95740\\.mp4",
            "cookies": 0,
            "fingerprinting": 0,
            "subdomains": [
                "ip107287645"
            ],
            "apis": {},
            "sites": 2,
            "prevalence": 0.0000136,
            "cnames": [],
            "responseHashes": [
                "a67d86b99a7286867b467603a95a5b543f2eec01638169f0babec7e198af770e"
            ],
            "type": "Media",
            "firstPartyCookies": {},
            "firstPartyCookiesSent": {},
            "exampleSites": [
                "pakistaniporn.tv",
                "www.pakistaniporn.tv"
            ]
        },
        {
            "rule": "ahcdn\\.com\\/key=9DMXBl-VAspo-3a6ZGkdOw,s=,end=1681891728,ip=40\\.117\\.150\\.99,limit=2\\/state=ZD+aKHWW\\/buffer=5000000:222857,677\\.0\\/speed=28531\\/reftag=0217215208\\/20\\/102\\/8\\/232508138\\/d\\/000\\/144\\/144136\\/144136\\.mp4",
            "cookies": 0,
            "fingerprinting": 0,
            "subdomains": [
                "ip107316477"
            ],
            "apis": {},
            "sites": 2,
            "prevalence": 0.0000136,
            "cnames": [],
            "responseHashes": [
                "b34c88c8206c84c3a74d1d6fa353347fca413151fd3b10cba6601b793717cfe0"
            ],
            "type": "Media",
            "firstPartyCookies": {},
            "firstPartyCookiesSent": {},
            "exampleSites": [
                "porn-loop.net",
                "www.porn-loop.net"
            ]
        },
        {
            "rule": "ahcdn\\.com\\/key=3tT9c2n9zQTKTVGIzUkqig,s=,end=1681867218,ip=40\\.117\\.150\\.99,limit=2\\/state=ZD86KHWW\\/buffer=5000000:56671,68\\.7\\/speed=71545\\/reftag=0217215205\\/61\\/102\\/2\\/248538112\\/d\\/000\\/197\\/197048\\/197048\\.mp4",
            "cookies": 0,
            "fingerprinting": 0,
            "subdomains": [
                "ip107313115"
            ],
            "apis": {},
            "sites": 2,
            "prevalence": 0.0000136,
            "cnames": [],
            "responseHashes": [
                "a6272e7a52d9dad79548ce3243c50ccf211622a05b0c96e9885a482d72bc3714"
            ],
            "type": "Media",
            "firstPartyCookies": {},
            "firstPartyCookiesSent": {},
            "exampleSites": [
                "pornodoza.info",
                "www.pornodoza.info"
            ]
        },
        {
            "rule": "ahcdn\\.com\\/key=mm78yqdbFtPk+9Pej3inyg,s=,end=1681845050\\/state=ZD7PKHWW\\/reftag=0226915967\\/ssd3\\/111\\/4\\/252463574\\/videos\\/2021\\/01\\/408894_8\\.mp4",
            "cookies": 0,
            "fingerprinting": 0,
            "subdomains": [
                "ip245740990"
            ],
            "apis": {},
            "sites": 2,
            "prevalence": 0.0000136,
            "cnames": [],
            "responseHashes": [
                "b599352cdfa33a51cb5eda1f8bf184ac519932be0814df20120eeb6eccfe4782"
            ],
            "type": "Media",
            "firstPartyCookies": {},
            "firstPartyCookiesSent": {},
            "exampleSites": [
                "reference-sexe.com",
                "www.reference-sexe.com"
            ]
        },
        {
            "rule": "ahcdn\\.com\\/key=B0t-SF9zsl15NYDten7gFg,s=,end=1681837483,ip=40\\.117\\.150\\.99\\/state=ZD7DKHWW\\/buffer=5000000:654522,421\\.2\\/speed=134672\\/reftag=049511066\\/63\\/102\\/5\\/31425145\\/170160_video\\.mp4",
            "cookies": 0,
            "fingerprinting": 0,
            "subdomains": [
                "ip107396561"
            ],
            "apis": {},
            "sites": 2,
            "prevalence": 0.0000136,
            "cnames": [],
            "responseHashes": [
                "5100fa93de93ee65368fd6e70104c383ce29b8fa888a4d5abbcca8b93189b619"
            ],
            "type": "Media",
            "firstPartyCookies": {},
            "firstPartyCookiesSent": {},
            "exampleSites": [
                "xxxvideohd.net",
                "www.xxxvideohd.net"
            ]
        }
    ],
    "categories": [],
    "performance": {},
    "cookies": 0,
    "topInitiators": [
        {
            "domain": "first party",
            "prevalence": 0.919831223628692
        },
        {
            "domain": "hdzog.com",
            "prevalence": 0.03375527426160337
        },
        {
            "domain": "desi-porn.tube",
            "prevalence": 0.008438818565400843
        },
        {
            "domain": "hotmovs.com",
            "prevalence": 0.008438818565400843
        },
        {
            "domain": "txxx.com",
            "prevalence": 0.008438818565400843
        },
        {
            "domain": "tubepornclassic.com",