{
    "domain": "aid.no",
    "owner": {},
    "source": [
        "DuckDuckGo-NO"
    ],
    "prevalence": 0.00613,
    "sites": 61,
    "subdomains": [
        "www"
    ],
    "cnames": [],
    "fingerprinting": 0,
    "resources": [
        {
            "rule": "aid\\.no\\/api\\/pluto\\/v1\\/sessions\\/current",
            "cookies": 0,
            "fingerprinting": 0,
            "subdomains": [
                "www"
            ],
            "apis": {},
            "sites": 60,
            "prevalence": 0.00603,
            "cnames": [],
            "responseHashes": [
                "2b2e5b4aadadfe7a4a3706977368f04bcc4e2aa399ccc7b73f009190359e2d8e",
                "f7c82195c8eefe5395fa4cf998d5ebef79c9c96ca0f24b11de9b088c6855df4d",
                "7cf6ef8248dbd650487bf155348f620f23b5090f09a6dd79daf49fba000e0b33",
                "ee5a060859ce8f71a5272bb8d0e6bb967c0af7b659301e719396da8c1ae63812",
                "d9fd99fa6815db1a213e8d6c4e13cd125905bd1f8c66ad1f631397d6e8380cff",
                "22fe5d10494797a775cfdd644d0671fa0c3b7e95bb792c319543aa2fe4ea286b",
                "d87fbc7d5f08b6b131e74432dbfea4d482dfede02d0b72a3af35ab974355cf43",
                "068f23c235c157d56682b541b3ee7dabf4d1811b7db073832b71c9b2b88cba41",
                "e008a9ec25fc6c7087fae991b9238b45574526bb5bc000f2dedf114e8f66524c",
                "79abfcac8f1a2c928c7f61c47b95ca7d4649d1bd9bc167bdece1a83ee36220af",
                "099e2436eec035ee182e9a51a3150259d37b52d28f31359228b9ed6eeeee925c",
                "cd0f1f5555f080dd5739f6d19c9bf2bde0a7521f41ecebd484b0569b8f2185de",
                "69d74e959870926a7564db5bcbe98f9d2d4551460cc8ea6ddee311aff2c89fe0",
                "efa6a16327287cc77362ae8346ed68e5a831c4044a7236b3aea1556f79644502",
                "01b2dfa6d3bb816c40746a6cb37cba0573f98b4f6274bfcdf24ee68a719d5a4e",
                "20f449cc2030978cd0e1377903e50b4293f8e282f31fb2194b9affa9314ac8d5",
                "dd36d574ec8f4df124e35f5e2f84950fcf43978df3f68c785e584f8d825240f2",
                "169435e26ac6be02667ce85c9f7fa22565b0472f2c0badbf44ac6d7786b71581",
                "5026795ffd1d0c540a3eb8057cf62095d2af1e09cb91fdbaef1023a3f57167ec",
                "8ef09f43af317672d4a08e54bea1a51eff6308de3913753490585b485a64c0e5",
                "976dee8cc40b417ad230cc318341bdc0809808870d1068e1b59dc38e12425001",
                "25bdf16a1642b281399c4d9881abacb948038f60a1cb8eb004beb1675432b042",
                "c2ca8932b0beaf210d75d63671876ec40434a0737f0daf34392751fdcc9b9282",
                "0d23b2505e085fa778cbbc2d8a3070d6542b29b28625998f8517088af28e5953",
                "74c70fceb25fe247885812125b89739b3b1f83547a009e458032c5e8d84eb9cb",
                "c943eaa4da2426b64a52c80cb2e2cb2d5e8c6e098d07e955fc37b0250f769764",
                "24f9a9f40cd591dfd37fb14ce2988b639d8ad8c2631e417514343f157dc4285d",
                "a10147d3f47e0d013c6e153d1b69358d5a5d95bc388d03e1210a93b4b4098ca5",
                "0947203c2020a3a3e13ca217baedd7bafe3b4c74b305d55ed80d97f98f730098",
                "6a65fdbfabaa34c327d71c423432d7ffb0780b2842a1d0008ecd8a182488f472",
                "71124349dc167284d2bcafbacaa2f369ca1e261617113541870f0908a796d666",
                "e1b0a96924f4054a0b6a5b4c9448354955f75e2882f32242eb9c8fb4a67bfec0",
                "da081657703a19aee7280565bc2f8479333c2f0718ef9f93a284836e393848d9",
                "a6c990817d21d85fd477decf30ef699a9c255f15d55e23c5928d18590cf12682",
                "c1d4805894406d511e6154573875502012b44eee13d7577438b56a35b3fc88a8",
                "5aefd9dae511fbfa178cb02f9a7371343fed0f9c70b4c9c39ae1dcb684186856",
                "8b32c79b43ad86722b087fd2008c930f4b983149299b62636df4c4a1d3a7afef",
                "862822e16843eb8b4959d82b4b86e60e6d0e47e55e001b2de8c0f1f1b6a7f81a",
                "155802c1a943fda88692d5e7660312f563999242ee3f59cf0c8306b0f3911466",
                "0a7cbe19714e31c83a0b9db9ab564aada302b93b5b2a35dd25dcc36954ec2ea2",
                "d654a906584ef767d97d7f9acfc90fdc1881c70868dee576864d30da3ea1b4c6",
                "918fb80cf25980e92d414f2e232cd6d81755ed407683a1cb7d04b0a0de19f338",
                "5ff605d3188852ee3e2d2afe21f1967f85aaffd84c4f907ca0454c2b4f1a2f66",
                "6ce943c7cdacdefadb66c266362e34bfb7ddb77d39b46b2b61adb7b3af17427f",
                "f61ee1105cff6c8a69c1f9bff01c2643247cad5ba532b815c38b840edb48b916",
                "98fe87c30c1b5d2e795d34c78dc08dbb14b1590220f7e806e63b0e28baca8359",
                "c2567b53e32f10632a937b1681c3a0c26238039f71d4e700b5d7b49efee51f0c",
                "719f55c0d36d907216b95ec0d6f0043369eba2109dda23bf2da37b33bb7d0a8f",
                "6444a7904139fb379fbe3af6a0eba6646e2c51ff4f5c83022775f9c6abf24706",
                "bc10dac43cebd4dcb2dccc4383329213474b8e2831cafc309ebb4f16de1d3fd2",
                "60851de488435bc9a192e1ddbccff3ee0fb6f147d8403603d0342410a1c2c040",
                "31d07ca5dfad910999acc405e5d8ff04a7ac69b08fce8e686fd26cccbedad62a",
                "a1f6cf7a333a8ecf3b7bebd2e52959303875866d32c3cea04e53f01e6626c7ad",
                "bb0226c61cff4b6587f0518088f4d098d1b7399d14a9fbde0944d219d3490def",
                "d0819a2d892ba7cd8dd9f1514e45b0a3f018a901efac019e7d6a642070f5fc2e",
                "9b690755a0fa52594717e28272e7ffd4cda282f404daccb00c17d5bac822411c",
                "3eb4b93012e6bf86973aaa5a0d733eba7d55197fb145cf23da2402cc2a847272",
                "ab8f9eeb248804899cef8119223590990797529a1dde5a3ee288431b4117b23e",
                "5f3fe7c209dba0403119fe34ef64db18297ff581d1d9108edffe2c53c6a90f19"
            ],
            "type": "Fetch",
            "firstPartyCookies": {},
            "firstPartyCookiesSent": {},
            "exampleSites": [
                "www.iharstad.no",
                "www.avisenagder.no",
                "www.sandnesposten.no",
                "www.nationen.no",
                "www.gjengangeren.no",
                "www.sageneavis.no",
                "www.ranablad.no",
                "www.nettavisen.no",
                "www.nordlys.no",
                "www.oblad.no",
                "www.ilevanger.no",
                "www.ha-halden.no",
                "www.vestbyavis.no",
                "www.ifinnmark.no",
                "www.moss-avis.no",
                "www.blv.no",
                "www.pd.no",
                "www.lofot-tidende.no",
                "www.t-a.no",
                "www.rb.no"
            ]
        }
    ],
    "categories": [],
    "performance": {},
    "cookies": 0,
    "topInitiators": [
        {
            "domain": "acdn.no",
            "prevalence": 1
        }
    ],
    "types": {
        "Fetch": 60
    },
    "nameservers": [
        "ns-foo.i.bitbit.net",
        "ns-zoo.i.bitbit.net",
        "ns-bar.i.bitbit.net"
    ]
}