{
    "domain": "aimbase.com",
    "owner": {
        "name": "Avala Marketing Group",
        "displayName": "Avala Marketing Group"
    },
    "source": [
        "DuckDuckGo-US"
    ],
    "prevalence": 0.000204,
    "sites": 30,
    "subdomains": [
        "ws",
        "marinemaxfans"
    ],
    "cnames": [],
    "fingerprinting": 1,
    "resources": [
        {
            "rule": "aimbase\\.com\\/Scripts\\/awa\\.js",
            "cookies": 0.000109,
            "fingerprinting": 1,
            "subdomains": [
                "ws"
            ],
            "apis": {
                "Document.cookie getter": 12,
                "Date.prototype.getTime": 15,
                "Document.cookie setter": 12
            },
            "sites": 16,
            "prevalence": 0.000109,
            "cnames": [],
            "responseHashes": [
                "792dbc994e5b2f129316599bb92d45c3fc508aceeacad7f7a6b0babc61d9fa98",
                "18cfe7b4ba039e00c77428800ea11ce385bd6cdb8f5838a7d30b29f8d1a85cbf",
                "b87b08d065bd2d15bd60af001a6140d71054bd0c370acf6299e719f877537361",
                "9881592c5711fa8a28c9491bfd3481fc16000695d1a11b51ae9cca4d443e271f",
                "6cd0301f79f84251487998f5037bce36b2cda759eb606b3686007736287bce85",
                "8ef5c7f5127fea046acd88a9dcb68971be3d26b99024fb6d208d3a39d3356705",
                "5ef6bc866ecd212c494316020284402ebbb896a9d266447a447241572fcf6668",
                "1ba65b6eae823eb108582fa71e391ced6c8e4cb9a07976653c30732bb31f969a",
                "b340a2a7c0d12ab94ec09a5ff68a7be779ca50d3ce75f3539f205bc33a97a322",
                "f1d5da8c1700247f86ef0970714654fabc1397f70f0afa8294d46b37b563e7ee",
                "8a2f66938d2086b2228a7682994e79a02500df587d83cdd55f5b0079d32e3877",
                "f966143ba2ced97c9c1cc6ba156f81808d8d713dd707890093d96acd64b59a9f",
                "471fe6059d607803fa3b788b71732a9e534678435928dbf89bfb972fecadcb24",
                "2e2c25400c473316b989a434362a7cb8b4fb63c693ab604890b31f18bf3374ef"
            ],
            "type": "Script",
            "firstPartyCookies": {
                "Aimbase.Analytics.Session": {
                    "ttl": 1204,
                    "length": 101,
                    "prevalence": 0.00008168488693450234,
                    "uniqueness": 1
                }
            },
            "firstPartyCookiesSent": {},
            "exampleSites": [
                "txtsv.com",
                "arcticcat.txtsv.com",
                "ezgo.txtsv.com",
                "heartlandrvs.com",
                "tiffinmotorhomes.com",
                "www.campersinn.com",
                "www.dutchmen.com",
                "www.entegracoach.com",
                "www.exploreusa.com",
                "www.granddesignrv.com",
                "www.keystonerv.com",
                "www.pleasurelandrv.com",
                "www.shoremaster.com",
                "www.thormotorcoach.com",
                "www.winnebago.com",
                "zeromotorcycles.com"
            ]
        },
        {
            "rule": "aimbase\\.com\\/api\\/pagevisit",
            "cookies": 0,
            "fingerprinting": 0,
            "subdomains": [
                "ws"
            ],
            "apis": {},
            "sites": 16,
            "prevalence": 0.000109,
            "cnames": [],
            "responseHashes": [
                "07383c96980710a04144e5a39ae59e7f9f74bcfd6462a6932ded48efe6d73bce"
            ],
            "type": "Image",
            "firstPartyCookies": {},
            "firstPartyCookiesSent": {},
            "exampleSites": [
                "txtsv.com",
                "arcticcat.txtsv.com",
                "ezgo.txtsv.com",
                "heartlandrvs.com",
                "tiffinmotorhomes.com",
                "www.campersinn.com",
                "www.dutchmen.com",
                "www.entegracoach.com",
                "www.exploreusa.com",
                "www.granddesignrv.com",
                "www.keystonerv.com",
                "www.pleasurelandrv.com",
                "www.shoremaster.com",
                "www.thormotorcoach.com",
                "www.winnebago.com",
                "zeromotorcycles.com"
            ]
        },
        {
            "rule": "aimbase\\.com\\/api\\/pageaction",
            "cookies": 0,
            "fingerprinting": 0,
            "subdomains": [
                "ws"
            ],
            "apis": {},
            "sites": 7,
            "prevalence": 0.0000476,
            "cnames": [],
            "responseHashes": [
                "07383c96980710a04144e5a39ae59e7f9f74bcfd6462a6932ded48efe6d73bce"
            ],
            "type": "Image",
            "firstPartyCookies": {},
            "firstPartyCookiesSent": {},
            "exampleSites": [
                "txtsv.com",
                "arcticcat.txtsv.com",
                "ezgo.txtsv.com",
                "www.exploreusa.com",
                "www.keystonerv.com",
                "www.winnebago.com",
                "zeromotorcycles.com"
            ]
        },
        {
            "rule": "aimbase\\.com\\/scripts\\/reviewwidget\\.js",
            "cookies": 0,
            "fingerprinting": 0,
            "subdomains": [
                "marinemaxfans"
            ],
            "apis": {},
            "sites": 2,
            "prevalence": 0.0000136,
            "cnames": [],
            "responseHashes": [
                "3fde71d652e0019af03dd82384622f12a6b969398233d970b95c25defe179d88"
            ],
            "type": "Script",
            "firstPartyCookies": {},
            "firstPartyCookiesSent": {},
            "exampleSites": [
                "marinemax.com",
                "www.marinemax.com"
            ]
        },
        {
            "rule": "aimbase\\.com\\/content\\/reviewwidget\\.css",
            "cookies": 0,
            "fingerprinting": 0,
            "subdomains": [
                "marinemaxfans"
            ],
            "apis": {},
            "sites": 2,
            "prevalence": 0.0000136,
            "cnames": [],
            "responseHashes": [
                "c057a2386c02eb12728b7542a2dae0af91212fa8e9a37d7618ce4e3097ab0a4f"
            ],
            "type": "Stylesheet",
            "firstPartyCookies": {},
            "firstPartyCookiesSent": {},
            "exampleSites": [
                "marinemax.com",
                "www.marinemax.com"
            ]
        },
        {
            "rule": "aimbase\\.com\\/CSI\\/API\\/ReviewSearch",
            "cookies": 0,
            "fingerprinting": 0,
            "subdomains": [
                "marinemaxfans"
            ],
            "apis": {},
            "sites": 2,
            "prevalence": 0.0000136,
            "cnames": [],
            "responseHashes": [
                "4552f47231c7af304d109885c9621203452e397e802c67653e7b2d24017666bf"
            ],
            "type": "XHR",
            "firstPartyCookies": {},
            "firstPartyCookiesSent": {},
            "exampleSites": [
                "marinemax.com",
                "www.marinemax.com"
            ]
        },
        {
            "rule": "aimbase\\.com\\/CSI\\/API\\/ReviewSearch",
            "cookies": 0,
            "fingerprinting": 0,
            "subdomains": [
                "marinemaxfans"
            ],
            "apis": {},
            "sites": 2,
            "prevalence": 0.0000136,
            "cnames": [],
            "responseHashes": [],
            "type": "Preflight",
            "firstPartyCookies": {},
            "firstPartyCookiesSent": {},
            "exampleSites": [
                "marinemax.com",
                "www.marinemax.com"
            ]
        }
    ],
    "categories": [],
    "performance": {},
    "cookies": 0.000191,
    "topInitiators": [
        {
            "domain": "first party",
            "prevalence": 0.4642857142857143
        },
        {
            "domain": "rollick.io",