{
    "domain": "alsindustrateb.info",
    "owner": {},
    "source": [
        "DuckDuckGo-US"
    ],
    "prevalence": 0.000259,
    "sites": 38,
    "subdomains": [],
    "cnames": [],
    "fingerprinting": 0,
    "resources": [
        {
            "rule": "alsindustrateb\\.info\\/utx",
            "cookies": 0.00017,
            "fingerprinting": 0,
            "subdomains": [],
            "apis": {},
            "sites": 25,
            "prevalence": 0.00017,
            "cnames": [],
            "responseHashes": [
                "e3b0c44298fc1c149afbf4c8996fb92427ae41e4649b934ca495991b7852b855"
            ],
            "type": "XHR",
            "firstPartyCookies": {},
            "firstPartyCookiesSent": {},
            "exampleSites": [
                "www.teknepolis.com",
                "www.file-upload.com",
                "xnxxx.world",
                "nippybox.com",
                "archivohot.com",
                "ww.9animes.org",
                "www.allnporn.com",
                "topleaks.co",
                "nippyspace.com",
                "yolobit.com",
                "nudostar.pics",
                "www.reference-sexe.com",
                "streamvid.net",
                "www.amateuretsexe.com",
                "ww4.solarmovie.to",
                "x.nudejet.com",
                "pornchimp.com",
                "thefappeningblog.pics",
                "vegamovies.world",
                "afilmywap.world"
            ]
        },
        {
            "rule": "alsindustrateb\\.info\\/floater",
            "cookies": 0.0000681,
            "fingerprinting": 0,
            "subdomains": [],
            "apis": {},
            "sites": 10,
            "prevalence": 0.0000681,
            "cnames": [],
            "responseHashes": [
                "348153b853b450fd02bfe8f08a44fe4ff719000717ce04ef2fba7b8fedde0d66",
                "642880be6d15681489310a4efde84500bdf871a0361a09c97be10f05bfcd1ae5",
                "081dd8d8dce1aa7738f9c316d571182d045a12aca3f0bb06d5d0f00034ff5eaf",
                "4db12efcdeaa160291bcd828155dabf8f364f208a4cdc9b962ca0bb0bc215b33",
                "414b8395b9fcb28debbbd72130166e6e67a24017e7e5b053467ab76d0b264d04",
                "bc2a5b0f3a376ef27056787598b81ad7b0398bb0081a1304d12639704fa2073f",
                "c9f5f64084f8d7efca10be2610a08b78eaf957080fcab02f49bb38a8eb5098ac",
                "7b0e0da56703a9d16bb35653db5487cdacaa75e467ba8bfb87e5ac9cdb8b5d9a"
            ],
            "type": "XHR",
            "firstPartyCookies": {},
            "firstPartyCookiesSent": {
                "_ym_d": 0.000006807073911208528
            },
            "exampleSites": [
                "archivohot.com",
                "pornchimp.com",
                "thefappeningblog.pics",
                "ww4.solarmovie.to",
                "www.allnporn.com",
                "www.amateuretsexe.com",
                "www.file-upload.com",
                "www.reference-sexe.com",
                "xnxx.kactube.com",
                "xnxxx.world"
            ]
        }
    ],
    "categories": [],
    "performance": {},
    "cookies": 0.000259,
    "topInitiators": [
        {
            "domain": "d2kd9y1bp4zc6.cloudfront.net",
            "prevalence": 0.3813559322033898
        },
        {
            "domain": "d3f1wcxz2rdrik.cloudfront.net",
            "prevalence": 0.06779661016949153
        },
        {
            "domain": "d379fkejtn2clk.cloudfront.net",
            "prevalence": 0.059322033898305086
        },
        {
            "domain": "dw55pg05c2rl5.cloudfront.net",
            "prevalence": 0.05084745762711865
        },
        {
            "domain": "d1ha41wacubcnb.cloudfront.net",
            "prevalence": 0.046610169491525424
        },
        {
            "domain": "dlooqrhebkjoh.cloudfront.net",
            "prevalence": 0.0423728813559322
        },
        {
            "domain": "d26adrx9c3n0mq.cloudfront.net",
            "prevalence": 0.0423728813559322
        },
        {
            "domain": "dlrioxg1637dk.cloudfront.net",
            "prevalence": 0.0423728813559322
        },
        {
            "domain": "d1nubxdgom3wqt.cloudfront.net",
            "prevalence": 0.038135593220338986
        },
        {
            "domain": "d1e28xq8vu3baf.cloudfront.net",
            "prevalence": 0.03389830508474576
        }
    ],
    "types": {
        "XHR": 35
    },
    "nameservers": [
        "rosalyn.ns.cloudflare.com",
        "mack.ns.cloudflare.com"
    ]
}