{
    "domain": "amgs5.com",
    "owner": {},
    "source": [
        "DuckDuckGo-US"
    ],
    "prevalence": 0.000136,
    "sites": 20,
    "subdomains": [],
    "cnames": [],
    "fingerprinting": 1,
    "resources": [
        {
            "rule": "amgs5\\.com\\/AS\\/www\\/delivery\\/asyncjs\\.php",
            "cookies": 0.0000817,
            "fingerprinting": 0,
            "subdomains": [],
            "apis": {},
            "sites": 12,
            "prevalence": 0.0000817,
            "cnames": [],
            "responseHashes": [
                "8208dcf99e33cd0544f6815803062e012f41a19ee934769393da2d622af30ccd"
            ],
            "type": "Script",
            "firstPartyCookies": {},
            "firstPartyCookiesSent": {},
            "exampleSites": [
                "udn.com",
                "health.udn.com",
                "newsable.asianetnews.com",
                "www.boldsky.com",
                "www.dnaindia.com",
                "www.financialexpress.com",
                "www.india.com",
                "www.newindianexpress.com",
                "www.philstar.com",
                "www.thehealthsite.com",
                "www.zeebiz.com",
                "zeenews.india.com"
            ]
        },
        {
            "rule": "amgs5\\.com\\/AS\\/www\\/delivery\\/asyncspc\\.php",
            "cookies": 0.0000817,
            "fingerprinting": 0,
            "subdomains": [],
            "apis": {},
            "sites": 12,
            "prevalence": 0.0000817,
            "cnames": [],
            "responseHashes": [
                "072dfaf612531dcf66b0fa0e74e1b30f44c0144f5d6a3f68aeb2e5ead64d8d8f",
                "2a1973e7c182eb5ce32d83db54e9b4d110689a73e21e945b6da2a5655498b91d",
                "873b3cc719197f7dc2f7bf5f733bf73fdaf0305e471d6dcedd96a7ac2836a476",
                "cad9edc9ed2b497f72e1d91374f03ef9b4005fb23be87cb2251037c0b024df1f",
                "2088b1d0cf3a04b255682733f826cf36d494f554c6febe8886be2d0e43a1fe2d",
                "09eaedf6743b2492f16d68099625a62c1d18b0f960798fd5a33ae76f94ab71c1",
                "49d51c21103fa49287746034f6e84f2b52d522a4b5984e693fe4e37dfa104927",
                "79a33b45b31b32060bebf36c39181f7bfd50bb5d81b56b96a782f0c550e7a8d9",
                "1efc3b73da79393df929a6c4bcf9d25c089268a17f492b46f8cf794af0e64ff3",
                "9bc4eae505164c01933ece071fdab74681195ef29e01689fe7be7b484dd428cc",
                "3b4666a88a49d6cc1c5ead12876917ac4f51df353c8c190ab4fdbd1af064b8bc"
            ],
            "type": "XHR",
            "firstPartyCookies": {},
            "firstPartyCookiesSent": {
                "lotame_domain_check": 0.00008168488693450234,
                "_li_dcdm_c": 0.000006807073911208528
            },
            "exampleSites": [
                "udn.com",
                "health.udn.com",
                "newsable.asianetnews.com",
                "www.boldsky.com",
                "www.dnaindia.com",
                "www.financialexpress.com",
                "www.india.com",
                "www.newindianexpress.com",
                "www.philstar.com",
                "www.thehealthsite.com",
                "www.zeebiz.com",
                "zeenews.india.com"
            ]
        },
        {
            "rule": "amgs5\\.com\\/AS\\/www\\/delivery\\/lg\\.php",
            "cookies": 0.0000817,
            "fingerprinting": 0,
            "subdomains": [],
            "apis": {},
            "sites": 13,
            "prevalence": 0.0000885,
            "cnames": [],
            "responseHashes": [
                "e963e7196beb9123059ec3534b042ebcd1ef0a470fa568bfbebfeab2f33c4fda"
            ],
            "type": "Image",
            "firstPartyCookies": {},
            "firstPartyCookiesSent": {
                "lotame_domain_check": 0.00009529903475691939,
                "_li_dcdm_c": 0.000006807073911208528
            },
            "exampleSites": [
                "udn.com",
                "health.udn.com",
                "newsable.asianetnews.com",
                "www.boldsky.com",
                "www.dnaindia.com",
                "www.financialexpress.com",
                "www.india.com",
                "www.newindianexpress.com",
                "www.philstar.com",
                "www.telegraphindia.com",
                "www.thehealthsite.com",
                "www.zeebiz.com",
                "zeenews.india.com"
            ]
        },
        {
            "rule": "amgs5\\.com\\/AS\\/www\\/images\\/fcb3c3721eb216ff53128b1f8284d223\\.png",
            "cookies": 0,
            "fingerprinting": 0,
            "subdomains": [],
            "apis": {},
            "sites": 2,
            "prevalence": 0.0000136,
            "cnames": [],
            "responseHashes": [
                "e9d8b922ad5435096a58a3638a87a36d1c740cc4f7fad1756ba7ce35e653424b"
            ],
            "type": "Image",
            "firstPartyCookies": {},
            "firstPartyCookiesSent": {},
            "exampleSites": [
                "udn.com",
                "www.india.com"
            ]
        }
    ],
    "categories": [],
    "performance": {},
    "cookies": 0.000136,
    "topInitiators": [
        {
            "domain": "doubleclick.net",
            "prevalence": 1
        }
    ],
    "types": {
        "Script": 12,
        "XHR": 12,
        "Image": 15
    },
    "nameservers": [
        "ns.liquidweb.com",
        "ns1.liquidweb.com"
    ]
}