{
    "domain": "analytics-engine.com",
    "owner": {},
    "source": [
        "DuckDuckGo-US"
    ],
    "prevalence": 0.0000408,
    "sites": 6,
    "subdomains": [
        "server.fuse"
    ],
    "cnames": [],
    "fingerprinting": 0,
    "resources": [
        {
            "rule": "analytics-engine\\.com\\/public\\/lease",
            "cookies": 0,
            "fingerprinting": 0,
            "subdomains": [
                "server.fuse"
            ],
            "apis": {},
            "sites": 4,
            "prevalence": 0.0000272,
            "cnames": [],
            "responseHashes": [
                "6eb5b1a57e951a222b7fed116743c4575737929c5503ab1753073ef2ab9518cb",
                "ecaafd020d46e41559494360493827ee89c6c337931db9a15fd73d44626f89fd",
                "3287bb62bc237d121aa880683484647de4451af9e2490b854b749826ec02a94c"
            ],
            "type": "XHR",
            "firstPartyCookies": {},
            "firstPartyCookiesSent": {
                "tglr_anon_id": 0.000013614147822417056,
                "tglr_sess_id": 0.000013614147822417056,
                "tglr_tenant_id": 0.000013614147822417056,
                "fuseid": 0.000013614147822417056
            },
            "exampleSites": [
                "frontier.com",
                "www.allconnect.com",
                "www.americanstandardair.com",
                "www.hvac.com"
            ]
        },
        {
            "rule": "analytics-engine\\.com\\/public\\/confirm",
            "cookies": 0,
            "fingerprinting": 0,
            "subdomains": [
                "server.fuse"
            ],
            "apis": {},
            "sites": 4,
            "prevalence": 0.0000272,
            "cnames": [],
            "responseHashes": [
                "e3b0c44298fc1c149afbf4c8996fb92427ae41e4649b934ca495991b7852b855"
            ],
            "type": "XHR",
            "firstPartyCookies": {},
            "firstPartyCookiesSent": {
                "tglr_anon_id": 0.000013614147822417056,
                "tglr_sess_id": 0.000013614147822417056,
                "tglr_tenant_id": 0.000013614147822417056,
                "fuseid": 0.000013614147822417056
            },
            "exampleSites": [
                "frontier.com",
                "www.allconnect.com",
                "www.americanstandardair.com",
                "www.hvac.com"
            ]
        }
    ],
    "categories": [],
    "performance": {},
    "cookies": 0,
    "topInitiators": [
        {
            "domain": "first party",
            "prevalence": 0.875
        },
        {
            "domain": "cohesionapps.com",
            "prevalence": 0.125
        }
    ],
    "types": {
        "XHR": 8
    },
    "nameservers": [
        "ns2.brandsight-dns.net",
        "ns1.brandsight-dns.com",
        "ns1.brandsight-dns.net",
        "ns2.brandsight-dns.com"
    ]
}