{
    "domain": "app-spm.com",
    "owner": {},
    "source": [
        "DuckDuckGo-FR"
    ],
    "prevalence": 0.00121,
    "sites": 12,
    "subdomains": [],
    "cnames": [],
    "fingerprinting": 1,
    "resources": [
        {
            "rule": "app-spm\\.com\\/app\\.js",
            "cookies": 0.000201,
            "fingerprinting": 1,
            "subdomains": [],
            "apis": {
                "Navigator.prototype.userAgent": 10,
                "Notification.permission": 2,
                "Document.cookie getter": 3,
                "window.innerHeight": 2,
                "Date.prototype.getTime": 2,
                "Document.cookie setter": 2,
                "Navigator.prototype.languages": 4
            },
            "sites": 12,
            "prevalence": 0.00121,
            "cnames": [],
            "responseHashes": [
                "1bda1f8cd44d3249f04929d838c1428d2d23e230a9de9a829bcea573cd372811",
                "693767b16cf66935e5b816c367f5ddc139cce3ecd9b40b633f8725febc3421cb",
                "fdcbde809f6851e97c330faedd38c6b9910637bfa2b38a9358591c593733353f",
                "46cbe5db9337d3e3125bc4bb889c85dc419967c6269ec18db74e65396f387a10",
                "a7aee27990ce2a395fad01841b903d7fa0ee5ba2444f06bcc0651147492cf42f",
                "b21163d9429366ddfad3671508153e23e9aa6923266368b654450b8ab08b723b",
                "89316c4a581361ff5bd4cb236c34848266b537dba321ba86f2d31a4b8c6e29c6",
                "6232c51799a7de0834df303677910c0e50b4759e43753c5216644e16872d8545",
                "5ef71f169d35226eac21f1d8b7cdbfda161e8e219d859ac5aa29ca041aa0c47c",
                "b303b4fe225c7296bc2eace2cc18c2fdf48b526aaf8e2fa2fdb98e32c33663d4",
                "8cba97704617a9329bbce9a3ecefd9f7011affcb5deea953fdf2220d5a22d05e"
            ],
            "type": "Script",
            "firstPartyCookies": {
                "spm_no_receive_push": {
                    "ttl": 86412,
                    "length": 1,
                    "prevalence": 0.0002010252286661976,
                    "uniqueness": 0.5
                }
            },
            "firstPartyCookiesSent": {},
            "exampleSites": [
                "ocarat.com",
                "neyssa-shop.com",
                "www.190cc.fr",
                "www.apiculture.net",
                "www.auvieuxcampeur.fr",
                "www.beastybike.com",
                "www.docteur-vaporisateur.com",
                "www.nutripure.fr",
                "www.rcteam.fr",
                "www.speedway.fr",
                "www.sport-classic.com",
                "www.tech2roo.com"
            ]
        },
        {
            "rule": "app-spm\\.com\\/procedural_api\\/pages_views\\.php",
            "cookies": 0,
            "fingerprinting": 0,
            "subdomains": [],
            "apis": {},
            "sites": 11,
            "prevalence": 0.00111,
            "cnames": [],
            "responseHashes": [
                "210920e8bd251ea8fc0250509b50fc22c0d2f7463823a599f029672f377d0dbd",
                "e9bfd34ac8ba9f631fed35202c0d44bf135e3b1751aff3d45152bcb5a4776af3",
                "48b9a9dfdbe321190d5a6ce5089ebd5c4caff6f6af94df76a4eb507dc8bc5dbf",
                "3dfae249e3a40ed59a506d817a0ce1e48368e18b5ff58039353fb65d97254516",
                "346954a9ef855ef5f1824e6d58bbaf938c1538db6ea9da60a59d87434223b4d2",
                "d4d7f115aa80149900f2d31b3398a97ee9e103a84c746f8e2f16181da5f0b669",
                "6eb529d6ed8daef676145b826ab63f54914519d8035618aaea003ba628bc02af",
                "e83087070ec29395d0049872c6167d87b12518530caa7ac719c4d3bbb5a7dec5",
                "d9b8d0d19ee1e4dfa1023fdcce61b2ae118bc21f0058328b45e4b4da672fae79",
                "a9e6644247d30f6e09334e1922fbfa7ecaf2cb8f55fa0e736d34585d29c81604"
            ],
            "type": "XHR",
            "firstPartyCookies": {},
            "firstPartyCookiesSent": {},
            "exampleSites": [
                "neyssa-shop.com",
                "www.190cc.fr",
                "www.apiculture.net",
                "www.auvieuxcampeur.fr",
                "www.beastybike.com",
                "www.docteur-vaporisateur.com",
                "www.nutripure.fr",
                "www.rcteam.fr",
                "www.speedway.fr",
                "www.sport-classic.com",
                "www.tech2roo.com"
            ]
        },
        {
            "rule": "app-spm\\.com\\/css\\/SpmAPI\\.css",
            "cookies": 0,
            "fingerprinting": 0,
            "subdomains": [],
            "apis": {},
            "sites": 10,
            "prevalence": 0.00101,
            "cnames": [],
            "responseHashes": [
                "f3b56e3194d1d1ca1bf0a38930ebd815b0e13aa3cf23883ab06f52934ebfaa55"
            ],
            "type": "Stylesheet",
            "firstPartyCookies": {},
            "firstPartyCookiesSent": {},
            "exampleSites": [
                "190cc.fr",
                "www.apiculture.net",
                "www.auvieuxcampeur.fr",
                "www.beastybike.com",
                "www.docteur-vaporisateur.com",
                "www.nutripure.fr",
                "www.rcteam.fr",
                "www.speedway.fr",
                "www.sport-classic.com",
                "www.tech2roo.com"
            ]
        },
        {
            "rule": "app-spm\\.com\\/procedural_api\\/workflows\\.php",
            "cookies": 0,
            "fingerprinting": 0,
            "subdomains": [],
            "apis": {},
            "sites": 2,
            "prevalence": 0.000201,
            "cnames": [],
            "responseHashes": [
                "0132252dd00cf3709c47d7be1d18fe3bd8bdf8330ff1682dad24bf1fe573222a"
            ],
            "type": "XHR",
            "firstPartyCookies": {},
            "firstPartyCookiesSent": {},
            "exampleSites": [
                "docteur-vaporisateur.com",
                "www.nutripure.fr"
            ]
        }
    ],
    "categories": [],
    "performance": {},
    "cookies": 0.000201,
    "topInitiators": [
        {
            "domain": "first party",
            "prevalence": 1
        }
    ],
    "types": {
        "Script": 12,
        "XHR": 13,
        "Stylesheet": 10
    },
    "nameservers": [
        "dns105.ovh.net",
        "ns105.ovh.net"
    ]
}