{
    "domain": "aspire-ebm.com",
    "owner": {},
    "source": [
        "DuckDuckGo-US"
    ],
    "prevalence": 0.000129,
    "sites": 19,
    "subdomains": [
        "picon.graphql",
        "aerilon.graphql",
        "gemenon.graphql"
    ],
    "cnames": [],
    "fingerprinting": 0,
    "resources": [
        {
            "rule": "aspire-ebm\\.com\\/",
            "cookies": 0,
            "fingerprinting": 0,
            "subdomains": [
                "picon.graphql",
                "aerilon.graphql",
                "gemenon.graphql"
            ],
            "apis": {},
            "sites": 11,
            "prevalence": 0.0000749,
            "cnames": [],
            "responseHashes": [
                "503b6ce861f8e7449e074737fbff485f30a2578072a29380d16bb95f7432c0da",
                "20380c284bc6dc38debc967a113692b8bf656d315b2b630cef2bd2a74a114bf3",
                "29bc8745762bbd0431f21f951e8cc5854a7c9f5736d8d771cb4c577aae755382",
                "dbd86527b2077403cd6c103d8b6531f72078c6913ad31e6839a02132568169e2",
                "c59dba0a374b29557629dfa0b8bdd55645effb828e028e196be18ed94f5d0acb",
                "62dd4e001137988e08e06a4dec86ba6740e6dabfee1734bde1236623eddf43c9",
                "670ad884902e06d7bf9e2d4a4ae1ce95e9bfefbececdfec212c1c50af97d0508",
                "1090220b46721076ac46797707450bf328b691a4fb1ee980d5d0b1c9bb6c9e18",
                "7e2f10147336dcafaabb8d77a4020a707ffd3c5f7fac0fbc908e039b54ebae70",
                "1e50ccc105e6c19167f7a807e960019559bfe0e5b3a3f2eddeade3c3057f0e87"
            ],
            "type": "Fetch",
            "firstPartyCookies": {},
            "firstPartyCookiesSent": {},
            "exampleSites": [
                "aviationpros.com",
                "www.aviationpros.com",
                "www.dentistryiq.com",
                "www.ecmweb.com",
                "www.electronicdesign.com",
                "www.firehouse.com",
                "www.industryweek.com",
                "www.machinedesign.com",
                "www.officer.com",
                "www.rdhmag.com",
                "www.vehicleservicepros.com"
            ]
        },
        {
            "rule": "aspire-ebm\\.com\\/",
            "cookies": 0,
            "fingerprinting": 0,
            "subdomains": [
                "picon.graphql",
                "aerilon.graphql",
                "gemenon.graphql"
            ],
            "apis": {},
            "sites": 11,
            "prevalence": 0.0000749,
            "cnames": [],
            "responseHashes": [],
            "type": "Preflight",
            "firstPartyCookies": {},
            "firstPartyCookiesSent": {},
            "exampleSites": [
                "aviationpros.com",
                "www.aviationpros.com",
                "www.dentistryiq.com",
                "www.ecmweb.com",
                "www.electronicdesign.com",
                "www.firehouse.com",
                "www.industryweek.com",
                "www.machinedesign.com",
                "www.officer.com",
                "www.rdhmag.com",
                "www.vehicleservicepros.com"
            ]
        }
    ],
    "categories": [],
    "performance": {},
    "cookies": 0,
    "topInitiators": [
        {
            "domain": "first party",
            "prevalence": 1
        }
    ],
    "types": {
        "Fetch": 11,
        "Preflight": 11
    },
    "nameservers": [
        "ns-229.awsdns-28.com",
        "ns-1414.awsdns-48.org",
        "ns-569.awsdns-07.net",
        "ns-1657.awsdns-15.co.uk"
    ]
}