{
    "domain": "atdippcodesec.com",
    "owner": {},
    "source": [
        "DuckDuckGo-US"
    ],
    "prevalence": 0.00015,
    "sites": 22,
    "subdomains": [
        "cs11",
        "cs10",
        "cs09"
    ],
    "cnames": [],
    "fingerprinting": 1,
    "resources": [
        {
            "rule": "atdippcodesec\\.com\\/bens\\/vinos5\\.js",
            "cookies": 0,
            "fingerprinting": 1,
            "subdomains": [],
            "apis": {
                "Document.cookie getter": 11,
                "window.localStorage": 11,
                "Navigator.prototype.userAgent": 11,
                "Screen.prototype.width": 11
            },
            "sites": 11,
            "prevalence": 0.0000749,
            "cnames": [],
            "responseHashes": [
                "f1d43cef52abbf38644121e8669003fe505300efafb985edc9dadb49e6746b14",
                "fed7b6b22776b212cb61d083b1a6c083615428e81b4fa5c2dbc981bfad9fc9f7",
                "966f175457e1f092cef7081bfd1888ef3434d34c42a30619c0c14177d624253a"
            ],
            "type": "Script",
            "firstPartyCookies": {},
            "firstPartyCookiesSent": {},
            "exampleSites": [
                "ebahot.fans",
                "ebunpro.cc",
                "green-porno.cc",
                "pornotopless.name",
                "protinok.link",
                "sex-doma.xyz",
                "sexmama.click",
                "sexreal.one",
                "toppornovideo.net",
                "tvrezka.click",
                "zrelki.click"
            ]
        },
        {
            "rule": "atdippcodesec\\.com\\/bens\\/vinos\\.js",
            "cookies": 0.0000749,
            "fingerprinting": 1,
            "subdomains": [],
            "apis": {
                "window.localStorage": 11
            },
            "sites": 11,
            "prevalence": 0.0000749,
            "cnames": [],
            "responseHashes": [
                "ff8b61592da7eaa007bbc20abbab649f6e3c0720453d106e7ef9bcd24fb07d45",
                "c392c8723904299e41d0c0cf254197268b206e896acfada62363affcb96f993d",
                "194605829b023b41120a093288897183eabff987addd8b6d30e87f3d6b3f58d9",
                "25f2c71d6154416e7e305542b94a503a1c9a3364e30efd3cb2adaead18c8f43c",
                "42984e8059571dfa0bd354b0349b7fd07c64a272a907db95ed07b9df54f91080",
                "5f0375e800e7b8c94d6829b57cce78533f3166012bfbecf73ddd1a31d7f0ad0f",
                "3a788ef017143a22ac4c596f526a6987c8fbb8f8db51a045278f4471a1765a22",
                "ae824796068a0f90948081a74d70d350c803d35d43ffab76cc29c2489a3ee508",
                "ca96ae183e51bc1af2e467278b174dd722138c09a91e97fc2cc664f6d0c96858",
                "5dce0177fc668fb704889aba48b404d3fd5249d918224034e24c12db7f07cb73"
            ],
            "type": "Script",
            "firstPartyCookies": {},
            "firstPartyCookiesSent": {},
            "exampleSites": [
                "ebahot.fans",
                "ebunpro.cc",
                "green-porno.cc",
                "pornotopless.name",
                "protinok.link",
                "sex-doma.xyz",
                "sexmama.click",
                "sexreal.one",
                "toppornovideo.net",
                "tvrezka.click",
                "zrelki.click"
            ]
        },
        {
            "rule": "atdippcodesec\\.com\\/files\\/audio\\.mp3",
            "cookies": 0,
            "fingerprinting": 0,
            "subdomains": [
                "cs11",
                "cs10",
                "cs09"
            ],
            "apis": {},
            "sites": 11,
            "prevalence": 0.0000749,
            "cnames": [],
            "responseHashes": [
                "9ca782cb813e213f891191259000cde4ca01bf93b75c0775d74162f1eef24c76"
            ],
            "type": "XHR",
            "firstPartyCookies": {},
            "firstPartyCookiesSent": {},
            "exampleSites": [
                "ebahot.fans",
                "ebunpro.cc",
                "green-porno.cc",
                "pornotopless.name",
                "protinok.link",
                "sex-doma.xyz",
                "sexmama.click",
                "sexreal.one",
                "toppornovideo.net",
                "tvrezka.click",
                "zrelki.click"
            ]
        },
        {
            "rule": "atdippcodesec\\.com\\/content\\/58397\\/3233857\\.gif",
            "cookies": 0,
            "fingerprinting": 0,
            "subdomains": [
                "cs10",
                "cs11",
                "cs09"
            ],
            "apis": {},
            "sites": 5,
            "prevalence": 0.000034,
            "cnames": [],
            "responseHashes": [
                "18413fb7cc7011536d39a9435be26c1d8d0213759185fcbfb75b0c1753291388"
            ],
            "type": "Image",
            "firstPartyCookies": {},
            "firstPartyCookiesSent": {},
            "exampleSites": [
                "ebahot.fans",
                "ebunpro.cc",
                "pornotopless.name",
                "protinok.link",
                "zrelki.click"
            ]
        },
        {
            "rule": "atdippcodesec\\.com\\/files\\/inpage\\/number\\.png",
            "cookies": 0,
            "fingerprinting": 0,
            "subdomains": [
                "cs11",
                "cs10",
                "cs09"
            ],
            "apis": {},
            "sites": 11,
            "prevalence": 0.0000749,
            "cnames": [],
            "responseHashes": [
                "a5332ad98c114f7b90ba7f401ff3a16753bd81355abb06b42d5ef76ae9d15f7f"
            ],
            "type": "Image",
            "firstPartyCookies": {},
            "firstPartyCookiesSent": {},
            "exampleSites": [
                "ebahot.fans",
                "ebunpro.cc",
                "green-porno.cc",
                "pornotopless.name",
                "protinok.link",
                "sex-doma.xyz",
                "sexmama.click",
                "sexreal.one",
                "toppornovideo.net",
                "tvrezka.click",
                "zrelki.click"
            ]
        },
        {
            "rule": "atdippcodesec\\.com\\/content\\/58396\\/3233856\\.gif",
            "cookies": 0,
            "fingerprinting": 0,
            "subdomains": [
                "cs11",
                "cs09"
            ],
            "apis": {},
            "sites": 2,
            "prevalence": 0.0000136,
            "cnames": [],
            "responseHashes": [
                "18413fb7cc7011536d39a9435be26c1d8d0213759185fcbfb75b0c1753291388"
            ],
            "type": "Image",
            "firstPartyCookies": {},
            "firstPartyCookiesSent": {},
            "exampleSites": [
                "green-porno.cc",
                "sexreal.one"
            ]
        },
        {
            "rule": "atdippcodesec\\.com\\/content\\/58399\\/3233859\\.gif",
            "cookies": 0,
            "fingerprinting": 0,
            "subdomains": [
                "cs11",
                "cs10"
            ],
            "apis": {},
            "sites": 2,
            "prevalence": 0.0000136,
            "cnames": [],
            "responseHashes": [
                "18413fb7cc7011536d39a9435be26c1d8d0213759185fcbfb75b0c1753291388"
            ],
            "type": "Image",
            "firstPartyCookies": {},
            "firstPartyCookiesSent": {},
            "exampleSites": [
                "sex-doma.xyz",
                "toppornovideo.net"
            ]
        },
        {
            "rule": "atdippcodesec\\.com\\/content\\/58398\\/3233858\\.gif",
            "cookies": 0,
            "fingerprinting": 0,
            "subdomains": [
                "cs11",
                "cs09"
            ],
            "apis": {},
            "sites": 2,
            "prevalence": 0.0000136,
            "cnames": [],