{
    "domain": "b1img.com",
    "owner": {},
    "source": [
        "DuckDuckGo-US"
    ],
    "prevalence": 0.000381,
    "sites": 56,
    "subdomains": [],
    "cnames": [],
    "fingerprinting": 0,
    "resources": [
        {
            "rule": "b1img\\.com\\/js_container",
            "cookies": 0.000191,
            "fingerprinting": 0,
            "subdomains": [],
            "apis": {},
            "sites": 28,
            "prevalence": 0.000191,
            "cnames": [],
            "responseHashes": [
                "2be5ae7fe44a5dadc379c4dc4e190727761f9280cca93ec12e3890208d2b44a4",
                "0734ed5fac537b6280848643d12ecf799aea2df505de0b0b64de6e87e7545227",
                "c8d38a65c107cccf0bf9563d1904de1592109530ac7adc0032d4429b78bd43f8",
                "b89666245d50c5f916accc44b41517cfd83bbaa8c8b32540b40671c93e7c9889",
                "ac8a74565f7e818cc5a5c09bd89d2dea6f757aae33bcd2b41444197a39d320db",
                "5c61b3c6d291273ffd37b9e0a3bed4774ec51e1f5420b6f9132d03949360d3c5",
                "a9e5c6aa04f9ca2335479fd385716682aa7a4b61fc230f1f9d7308becb26b480",
                "fa269e7612dfe18bbadf01fa427b793f7b3297fa22956ee8186b25b1f863a802",
                "93062c55c696420c84b65dd5ff22eb5510df3665df6c68a90c60f72b3013bf76",
                "146462423a237e669831ce69405ba70ca62d1f1db1424ff940a1c6b235992cb1",
                "1ddbef2c756341e2c920f9970bce498c2864146667472a9074cbbdf5e0648af9",
                "dd74fbc1c15d581abf33259947eed7e595a22275d1b4c15fb336a53131f9d76f",
                "c4fbede9b4429eb9f5681e5b8e40161a936db8e7a64e65960e138cc09aff1128",
                "9edcfdeae74becc4930a14d6e10eef15d460940ef0c1bd5a57d8353eaf9d85dd",
                "7c8e19c7aa1a97d154a3145078559a6bd995da4cf70ec837976d60e58a1e9ae1",
                "fcb8911e19693ea88a52233ba481b704c4c1f4dd7db5209597629a6713f68882",
                "6f41e38dde4502827266f6e625c7958d10a1ad647c8c7931f178be6eba6258c9",
                "7fc32680050685796dfefa110e0e9545ee878c21cdd82223a45e89f8992c1eda",
                "986447bc10f084131d3b35e42bc0157e47d0b859c28fbe89b017475cb1a61532",
                "f4370b8e20efd4fac7b4fe1ffa5701c4dfc8bc8f7068467a6b2004b9dd433b00",
                "e6c84539c977394986656504542943d1a008b89b385c2e5eb764472ef52bb294",
                "fff501c3f6e7c203ec01a4ea954f6727db6b17928a82a4b17e74341ecb38f3bb",
                "51b3fc044f33cfc000247570b226248f76c48abf917b948d78def92b576cc011",
                "07c76fae6fcc40bc9673602abedc246d38b34296b98657586116f6c8cb3586d2",
                "33f391d4d7cadcf3b575d4e538f76a812f8027d62c3570fb94eb91b63ff9ff8f",
                "c57c4f70143f5915e15ff1f8caf85fab538e2b138504f4b06cdccd51eaeb65c3",
                "ad4e7371eeba7ab381625f3a63fa130a2a7816a14c6f0703b790ff453c1915cf"
            ],
            "type": "Script",
            "firstPartyCookies": {},
            "firstPartyCookiesSent": {},
            "exampleSites": [
                "www.smokecartel.com",
                "currency.com",
                "groovelife.com",
                "mymedic.com",
                "m.alibris.com",
                "xeroshoes.com",
                "www.sauder.com",
                "solgaard.co",
                "www.cigarpage.com",
                "www.alibris.com",
                "sleep.me",
                "www.planttherapy.com",
                "hvacdirect.com",
                "guardianbikes.com",
                "www.lovesac.com",
                "www.pooldawg.com",
                "www.jellybelly.com",
                "www.spoonfulofcomfort.com",
                "locations.vitaminshoppe.com",
                "mikescigars.com"
            ]
        },
        {
            "rule": "b1img\\.com\\/5321c30e3e9a4008a813185b24684efe\\/cs_tag\\/",
            "cookies": 0.0000136,
            "fingerprinting": 0,
            "subdomains": [],
            "apis": {},
            "sites": 2,
            "prevalence": 0.0000136,
            "cnames": [],
            "responseHashes": [
                "e3b0c44298fc1c149afbf4c8996fb92427ae41e4649b934ca495991b7852b855"
            ],
            "type": "Image",
            "firstPartyCookies": {},
            "firstPartyCookiesSent": {},
            "exampleSites": [
                "vitaminshoppe.com",
                "locations.vitaminshoppe.com"
            ]
        },
        {
            "rule": "b1img\\.com\\/9d8f53cd2b864fa8aa323144431bef11\\/cs_tag\\/",
            "cookies": 0.0000204,
            "fingerprinting": 0,
            "subdomains": [],
            "apis": {},
            "sites": 3,
            "prevalence": 0.0000204,
            "cnames": [],
            "responseHashes": [
                "e3b0c44298fc1c149afbf4c8996fb92427ae41e4649b934ca495991b7852b855"
            ],
            "type": "Image",
            "firstPartyCookies": {},
            "firstPartyCookiesSent": {},
            "exampleSites": [
                "alibris.com",
                "m.alibris.com",
                "www.alibris.com"
            ]
        },
        {
            "rule": "b1img\\.com\\/cf60ef3baff34cd8968c373e1e2a566d\\/cs_tag\\/",
            "cookies": 0.0000136,
            "fingerprinting": 0,
            "subdomains": [],
            "apis": {},
            "sites": 2,
            "prevalence": 0.0000136,
            "cnames": [],
            "responseHashes": [
                "e3b0c44298fc1c149afbf4c8996fb92427ae41e4649b934ca495991b7852b855"
            ],
            "type": "Image",
            "firstPartyCookies": {},
            "firstPartyCookiesSent": {},
            "exampleSites": [
                "eufy.com",
                "us.eufy.com"
            ]
        },
        {
            "rule": "b1img\\.com\\/14b32d153ea345caa44cc941a4ba56a6\\/cs_tag\\/",
            "cookies": 0.0000136,
            "fingerprinting": 0,
            "subdomains": [],
            "apis": {},
            "sites": 2,
            "prevalence": 0.0000136,
            "cnames": [],
            "responseHashes": [
                "e3b0c44298fc1c149afbf4c8996fb92427ae41e4649b934ca495991b7852b855"
            ],
            "type": "Image",
            "firstPartyCookies": {},
            "firstPartyCookiesSent": {},
            "exampleSites": [
                "airsoftstation.com",
                "www.airsoftstation.com"
            ]
        },
        {
            "rule": "b1img\\.com\\/146fd96e7ccd4ab98f480203d81bc117\\/cs_tag\\/",
            "cookies": 0.0000136,
            "fingerprinting": 0,
            "subdomains": [],
            "apis": {},
            "sites": 2,
            "prevalence": 0.0000136,
            "cnames": [],
            "responseHashes": [
                "e3b0c44298fc1c149afbf4c8996fb92427ae41e4649b934ca495991b7852b855"
            ],
            "type": "Image",
            "firstPartyCookies": {},
            "firstPartyCookiesSent": {},
            "exampleSites": [
                "bestcigarprices.com",
                "www.bestcigarprices.com"
            ]
        },
        {
            "rule": "b1img\\.com\\/fb2af067852e4173baed3f542240cc59\\/cs_tag\\/",
            "cookies": 0.0000136,
            "fingerprinting": 0,
            "subdomains": [],
            "apis": {},
            "sites": 2,
            "prevalence": 0.0000136,
            "cnames": [],
            "responseHashes": [
                "e3b0c44298fc1c149afbf4c8996fb92427ae41e4649b934ca495991b7852b855"
            ],
            "type": "Image",
            "firstPartyCookies": {},
            "firstPartyCookiesSent": {},
            "exampleSites": [
                "cigarpage.com",
                "www.cigarpage.com"
            ]
        },
        {
            "rule": "b1img\\.com\\/4d4688c64c884f4cbe1af9f40406d6e5\\/cs_tag\\/",
            "cookies": 0.0000136,
            "fingerprinting": 0,
            "subdomains": [],
            "apis": {},
            "sites": 2,
            "prevalence": 0.0000136,
            "cnames": [],