{
    "domain": "baidu.com",
    "owner": {
        "name": "Baidu, Inc.",
        "displayName": "Baidu"
    },
    "source": [
        "DuckDuckGo-AU"
    ],
    "prevalence": 0.0011,
    "sites": 11,
    "subdomains": [
        "hm",
        "pos",
        "eclick",
        "wn.pos",
        "sofire"
    ],
    "cnames": [],
    "fingerprinting": 2,
    "resources": [
        {
            "rule": "baidu\\.com\\/hm\\.js",
            "cookies": 0.000904,
            "fingerprinting": 2,
            "subdomains": [
                "hm"
            ],
            "apis": {
                "Navigator.prototype.userAgent": 9,
                "Navigator.prototype.cookieEnabled": 9,
                "Navigator.prototype.javaEnabled": 9,
                "Navigator.prototype.language": 9,
                "Screen.prototype.width": 9,
                "Screen.prototype.height": 9,
                "Screen.prototype.colorDepth": 9,
                "Screen.prototype.orientation": 9,
                "window.innerWidth": 9,
                "Document.cookie getter": 9,
                "window.sessionStorage": 9,
                "window.localStorage": 9,
                "Date.prototype.getTime": 9,
                "Document.cookie setter": 9,
                "window.innerHeight": 9
            },
            "sites": 9,
            "prevalence": 0.000904,
            "cnames": [],
            "responseHashes": [
                "63aee5cfd6e97b850fae1ec6cc7e1a40b47e96e7197935a7a39b492e27d96df8",
                "0a956e336ca0cdbe1802b82f37eb643eb74a4dc8c2ce505c6459979444516751",
                "819a7c4a44dde3a2768e3d7a1569e458a29c78b6f1b7b32d4134d9ecb1f52a3b",
                "82c2b44c81cef83188cd33db5f6071227736eb5d79c998dafc4c2670884e472b",
                "a11d0360fbbe993fef2670e56ef40891052c909d77d4ea40e2e1eaf0e2fe91af",
                "4137703da007674e8fcff5e91a54e68f34946499e540383f2d8529e65c0841db",
                "e4e9942e141d68346e772b1b68d89ab4d301041f0fdcbbb682f51340583b9f3e",
                "ead3bc1cf5269b1da9edadcc291dcd0be37630bc04e90ef0eb8b647d5bdf0b87"
            ],
            "type": "Script",
            "firstPartyCookies": {
                "Hm_lvt_6bcd52f51e9b3dce32bec4a3997715ac": {
                    "ttl": 31536009,
                    "length": 10,
                    "prevalence": 0.00010040160642570282,
                    "uniqueness": 1
                },
                "Hm_lpvt_6bcd52f51e9b3dce32bec4a3997715ac": {
                    "ttl": null,
                    "length": 10,
                    "prevalence": 0.00010040160642570282,
                    "uniqueness": 1
                },
                "Hm_up_6bcd52f51e9b3dce32bec4a3997715ac": {
                    "ttl": 31536009,
                    "length": 194,
                    "prevalence": 0.00010040160642570282,
                    "uniqueness": 1
                },
                "Hm_lvt_4c2baaa51a9429b06ce4697848a7ef01": {
                    "ttl": 31536011,
                    "length": 10,
                    "prevalence": 0.00010040160642570282,
                    "uniqueness": 1
                },
                "Hm_lpvt_4c2baaa51a9429b06ce4697848a7ef01": {
                    "ttl": null,
                    "length": 10,
                    "prevalence": 0.00010040160642570282,
                    "uniqueness": 1
                },
                "Hm_lvt_5fe4e8ce9e8e1d868a474da2b844495c": {
                    "ttl": 31536007,
                    "length": 10,
                    "prevalence": 0.00010040160642570282,
                    "uniqueness": 1
                },
                "Hm_lpvt_5fe4e8ce9e8e1d868a474da2b844495c": {
                    "ttl": null,
                    "length": 10,
                    "prevalence": 0.00010040160642570282,
                    "uniqueness": 1
                },
                "Hm_lvt_32304eb8692c77114cb8a8f7658af78b": {
                    "ttl": 31536019,
                    "length": 10,
                    "prevalence": 0.00010040160642570282,
                    "uniqueness": 1
                },
                "Hm_lpvt_32304eb8692c77114cb8a8f7658af78b": {
                    "ttl": null,
                    "length": 10,
                    "prevalence": 0.00010040160642570282,
                    "uniqueness": 1
                },
                "Hm_lvt_9978f1c33dc0d6bf52417b38db4512fa": {
                    "ttl": 31536019,
                    "length": 10,
                    "prevalence": 0.00010040160642570282,
                    "uniqueness": 1
                },
                "Hm_lpvt_9978f1c33dc0d6bf52417b38db4512fa": {
                    "ttl": null,
                    "length": 10,
                    "prevalence": 0.00010040160642570282,
                    "uniqueness": 1
                },
                "Hm_lvt_38ea8ed97fbe7c334fcc1878c579e5e0": {
                    "ttl": 31536012,
                    "length": 10,
                    "prevalence": 0.00010040160642570282,
                    "uniqueness": 1
                },
                "Hm_lpvt_38ea8ed97fbe7c334fcc1878c579e5e0": {
                    "ttl": null,
                    "length": 10,
                    "prevalence": 0.00010040160642570282,
                    "uniqueness": 1
                },
                "Hm_lvt_29a864290497a710230e7714241ecd96": {
                    "ttl": 31536007,
                    "length": 10,
                    "prevalence": 0.00010040160642570282,
                    "uniqueness": 1
                },
                "Hm_lpvt_29a864290497a710230e7714241ecd96": {
                    "ttl": null,
                    "length": 10,
                    "prevalence": 0.00010040160642570282,
                    "uniqueness": 1
                },
                "Hm_lvt_98beee57fd2ef70ccdd5ca52b9740c49": {
                    "ttl": 31536010,
                    "length": 10,
                    "prevalence": 0.00020080321285140563,
                    "uniqueness": 1
                },
                "Hm_lpvt_98beee57fd2ef70ccdd5ca52b9740c49": {
                    "ttl": null,
                    "length": 10,
                    "prevalence": 0.00020080321285140563,
                    "uniqueness": 1
                }
            },
            "firstPartyCookiesSent": {},
            "exampleSites": [
                "csdn.net",
                "kb.vmware.com",
                "livejapan.com",
                "mangatoto.com",
                "mangapark.net",
                "www.btutv.com",
                "www.yha.com.au",
                "www.zhihu.com",
                "zhuanlan.zhihu.com"
            ]
        },
        {
            "rule": "baidu\\.com\\/hm\\.gif",
            "cookies": 0,
            "fingerprinting": 0,
            "subdomains": [
                "hm"
            ],
            "apis": {},
            "sites": 10,
            "prevalence": 0.001,
            "cnames": [],
            "responseHashes": [
                "77b1d2c0857d4e95d4c2ae7aa0abc5aaafa6bd4581b31203d1592759c26f5c44"
            ],
            "type": "Image",
            "firstPartyCookies": {},
            "firstPartyCookiesSent": {},
            "exampleSites": [
                "csdn.net",
                "blog.csdn.net",
                "kb.vmware.com",
                "livejapan.com",
                "mangapark.net",
                "mangatoto.com",
                "www.btutv.com",
                "www.yha.com.au",
                "www.zhihu.com",
                "zhuanlan.zhihu.com"
            ]
        },
        {
            "rule": "baidu\\.com\\/s",
            "cookies": 0.000201,
            "fingerprinting": 1,
            "subdomains": [
                "pos"
            ],
            "apis": {
                "Navigator.prototype.userAgent": 2
            },
            "sites": 2,
            "prevalence": 0.000201,
            "cnames": [],