{
    "domain": "behamics.com",
    "owner": {},
    "source": [
        "DuckDuckGo-CH"
    ],
    "prevalence": 0.0011,
    "sites": 11,
    "subdomains": [
        "engine5"
    ],
    "cnames": [],
    "fingerprinting": 2,
    "resources": [
        {
            "rule": "behamics\\.com\\/api\\/getmessage",
            "cookies": 0.0011,
            "fingerprinting": 0,
            "subdomains": [
                "engine5"
            ],
            "apis": {},
            "sites": 11,
            "prevalence": 0.0011,
            "cnames": [],
            "responseHashes": [
                "d5a8217183cb9b72053e8b6e4244f874559fc2652434df62e05a5d0bf3848179",
                "7852e9d40160cf24381ec904c0ce308bc7171aac18e0276a92a91de2eb09799a",
                "d773bbebcece095da6444c59a69bd400ec546e2575525d7d8e58b9eae4459b8e",
                "8bdc6bf7b03152667bcdd56fc418306ce34e87c5805a1b8f865f2ad59993dd58",
                "daa691e0cbd0bbde620b7866735856eab1093dec604e09e3f9d726ccdd156469",
                "10476d33e536c8ce6e5d96c6ca8ed373edfc1e1ab85bbf9b80a226e0a199e516",
                "bd854f7290304d0db03b314355c146b0a8118d5daba126ba7fda02a0d3ae09d9",
                "a7e982609cb04b627279cde710f804b8bc5eb94e9fb3d71c43b678539767797d",
                "4635c0927c361a815a69a7ed5cd04f3aba18e650ec3570e996a88b1a7152ed47",
                "0eebb9a02fa68709f434990950f5c020a2bdf9352ad71e96bc49a0578a3d4cb8"
            ],
            "type": "XHR",
            "firstPartyCookies": {},
            "firstPartyCookiesSent": {},
            "exampleSites": [
                "fressnapf.ch",
                "www.coop.ch",
                "www.espritshop.ch",
                "www.fust.ch",
                "www.intersport.ch",
                "www.manor.ch",
                "www.meister-messer.ch",
                "www.nettoshop.ch",
                "www.ochsnersport.ch",
                "www.pkz.ch",
                "www.sonepar.ch"
            ]
        }
    ],
    "categories": [],
    "performance": {},
    "cookies": 0.0011,
    "topInitiators": [
        {
            "domain": "first party",
            "prevalence": 0.6
        },
        {
            "domain": "tiqcdn.com",
            "prevalence": 0.26666666666666666
        },
        {
            "domain": "googletagmanager.com",
            "prevalence": 0.13333333333333333
        }
    ],
    "types": {
        "XHR": 11
    },
    "nameservers": [
        "ns.udag.de",
        "ns.udag.net",
        "ns.udag.org"
    ]
}