{
    "domain": "biggestfisherman.com",
    "owner": {},
    "source": [
        "DuckDuckGo-US"
    ],
    "prevalence": 0.000109,
    "sites": 16,
    "subdomains": [],
    "cnames": [],
    "fingerprinting": 1,
    "resources": [
        {
            "rule": "biggestfisherman\\.com\\/bens\\/vinos\\.js",
            "cookies": 0.0000545,
            "fingerprinting": 1,
            "subdomains": [],
            "apis": {
                "Navigator.prototype.cookieEnabled": 8,
                "Date.prototype.getTime": 8,
                "Document.cookie getter": 8,
                "Document.cookie setter": 8,
                "Navigator.prototype.userAgent": 8,
                "Navigator.prototype.platform": 8,
                "window.localStorage": 8
            },
            "sites": 8,
            "prevalence": 0.0000545,
            "cnames": [],
            "responseHashes": [
                "b3f8da15f17253c5be037761d62aa8f237534c833c4fac3058c63f752a00b9ef",
                "c9b670cc43e1cf9f282234b78892437aa043856fb91e7d415648d39d34012388",
                "92983704fd0b31ab8f40c43c8d1a2d65bee9ff37617d7e07a33ece68f044a536",
                "14f1352416242854011dc7eea529c2639b1f690a1bc8ec609102c38f67716549",
                "8bc8521cdbe8f22f12d9d260b290690b7e5d531fef8a688a21269577507a30e3",
                "0b618203ce3a6658661f9c9d569465ff2d801d83aefcabdb5c96e372cbded19c",
                "7f83bf553bf3b84eb74c7b63d42974b57e17b613b170b90139d7e1567643c830"
            ],
            "type": "Script",
            "firstPartyCookies": {
                "u_count": {
                    "ttl": 43203,
                    "length": 11,
                    "prevalence": 0.00004764951737845969,
                    "uniqueness": 0.14285714285714285
                }
            },
            "firstPartyCookiesSent": {},
            "exampleSites": [
                "24rollika.ru",
                "djki.art",
                "homeporno.biz",
                "mixporn.ink",
                "pornoafisha.info",
                "pornzoom.org",
                "trahnul.com",
                "www.sslkn.porn"
            ]
        }
    ],
    "categories": [],
    "performance": {},
    "cookies": 0.000109,
    "topInitiators": [
        {
            "domain": "first party",
            "prevalence": 0.875
        },
        {
            "domain": "mix-porn.com",
            "prevalence": 0.125
        }
    ],
    "types": {
        "Script": 8
    },
    "nameservers": [
        "dns1.registrar-servers.com",
        "dns2.registrar-servers.com"
    ]
}