{
    "domain": "boxever.com",
    "owner": {
        "name": "Boxever Limited",
        "displayName": "Boxever"
    },
    "source": [
        "DuckDuckGo-AU"
    ],
    "prevalence": 0.000502,
    "sites": 5,
    "subdomains": [
        "api-ap-southeast-2-production",
        "api"
    ],
    "cnames": [],
    "fingerprinting": 0,
    "resources": [
        {
            "rule": "boxever\\.com\\/v1\\.2\\/browser\\/create\\.json",
            "cookies": 0,
            "fingerprinting": 0,
            "subdomains": [
                "api-ap-southeast-2-production",
                "api"
            ],
            "apis": {},
            "sites": 5,
            "prevalence": 0.000502,
            "cnames": [],
            "responseHashes": [
                "28f5b219fdd3bd44c3afacffdf59c6947c11343308d847b753de39311e8f782e",
                "249d9703e738a55f0549ef24a3fd10b10907363827162d9703ea07b8a014bad5",
                "10d049052f98c5d0fc1b0acbd275fe219741b9c34fd66db09cea26cc00f8b9a8",
                "877f48617e2039c6694ff73364e972f5ffee31b0faf9ec2cda92860833c58b53"
            ],
            "type": "Script",
            "firstPartyCookies": {},
            "firstPartyCookiesSent": {},
            "exampleSites": [
                "cebupacificair.com",
                "www.emirates.com",
                "www.jetstar.com",
                "www.qatarairways.com",
                "www.riotinto.com"
            ]
        },
        {
            "rule": "boxever\\.com\\/v1\\.2\\/event\\/create\\.json",
            "cookies": 0,
            "fingerprinting": 0,
            "subdomains": [
                "api-ap-southeast-2-production",
                "api"
            ],
            "apis": {},
            "sites": 4,
            "prevalence": 0.000402,
            "cnames": [],
            "responseHashes": [
                "3549d9931ec11b2324a4bc58516a2216a828e7454875bc3b7952daed88ef321a",
                "68a192bd7fde7d2b5905fbf803f71e951d4835c1e7a4994234ba95a5bcb33c5f",
                "f5d1e595af0b5841c7ac5e3dc07e669d180c1c06f9badbd4e17560f285a2bc56"
            ],
            "type": "Script",
            "firstPartyCookies": {},
            "firstPartyCookiesSent": {
                "bid_cap9kylkxexvqbwfljqctlwjpvukqvde": 0.00010040160642570282,
                "bid_ek2Zx82tZTOPkQhPaE41UTJEwbPdudQu": 0.00010040160642570282,
                "bid_JSaU2TcvPguuhpZfmwr34R7R8Wo7moKH": 0.00010040160642570282,
                "gpv_pn": 0.00010040160642570282,
                "gpv_v1": 0.00010040160642570282,
                "bid_psfu6uh05hsr9c34rptlr06dn864cqrx": 0.00010040160642570282
            },
            "exampleSites": [
                "cebupacificair.com",
                "www.emirates.com",
                "www.jetstar.com",
                "www.riotinto.com"
            ]
        },
        {
            "rule": "boxever\\.com\\/v2\\/getBucket",
            "cookies": 0,
            "fingerprinting": 0,
            "subdomains": [
                "api-ap-southeast-2-production",
                "api"
            ],
            "apis": {},
            "sites": 4,
            "prevalence": 0.000402,
            "cnames": [],
            "responseHashes": [
                "f80a97b8c90f0abe7507841eadb24eaf15d0ac74ef79762b1b2d7667bd51e473",
                "f5fa4308cb5fb51ab863e5b314e78eafa2586583b52f1fd731dd5284052d1763",
                "bbb5966b615b509f83bb9a66ad58e5669e0a5090173ec369156304239b6bdc06"
            ],
            "type": "Fetch",
            "firstPartyCookies": {},
            "firstPartyCookiesSent": {},
            "exampleSites": [
                "cebupacificair.com",
                "www.emirates.com",
                "www.jetstar.com",
                "www.riotinto.com"
            ]
        },
        {
            "rule": "boxever\\.com\\/v2\\/getBucket",
            "cookies": 0,
            "fingerprinting": 0,
            "subdomains": [
                "api-ap-southeast-2-production",
                "api"
            ],
            "apis": {},
            "sites": 4,
            "prevalence": 0.000402,
            "cnames": [],
            "responseHashes": [],
            "type": "Preflight",
            "firstPartyCookies": {},
            "firstPartyCookiesSent": {},
            "exampleSites": [
                "cebupacificair.com",
                "www.emirates.com",
                "www.jetstar.com",
                "www.riotinto.com"
            ]
        },
        {
            "rule": "boxever\\.com\\/v2\\/callFlows",
            "cookies": 0,
            "fingerprinting": 0,
            "subdomains": [
                "api",
                "api-ap-southeast-2-production"
            ],
            "apis": {},
            "sites": 3,
            "prevalence": 0.000301,
            "cnames": [],
            "responseHashes": [
                "e069597a1d07bfb216dc27626185cb1c134b4cbbb70314df1352e1f7d946fcbb",
                "c5fc56793e025627bf55a8d79827547369d2e50a2ee4f3974cbd80de5785c2f0"
            ],
            "type": "Script",
            "firstPartyCookies": {},
            "firstPartyCookiesSent": {
                "_criteo_ref": 0.00010040160642570282,
                "bid_ek2Zx82tZTOPkQhPaE41UTJEwbPdudQu": 0.00010040160642570282,
                "bid_JSaU2TcvPguuhpZfmwr34R7R8Wo7moKH": 0.00010040160642570282
            },
            "exampleSites": [
                "emirates.com",
                "www.jetstar.com",
                "www.qatarairways.com"
            ]
        }
    ],
    "categories": [],
    "performance": {},
    "cookies": 0,
    "topInitiators": [
        {
            "domain": "first party",
            "prevalence": 0.47619047619047616
        },
        {
            "domain": "appdynamics.com",
            "prevalence": 0.23809523809523808
        },
        {
            "domain": "d35vb5cccm4xzp.cloudfront.net",
            "prevalence": 0.16666666666666666
        },
        {
            "domain": "d1mj578wat5n4o.cloudfront.net",
            "prevalence": 0.09523809523809523
        },
        {
            "domain": "ekstatic.net",
            "prevalence": 0.023809523809523808
        }
    ],
    "types": {
        "Script": 12,
        "Fetch": 4,
        "Preflight": 4
    },
    "nameservers": [
        "ns-622.awsdns-13.net",
        "ns-389.awsdns-48.com",
        "ns-1198.awsdns-21.org",
        "ns-1858.awsdns-40.co.uk"
    ]
}