{
    "domain": "bunny.net",
    "owner": {},
    "source": [
        "DuckDuckGo-AU"
    ],
    "prevalence": 0.00221,
    "sites": 22,
    "subdomains": [
        "fonts"
    ],
    "cnames": [],
    "fingerprinting": 0,
    "resources": [
        {
            "rule": "bunny\\.net\\/css",
            "cookies": 0,
            "fingerprinting": 0,
            "subdomains": [
                "fonts"
            ],
            "apis": {},
            "sites": 21,
            "prevalence": 0.00211,
            "cnames": [],
            "responseHashes": [
                "140f9d0084e313f4256de5a079834bfa0f3f61e87db88691493f2e8da081b8f9",
                "94537f553567bd0cd92773fc39d42f1cb380c507d136b2e9963b32e9dbe2fb7d",
                "e16682258ca349f71bffec98aae8e0f55568cb0c7130bd5cc90e8de496f2238f",
                "a8bf6569da3b27190bd63aa762db65dc67c276799ddd55a01d5f508b4fc3937d",
                "9e2ac3edfdac7b76a474c268b0e43448542baeb364e50195f547439cd3f5549d",
                "3e7868f4a60fd6357642a1b4bae87364f6e5a8246f85327e1a44759a15e6e78e",
                "35d32fa0d1b9126a3a1ee13d561ae879c99a16c408ba6a0ef59c1f3115709a8b",
                "9760b03007df9dc4ef5fbf4393a19115d51a2182be631abccca3d8b6b26469ca",
                "d08e4e5d458f545c0bc53cb7c5f6f57def23409196a4e4605d4dcee58ed54897",
                "c89ebae5ca7c4782d19a1e7091bed8a85571808770ed1253558ec28b8b6d81c8"
            ],
            "type": "Stylesheet",
            "firstPartyCookies": {},
            "firstPartyCookiesSent": {},
            "exampleSites": [
                "nomadrs.com",
                "pixl.li",
                "www.homestratosphere.com",
                "helpfulprofessor.com",
                "www.bizpacreview.com",
                "www.cloudwards.net",
                "www.mumsdelivery.com.au",
                "contentmavericks.com",
                "www.k9ofmine.com",
                "www.fluentu.com",
                "becomeawritertoday.com",
                "artofsmart.com.au",
                "www.crystalvaults.com",
                "singletrackworld.com",
                "www.wimhofmethod.com",
                "offgridcamping.com.au",
                "mrgadget.com.au",
                "mediabiasfactcheck.com",
                "www.sparkydirect.com.au",
                "www.mygc.com.au"
            ]
        },
        {
            "rule": "bunny\\.net\\/roboto\\/files\\/roboto-latin-400-normal\\.woff2",
            "cookies": 0,
            "fingerprinting": 0,
            "subdomains": [
                "fonts"
            ],
            "apis": {},
            "sites": 13,
            "prevalence": 0.00131,
            "cnames": [],
            "responseHashes": [
                "c6bdd002d23dcb0adbd87e3518bdd994de73818a0f0f502707986301b9fbc404"
            ],
            "type": "Font",
            "firstPartyCookies": {},
            "firstPartyCookiesSent": {},
            "exampleSites": [
                "becomeawritertoday.com",
                "helpfulprofessor.com",
                "mediabiasfactcheck.com",
                "offgridcamping.com.au",
                "pixl.li",
                "singletrackworld.com",
                "tntradio.live",
                "www.cloudwards.net",
                "www.crystalvaults.com",
                "www.fluentu.com",
                "www.homestratosphere.com",
                "www.mumsdelivery.com.au",
                "www.sparkydirect.com.au"
            ]
        },
        {
            "rule": "bunny\\.net\\/open-sans\\/files\\/open-sans-latin-400-normal\\.woff2",
            "cookies": 0,
            "fingerprinting": 0,
            "subdomains": [
                "fonts"
            ],
            "apis": {},
            "sites": 2,
            "prevalence": 0.000201,
            "cnames": [],
            "responseHashes": [
                "f885ec8a0a68847aff7c6bb94968bf7cb5099c0c449ae1535cf8515cc0ff8e18"
            ],
            "type": "Font",
            "firstPartyCookies": {},
            "firstPartyCookiesSent": {},
            "exampleSites": [
                "contentmavericks.com",
                "www.bizpacreview.com"
            ]
        },
        {
            "rule": "bunny\\.net\\/roboto\\/files\\/roboto-latin-700-normal\\.woff2",
            "cookies": 0,
            "fingerprinting": 0,
            "subdomains": [
                "fonts"
            ],
            "apis": {},
            "sites": 4,
            "prevalence": 0.000402,
            "cnames": [],
            "responseHashes": [
                "ba9f43fbd9c0782c72ff6eddd221abdcfd9642cd4625227ad693347e4d6989db"
            ],
            "type": "Font",
            "firstPartyCookies": {},
            "firstPartyCookiesSent": {},
            "exampleSites": [
                "mediabiasfactcheck.com",
                "pixl.li",
                "singletrackworld.com",
                "www.crystalvaults.com"
            ]
        },
        {
            "rule": "bunny\\.net\\/roboto\\/files\\/roboto-latin-500-normal\\.woff2",
            "cookies": 0,
            "fingerprinting": 0,
            "subdomains": [
                "fonts"
            ],
            "apis": {},
            "sites": 2,
            "prevalence": 0.000201,
            "cnames": [],
            "responseHashes": [
                "73184d873c06793a2b8d7115880046dc0617409eb634a5424d7a47f77c75f5a3"
            ],
            "type": "Font",
            "firstPartyCookies": {},
            "firstPartyCookiesSent": {},
            "exampleSites": [
                "singletrackworld.com",
                "www.crystalvaults.com"
            ]
        }
    ],
    "categories": [],
    "performance": {},
    "cookies": 0,
    "topInitiators": [
        {
            "domain": "convertbox.com",
            "prevalence": 0.5217391304347826
        },
        {
            "domain": "first party",
            "prevalence": 0.34782608695652173
        },
        {
            "domain": "gr-cdn.com",
            "prevalence": 0.08695652173913043
        },
        {
            "domain": "now4real.com",
            "prevalence": 0.043478260869565216
        }
    ],
    "types": {
        "Stylesheet": 21,
        "Font": 21
    },
    "nameservers": [
        "kiki.bunny.net",
        "coco.bunny.net"
    ]
}