{
    "domain": "carpentercomparison.com",
    "owner": {
        "name": "Leven Labs, Inc. DBA Admiral",
        "displayName": "Admiral"
    },
    "source": [
        "DuckDuckGo-US"
    ],
    "prevalence": 0.000184,
    "sites": 27,
    "subdomains": [],
    "cnames": [],
    "fingerprinting": 2,
    "resources": [
        {
            "rule": "carpentercomparison\\.com\\/v2pwbVW7ZGKEGncS2wAYLijWPSQPJ7a7A7qWDtpt9KyOLyClI7Bt_qvU",
            "cookies": 0.0000953,
            "fingerprinting": 2,
            "subdomains": [],
            "apis": {
                "Navigator.prototype.userAgent": 8,
                "window.localStorage": 14,
                "window.sessionStorage": 6,
                "HTMLCanvasElement.prototype.toDataURL": 11,
                "Date.prototype.getTimezoneOffset": 14,
                "Document.cookie getter": 14,
                "Document.cookie setter": 14,
                "Notification.permission": 14
            },
            "sites": 14,
            "prevalence": 0.0000953,
            "cnames": [],
            "responseHashes": [
                "49c212bda894ac6aacee83134aecda163840bc27523136cd280aad3fafc715ba",
                "de8e22d16f6b34cc0922d4e98d21d0072c6753cbebe6a76891624c8b71f3f795",
                "ab9651fa181f563433b7528fa64944a772f0d5a92d7da08aeef9375aea87edf1",
                "72f920fcc48a5f4723bab88a74513097565861212164aaea2348f06a0d2386ff",
                "44d053c9b216dde63bad488fd24501f6304b8da81f6a8d25482fcdcdbcd33bf8",
                "881914d0f3a32fe45f7fbc7d6ec2bc4c6807cb001194fd7c4142c5b45e52d6bb",
                "0b0a6f937cb5683d33ae2c3dc88f5841e347b9e20919cf78f5782982fefe6a94",
                "00ae48b0903cb131d407b391bc830f04d0526e43f599807541f403b648c77844",
                "10878829990fea755433b666cd9786159402b4377b05dbc6bf98820d58d8e97b",
                "873af6cc1f4d86eeb762ec58f8b5d077686eeac427c32f279d2cd9bdd2a595ba",
                "7915b11aa005b87164e7ac7c6d4f0fb51bd31a9a9e1d3bdb487bc7db4e5cd1b4",
                "d4f8c6780064be015dfde656dda61d531a05196cf3f829ef0e4e8b329d9ba8eb",
                "2cbb6a1bb095c9ba3f8f9d2490e0b21b10406ae3e90b7a1ebceb12ca3e5e2336"
            ],
            "type": "Script",
            "firstPartyCookies": {
                "_awl": {
                    "ttl": 34128000,
                    "length": 74,
                    "prevalence": 0.00006126366520087675,
                    "uniqueness": 1
                },
                "_admrla": {
                    "ttl": 34128000,
                    "length": 57,
                    "prevalence": 0.00006126366520087675,
                    "uniqueness": 1
                }
            },
            "firstPartyCookiesSent": {},
            "exampleSites": [
                "suntimes.com",
                "legacy.suntimes.com",
                "obits.al.com",
                "obits.dallasnews.com",
                "obits.cleveland.com",
                "obits.masslive.com",
                "obits.mlive.com",
                "obits.nj.com",
                "obits.nola.com",
                "obits.oregonlive.com",
                "obits.pennlive.com",
                "obits.postandcourier.com",
                "obits.syracuse.com",
                "obits.theadvocate.com"
            ]
        },
        {
            "rule": "carpentercomparison\\.com\\/v2yjdmJ7zYBXcVC6vOKn2Jqbnfy1d5ePHNqi8PfHfk6yPNi-CHsxjN_EkFzLCU7vCWF1n0yM2aA",
            "cookies": 0,
            "fingerprinting": 0,
            "subdomains": [],
            "apis": {},
            "sites": 2,
            "prevalence": 0.0000136,
            "cnames": [],
            "responseHashes": [
                "4355a46b19d348dc2f57c046f8ef63d4538ebb936000f3c9ee954a27460dd865"
            ],
            "type": "Ping",
            "firstPartyCookies": {},
            "firstPartyCookiesSent": {},
            "exampleSites": [
                "suntimes.com",
                "legacy.suntimes.com"
            ]
        },
        {
            "rule": "carpentercomparison\\.com\\/v2nlfZdn3WoydGB1vjUETH1FnPIs9s3tfOmWUoMQxerMX82X2Uytr4JrrHDfUxs_v",
            "cookies": 0.0000681,
            "fingerprinting": 2,
            "subdomains": [],
            "apis": {
                "Navigator.prototype.userAgent": 10,
                "HTMLCanvasElement.prototype.toDataURL": 10,
                "window.localStorage": 10,
                "Date.prototype.getTimezoneOffset": 10,
                "Document.cookie getter": 10,
                "Document.cookie setter": 10,
                "Notification.permission": 10,
                "window.sessionStorage": 8
            },
            "sites": 10,
            "prevalence": 0.0000681,
            "cnames": [],
            "responseHashes": [
                "3c35065a8b130c445d328225ba907ae99efd4aef73340e2e4dc3bbb40185a5a2",
                "63fe11e9191bd27271fa934a0de99a53bff5519ff30de60d9f5bfa0dbbb56dc5",
                "f6ad6ae3f63178e9fdbdb8350cc4f98d441f705d2354a1729fb27597d862aa2d",
                "a73f849578c90b7148d4f4cd86e7e2ff198e6222b6f0ae7826beae6e0fe9b754",
                "85e01ea3cef98561d6fcf738c15f38ab3882ef1472e73d509bd4d58eb486ff91",
                "b0c0020b4a8473263c3439978435bba93d00999011c39f02d19a7d2a54eb6778",
                "43857119219256ddb2218e9ae0aaa3ac204d9e5d6def26e07d2b1cc58b4ed344",
                "7e7a2f06a1c9e2fa6e3704d583ad7f035449330d96b9621936202c8a666daa31",
                "f8bf031162d652634091ada99f98a9ad0b596b1612c6f93badd9a6cd8eec54f7"
            ],
            "type": "Script",
            "firstPartyCookies": {
                "_awl": {
                    "ttl": 34128000,
                    "length": 74,
                    "prevalence": 0.000013614147822417056,
                    "uniqueness": 1
                },
                "_admrla": {
                    "ttl": 34128000,
                    "length": 57,
                    "prevalence": 0.000013614147822417056,
                    "uniqueness": 1
                }
            },
            "firstPartyCookiesSent": {},
            "exampleSites": [
                "nzherald.co.nz",
                "notices.nzherald.co.nz",
                "obits.al.com",
                "obits.cleveland.com",
                "obits.masslive.com",
                "obits.mlive.com",
                "obits.oregonlive.com",
                "obits.pennlive.com",
                "obits.syracuse.com",
                "obits.theadvocate.com"
            ]
        }
    ],
    "categories": [],
    "performance": {},
    "cookies": 0.000184,
    "topInitiators": [
        {
            "domain": "legacy.com",
            "prevalence": 0.5185185185185185
        },
        {
            "domain": "first party",
            "prevalence": 0.48148148148148145
        }
    ],
    "types": {
        "Script": 24,
        "Ping": 2
    },
    "nameservers": [
        "ns-1627.awsdns-11.co.uk",
        "ns-697.awsdns-23.net",
        "ns-305.awsdns-38.com",
        "ns-1212.awsdns-23.org"
    ]
}