{
    "domain": "cbox.ws",
    "owner": {},
    "source": [
        "DuckDuckGo-US"
    ],
    "prevalence": 0.0000613,
    "sites": 9,
    "subdomains": [
        "www6",
        "www5",
        "www4",
        "www3",
        "www7",
        "static",
        "flr-eu1",
        "flr-eu3",
        "flr-la0"
    ],
    "cnames": [],
    "fingerprinting": 1,
    "resources": [
        {
            "rule": "cbox\\.ws\\/box\\/",
            "cookies": 0,
            "fingerprinting": 1,
            "subdomains": [
                "www6",
                "www5",
                "www4",
                "www3",
                "www7"
            ],
            "apis": {
                "Date.prototype.getTime": 4,
                "window.name": 1
            },
            "sites": 6,
            "prevalence": 0.0000408,
            "cnames": [],
            "responseHashes": [
                "f6c44bd53eff345ca35bd39c6c20d49f3c5e92c1b0c99b2c1ba173d0290d8ea7",
                "e440a567e9795b0e2fb59aa17a74e18900d2e7cf711d582f3e2731ae4d8b6926",
                "3fd93f2eed1950821300e3291b957e4f38f8f63f98b956e8322c8e1749a8f959",
                "6b017f9f9b75451b2edd0362a8a0ba279faa2e1d02e6ee0dbce0ccf9ae7f940b",
                "d2fd625ab6f8793c47baa2dd85a706388493c0aa5476d4c0e80b17f7e55117b9"
            ],
            "type": "Document",
            "firstPartyCookies": {},
            "firstPartyCookiesSent": {},
            "exampleSites": [
                "bolasiartv.live",
                "doolix.lol",
                "javfree.me",
                "socceron.name",
                "vip-pussy.com"
            ]
        },
        {
            "rule": "cbox\\.ws\\/box\\/",
            "cookies": 0,
            "fingerprinting": 0,
            "subdomains": [
                "www6",
                "www5",
                "www3",
                "www7"
            ],
            "apis": {},
            "sites": 5,
            "prevalence": 0.000034,
            "cnames": [],
            "responseHashes": [
                "0aae17ff4dd676b7b7bad36e1ccd74cf544f7043d1dc2136768933ebf1633e46",
                "d901df4d1f3e7d2a08193b48a3b8c1bc3516fa542d95af997ec782b0148c3f6f",
                "1e7109eba9c848975f4eade96556110e1ce4371a25570234aed2e876477a0d60",
                "edd94a82639be50655ef1fd4c3dfd41bcd2d66c14442d55971cc6bd474717f0a"
            ],
            "type": "Stylesheet",
            "firstPartyCookies": {},
            "firstPartyCookiesSent": {},
            "exampleSites": [
                "bolasiartv.live",
                "doolix.lol",
                "socceron.name",
                "vip-pussy.com"
            ]
        },
        {
            "rule": "cbox\\.ws\\/jsc\\/jsc_10_1662968291\\.js",
            "cookies": 0,
            "fingerprinting": 1,
            "subdomains": [
                "static"
            ],
            "apis": {
                "Date.prototype.getTime": 4,
                "window.localStorage": 2,
                "window.name": 2,
                "HTMLMediaElement.prototype.canPlayType": 3
            },
            "sites": 4,
            "prevalence": 0.0000272,
            "cnames": [],
            "responseHashes": [
                "ee9be91699ff4cf58c547b83514c18568a274bfa1a5e63726714798cf33fc4a0"
            ],
            "type": "Script",
            "firstPartyCookies": {},
            "firstPartyCookiesSent": {},
            "exampleSites": [
                "bolasiartv.live",
                "doolix.lol",
                "vip-pussy.com"
            ]
        },
        {
            "rule": "cbox\\.ws\\/fonts\\/fontawesome-webfont\\.woff2",
            "cookies": 0,
            "fingerprinting": 0,
            "subdomains": [
                "static"
            ],
            "apis": {},
            "sites": 4,
            "prevalence": 0.0000272,
            "cnames": [],
            "responseHashes": [
                "9682aff0dfb2932f5273721abd9190df39eeb0f42c37a24566aa4ac5753219c1"
            ],
            "type": "Font",
            "firstPartyCookies": {},
            "firstPartyCookiesSent": {},
            "exampleSites": [
                "bolasiartv.live",
                "doolix.lol",
                "vip-pussy.com"
            ]
        },
        {
            "rule": "cbox\\.ws\\/box\\/",
            "cookies": 0,
            "fingerprinting": 0,
            "subdomains": [
                "www6",
                "www7"
            ],
            "apis": {},
            "sites": 2,
            "prevalence": 0.0000136,
            "cnames": [],
            "responseHashes": [
                "ad6bd15ff4655ec6b50e35ab9a2ec4e72943793acdf3f3a3945877da56de8534"
            ],
            "type": "XHR",
            "firstPartyCookies": {},
            "firstPartyCookiesSent": {},
            "exampleSites": [
                "vip-pussy.com"
            ]
        },
        {
            "rule": "cbox\\.ws\\/snd\\/blip1\\.ogg",
            "cookies": 0,
            "fingerprinting": 0,
            "subdomains": [
                "static"
            ],
            "apis": {},
            "sites": 3,
            "prevalence": 0.0000204,
            "cnames": [],
            "responseHashes": [
                "a3e07820b2c602bd7bee045591c8af601623ab4be778cbbe5a626b93a9065d9a"
            ],
            "type": "Media",
            "firstPartyCookies": {},
            "firstPartyCookiesSent": {},
            "exampleSites": [
                "doolix.lol",
                "vip-pussy.com"
            ]
        },
        {
            "rule": "cbox\\.ws\\/",
            "cookies": 0,
            "fingerprinting": 0,
            "subdomains": [
                "flr-eu1",
                "flr-eu3",
                "flr-la0"
            ],
            "apis": {},
            "sites": 5,
            "prevalence": 0.000034,
            "cnames": [],
            "responseHashes": [],
            "type": "WebSocket",
            "firstPartyCookies": {},
            "firstPartyCookiesSent": {},
            "exampleSites": [
                "bolasiartv.live",
                "doolix.lol",
                "socceron.name",
                "vip-pussy.com"
            ]
        },
        {
            "rule": "cbox\\.ws\\/flags\\/us\\.png",
            "cookies": 0,
            "fingerprinting": 0,
            "subdomains": [
                "static"
            ],
            "apis": {},
            "sites": 2,
            "prevalence": 0.0000136,
            "cnames": [],
            "responseHashes": [
                "9fadc9f3de093463878436aa31b1b4b6652b4bf8bb6f111c1455304e5efacf27"
            ],
            "type": "Image",
            "firstPartyCookies": {},
            "firstPartyCookiesSent": {},
            "exampleSites": [
                "javfree.me",
                "vip-pussy.com"
            ]
        },
        {
            "rule": "cbox\\.ws\\/jsc\\/jsc_1593163307\\.js",
            "cookies": 0,
            "fingerprinting": 1,
            "subdomains": [
                "static"
            ],
            "apis": {
                "Date.prototype.getTime": 2,
                "window.localStorage": 1,
                "window.name": 1
            },
            "sites": 2,
            "prevalence": 0.0000136,
            "cnames": [],
            "responseHashes": [
                "4a0bfe840910b6f2622d2a9a11ff97a2e655facd7db8fa94633607fdc082a46a"
            ],
            "type": "Script",
            "firstPartyCookies": {},
            "firstPartyCookiesSent": {},
            "exampleSites": [
                "javfree.me",
                "socceron.name"
            ]
        }
    ],
    "categories": [],
    "performance": {},
    "cookies": 0,
    "topInitiators": [
        {
            "domain": "first party",
            "prevalence": 1
        }
    ],
    "types": {
        "Document": 6,
        "Stylesheet": 5,
        "Script": 6,
        "Font": 4,
        "XHR": 2,