{
    "domain": "ccgateway.net",
    "owner": {
        "name": "Clicksco FZ",
        "displayName": "Clicksco FZ"
    },
    "source": [
        "DuckDuckGo-AU"
    ],
    "prevalence": 0.001,
    "sites": 10,
    "subdomains": [
        "carbon-cdn",
        "pogo",
        "script-api",
        "privacy-location-edge",
        "tag-api-2-1",
        "eus-api",
        "revenue-mapping-api"
    ],
    "cnames": [],
    "fingerprinting": 2,
    "resources": [
        {
            "rule": "ccgateway\\.net\\/script",
            "cookies": 0.000904,
            "fingerprinting": 1,
            "subdomains": [
                "carbon-cdn"
            ],
            "apis": {
                "Date.prototype.getTime": 9,
                "Document.cookie getter": 9,
                "Document.cookie setter": 9,
                "window.localStorage": 6,
                "window.sessionStorage": 5
            },
            "sites": 10,
            "prevalence": 0.001,
            "cnames": [],
            "responseHashes": [
                "16881c8f77d3ba2c0fcd31e1eece4c7b78590c41edb293439f2511b9cd514a11",
                "e577605be5a06c9cdd9de9dd9e7fd2ba4c332244b760d5d63cdb872d949cd5b3",
                "37bc5bfb487f5713cb08aaab09d31d1a4a9e309e3543f2a036d4223c4045ad6b",
                "c88ceb0607bac8119943749b53c1b96c29461b40a3ce3b82aebc430312a70bf8",
                "d59488440ef1b523835023db07dfdbcb1fbac7b62f1255c4d588a051378fc6c9",
                "d74c991e98b4811008a5abbc0e6f347809bd98703b315218b57275ede14a4055",
                "5e339aed66184e2e74e6555b58ab3980a38d84d54c2c330a12c2f0dacfe42c5f",
                "eb1ad36e9c15de0adddeeb23ae9d18853f5482ad2b08491b8f6b01ca5f1f840e",
                "afa54d46f870fadfef8cc71365f1c9d275fa34cf07c76d94e6c0e1e8a766d72e"
            ],
            "type": "Script",
            "firstPartyCookies": {
                "GLAM-JID": {
                    "ttl": 1219,
                    "length": 32,
                    "prevalence": 0.0009036144578313253,
                    "uniqueness": 1
                },
                "GLAM-AID": {
                    "ttl": 2592019,
                    "length": 32,
                    "prevalence": 0.0009036144578313253,
                    "uniqueness": 1
                },
                "GLAM-SID": {
                    "ttl": null,
                    "length": 32,
                    "prevalence": 0.0009036144578313253,
                    "uniqueness": 1
                },
                "__j_state": {
                    "ttl": 1219,
                    "length": 229,
                    "prevalence": 0.0009036144578313253,
                    "uniqueness": 1
                }
            },
            "firstPartyCookiesSent": {
                "lotame_domain_check": 0.0008032128514056225
            },
            "exampleSites": [
                "bustle.com",
                "www.elitedaily.com",
                "www.fatherly.com",
                "www.gawker.com",
                "www.inverse.com",
                "www.mic.com",
                "www.romper.com",
                "www.scarymommy.com",
                "www.scotsman.com",
                "www.theatlantic.com"
            ]
        },
        {
            "rule": "ccgateway\\.net\\/v1\\/p\\/67c7fcd8b0\\/classification",
            "cookies": 0,
            "fingerprinting": 0,
            "subdomains": [
                "pogo"
            ],
            "apis": {},
            "sites": 8,
            "prevalence": 0.000803,
            "cnames": [],
            "responseHashes": [
                "77589629b2603e9949a28b28cd3f3dd24fd995c11aefbce95976722e3e269a98",
                "8e241a63fa4bf35df976b26ec6056e0d29682bd7c049df41e230b48e69c43e4f",
                "19d1961526287531ff88c36c26dc72c87a7e868c61a8bb171bfc7a6d192c2cc5",
                "608cb4c45b510340b42a448777bf88a55d92d0994c3eda08a51371c14d80b03a"
            ],
            "type": "XHR",
            "firstPartyCookies": {},
            "firstPartyCookiesSent": {
                "lotame_domain_check": 0.0008032128514056225
            },
            "exampleSites": [
                "bustle.com",
                "www.elitedaily.com",
                "www.fatherly.com",
                "www.gawker.com",
                "www.inverse.com",
                "www.mic.com",
                "www.romper.com",
                "www.scarymommy.com"
            ]
        },
        {
            "rule": "ccgateway\\.net\\/script\\/launcher\\/2\\/user\\.js",
            "cookies": 0,
            "fingerprinting": 1,
            "subdomains": [
                "script-api"
            ],
            "apis": {
                "window.localStorage": 6,
                "window.sessionStorage": 6
            },
            "sites": 9,
            "prevalence": 0.000904,
            "cnames": [],
            "responseHashes": [
                "a11d3b4b6f2902037c365146ff80b5bf95923f3176f1a827355e45177314d423"
            ],
            "type": "Script",
            "firstPartyCookies": {},
            "firstPartyCookiesSent": {},
            "exampleSites": [
                "bustle.com",
                "www.fatherly.com",
                "www.gawker.com",
                "www.inverse.com",
                "www.mic.com",
                "www.romper.com",
                "www.scarymommy.com",
                "www.scotsman.com",
                "www.theatlantic.com"
            ]
        },
        {
            "rule": "ccgateway\\.net\\/userId",
            "cookies": 0,
            "fingerprinting": 0,
            "subdomains": [
                "script-api"
            ],
            "apis": {},
            "sites": 9,
            "prevalence": 0.000904,
            "cnames": [],
            "responseHashes": [
                "7251cbc1fc310fd730a614c7bca6bc952fcdafbae4dcc2e7c22872233e606acf",
                "0331663db4b08a5e9790b7a979a3aea75e58574d5a3149a748e18f2abcc23e4b",
                "e9d677f77a17bc0453c5086416dc49a02e6f3f83cfe005cbee6ea80474f497ac",
                "9fde52c6fa384256d01fb232fec573466ed3ce24ddd262fcc1142661e2168b9d",
                "c5f5356ca9a336c3910f81f48d2dcb8579aeab2e1b9737269815b511a17c4ef0",
                "55fd42170759789ac643fb39d4f83344996ffbd3b70be345060bd2e130873fcf"
            ],
            "type": "Script",
            "firstPartyCookies": {},
            "firstPartyCookiesSent": {},
            "exampleSites": [
                "bustle.com",
                "www.fatherly.com",
                "www.gawker.com",
                "www.inverse.com",
                "www.mic.com",
                "www.romper.com",
                "www.scarymommy.com",
                "www.scotsman.com",
                "www.theatlantic.com"
            ]
        },
        {
            "rule": "ccgateway\\.net\\/script\\/launcher\\/2\\/realtime\\.js",
            "cookies": 0,
            "fingerprinting": 1,
            "subdomains": [
                "script-api"
            ],
            "apis": {
                "window.localStorage": 5
            },
            "sites": 9,
            "prevalence": 0.000904,
            "cnames": [],
            "responseHashes": [
                "188c936df498009ba8f981d76315c284bd24bb0211ebbf7b066d0322f27e7601"
            ],
            "type": "Script",
            "firstPartyCookies": {},
            "firstPartyCookiesSent": {},
            "exampleSites": [
                "bustle.com",
                "www.fatherly.com",
                "www.gawker.com",
                "www.inverse.com",
                "www.mic.com",
                "www.romper.com",
                "www.scarymommy.com",
                "www.scotsman.com",
                "www.theatlantic.com"
            ]
        },
        {
            "rule": "ccgateway\\.net\\/script\\/launcher\\/5\\/api\\.js",
            "cookies": 0,
            "fingerprinting": 0,