{
    "domain": "ccm19.de",
    "owner": {},
    "source": [
        "DuckDuckGo-CH"
    ],
    "prevalence": 0.000904,
    "sites": 9,
    "subdomains": [
        "cloud",
        "5f3c395"
    ],
    "cnames": [],
    "fingerprinting": 1,
    "resources": [
        {
            "rule": "ccm19\\.de\\/app\\.js",
            "cookies": 0.0001,
            "fingerprinting": 2,
            "subdomains": [
                "cloud"
            ],
            "apis": {
                "Navigator.prototype.userAgent": 5,
                "window.sessionStorage": 5,
                "window.localStorage": 5,
                "Navigator.prototype.doNotTrack": 2,
                "Document.cookie getter": 5,
                "Navigator.prototype.platform": 5,
                "Navigator.prototype.language": 5,
                "Document.cookie setter": 1
            },
            "sites": 5,
            "prevalence": 0.000502,
            "cnames": [],
            "responseHashes": [
                "89951a7903cbafc1e7cbfbbada68f0a98c2782e75851a2baf7d59cb135d017d4",
                "27edc45f9c1ba7a50c131e16698905fd8fce1c91c27d9f8c17fefe493ada6af0",
                "ce1dd90b6239a7f7510e64aa836cef41d1efacb5ab9eebaf35b9e5f74433c806",
                "f9447da984a98d5c0e5a7ab287e863dbd26a2448f6e590f83264a63ae35dfc4d"
            ],
            "type": "Script",
            "firstPartyCookies": {},
            "firstPartyCookiesSent": {},
            "exampleSites": [
                "rittmeyer.com",
                "www.computerwissen.de",
                "www.laendervorwahl.org",
                "www.lesejury.de",
                "www.starticket.ch"
            ]
        },
        {
            "rule": "ccm19\\.de\\/app\\.css",
            "cookies": 0,
            "fingerprinting": 0,
            "subdomains": [
                "cloud",
                "5f3c395"
            ],
            "apis": {},
            "sites": 9,
            "prevalence": 0.000904,
            "cnames": [],
            "responseHashes": [
                "0f91e6162996cacd032d4926d059189114935e566176c0aa12b125c79e85ecc3",
                "f9c6a9329511701f664b19316d72d5269432b8314fb57e5afd36627c0dcf984e",
                "22aed8da3732e711aa4629d3da51584916a2bb653cf9db94ef73b540b6c82fcc",
                "71577e6d56815deca406582c577d7090dad876b2ff51ae44952eee179dd9a5e2",
                "6ca4ade422b78a44e16954d3ed3f9c998758ab06f34e36823f72b00cea920b9d"
            ],
            "type": "Stylesheet",
            "firstPartyCookies": {},
            "firstPartyCookiesSent": {},
            "exampleSites": [
                "rittmeyer.com",
                "www.alternativ-gesund-leben.de",
                "www.computerwissen.de",
                "www.elternwissen.com",
                "www.gesundheitswissen.de",
                "www.laendervorwahl.org",
                "www.lesejury.de",
                "www.starticket.ch",
                "www.workingoffice.de"
            ]
        },
        {
            "rule": "ccm19\\.de\\/widget",
            "cookies": 0,
            "fingerprinting": 0,
            "subdomains": [
                "cloud",
                "5f3c395"
            ],
            "apis": {},
            "sites": 9,
            "prevalence": 0.000904,
            "cnames": [],
            "responseHashes": [],
            "type": "Preflight",
            "firstPartyCookies": {},
            "firstPartyCookiesSent": {},
            "exampleSites": [
                "rittmeyer.com",
                "www.alternativ-gesund-leben.de",
                "www.computerwissen.de",
                "www.elternwissen.com",
                "www.gesundheitswissen.de",
                "www.laendervorwahl.org",
                "www.lesejury.de",
                "www.starticket.ch",
                "www.workingoffice.de"
            ]
        },
        {
            "rule": "ccm19\\.de\\/widget\\/details",
            "cookies": 0,
            "fingerprinting": 0,
            "subdomains": [
                "cloud",
                "5f3c395"
            ],
            "apis": {},
            "sites": 9,
            "prevalence": 0.000904,
            "cnames": [],
            "responseHashes": [
                "e3b0c44298fc1c149afbf4c8996fb92427ae41e4649b934ca495991b7852b855"
            ],
            "type": "Other",
            "firstPartyCookies": {},
            "firstPartyCookiesSent": {},
            "exampleSites": [
                "rittmeyer.com",
                "www.alternativ-gesund-leben.de",
                "www.computerwissen.de",
                "www.elternwissen.com",
                "www.gesundheitswissen.de",
                "www.laendervorwahl.org",
                "www.lesejury.de",
                "www.starticket.ch",
                "www.workingoffice.de"
            ]
        },
        {
            "rule": "ccm19\\.de\\/widget",
            "cookies": 0,
            "fingerprinting": 0,
            "subdomains": [
                "cloud",
                "5f3c395"
            ],
            "apis": {},
            "sites": 9,
            "prevalence": 0.000904,
            "cnames": [],
            "responseHashes": [
                "603139973ee4831aa781f8dde8652ca2f9d06176f8e29eb0e1347eed5dbc1ca1",
                "4526477be477101fd1ffe47ec3f5c25f2d84eaae7d67be7789f342fb6bc5f76f",
                "66d4cadd87886388feac0bd06664c0a8f0c4f675e4fd8607f21e090cf56a8e9d",
                "23ea494c90301bec3e43748c32e936c52afdce0460486448a5dba8f3b52f1873",
                "ff1d9d875531fc3bb4634a5ffaa68a60ffb71fc2b82dcfbd51cf66581a77efa0",
                "34e9b11245c1671fe0048b78971172acf00ab9c9a84666c8aab31c8a8f28a539",
                "f19bc3859eebce3f75a945fab81864e1b0acece4c7ceb94566d53cad45ce4c50",
                "f01f2c63f47f71e9b85be859bab8e2eefa6007bf3619e4a15f90874b86c406c8"
            ],
            "type": "XHR",
            "firstPartyCookies": {},
            "firstPartyCookiesSent": {},
            "exampleSites": [
                "rittmeyer.com",
                "www.alternativ-gesund-leben.de",
                "www.computerwissen.de",
                "www.elternwissen.com",
                "www.gesundheitswissen.de",
                "www.laendervorwahl.org",
                "www.lesejury.de",
                "www.starticket.ch",
                "www.workingoffice.de"
            ]
        },
        {
            "rule": "ccm19\\.de\\/statistics\\/consent",
            "cookies": 0,
            "fingerprinting": 0,
            "subdomains": [
                "cloud",
                "5f3c395"
            ],
            "apis": {},
            "sites": 9,
            "prevalence": 0.000904,
            "cnames": [],
            "responseHashes": [],
            "type": "Preflight",
            "firstPartyCookies": {},
            "firstPartyCookiesSent": {},
            "exampleSites": [
                "rittmeyer.com",
                "www.alternativ-gesund-leben.de",
                "www.computerwissen.de",
                "www.elternwissen.com",
                "www.gesundheitswissen.de",
                "www.laendervorwahl.org",
                "www.lesejury.de",
                "www.starticket.ch",
                "www.workingoffice.de"
            ]
        },
        {
            "rule": "ccm19\\.de\\/statistics\\/consent",
            "cookies": 0,
            "fingerprinting": 0,
            "subdomains": [
                "cloud",
                "5f3c395"
            ],
            "apis": {},
            "sites": 9,
            "prevalence": 0.000904,
            "cnames": [],
            "responseHashes": [
                "c955e57777ec0d73639dca6748560d00aa5eb8e12f13ebb2ed9656add3908f97"
            ],
            "type": "XHR",
            "firstPartyCookies": {},
            "firstPartyCookiesSent": {},