{
    "domain": "chatwidget.software",
    "owner": {},
    "source": [
        "DuckDuckGo-US"
    ],
    "prevalence": 0.0000204,
    "sites": 3,
    "subdomains": [],
    "cnames": [],
    "fingerprinting": 2,
    "resources": [
        {
            "rule": "chatwidget\\.software\\/widget\\/build\\.js",
            "cookies": 0.00000681,
            "fingerprinting": 2,
            "subdomains": [],
            "apis": {
                "window.localStorage": 1,
                "window.sessionStorage": 1,
                "Navigator.prototype.userAgent": 1,
                "window.indexedDB": 1,
                "Document.cookie getter": 1,
                "Navigator.prototype.platform": 1,
                "Document.cookie setter": 1,
                "Screen.prototype.orientation": 1,
                "Date.prototype.getTime": 1,
                "Event.prototype.timeStamp": 1
            },
            "sites": 3,
            "prevalence": 0.0000204,
            "cnames": [],
            "responseHashes": [
                "080532db046ca69b5222e3653b5adadcf78fabb1b1803a961cf3ebb657e6e25f"
            ],
            "type": "Script",
            "firstPartyCookies": {
                "chatCreated_166913449493716152": {
                    "ttl": 18002,
                    "length": 57,
                    "prevalence": 0.000006807073911208528,
                    "uniqueness": 1
                },
                "ownerEmail_166913449483924307": {
                    "ttl": 864003,
                    "length": 24,
                    "prevalence": 0.000006807073911208528,
                    "uniqueness": 1
                },
                "chatId_166913449493716152": {
                    "ttl": 18003,
                    "length": 13,
                    "prevalence": 0.000006807073911208528,
                    "uniqueness": 1
                },
                "visitorId_166913449493716152": {
                    "ttl": 18003,
                    "length": 13,
                    "prevalence": 0.000006807073911208528,
                    "uniqueness": 1
                },
                "ClIENTID_166913449493716152": {
                    "ttl": 18005,
                    "length": 19,
                    "prevalence": 0.000006807073911208528,
                    "uniqueness": 1
                },
                "domain_166913449483924307": {
                    "ttl": null,
                    "length": 23,
                    "prevalence": 0.000006807073911208528,
                    "uniqueness": 1
                }
            },
            "firstPartyCookiesSent": {},
            "exampleSites": [
                "appypie.com",
                "www.appypie.com",
                "www.ickonic.com"
            ]
        },
        {
            "rule": "chatwidget\\.software\\/styleNew\\.css",
            "cookies": 0,
            "fingerprinting": 0,
            "subdomains": [],
            "apis": {},
            "sites": 2,
            "prevalence": 0.0000136,
            "cnames": [],
            "responseHashes": [
                "0723858e900cd40dc907d7a6944b25ea95c30b5097a7f0ab9a63bdc302848efb"
            ],
            "type": "Stylesheet",
            "firstPartyCookies": {},
            "firstPartyCookiesSent": {},
            "exampleSites": [
                "appypie.com",
                "www.ickonic.com"
            ]
        }
    ],
    "categories": [],
    "performance": {},
    "cookies": 0.00000681,
    "topInitiators": [
        {
            "domain": "first party",
            "prevalence": 1
        }
    ],
    "types": {
        "Script": 3,
        "Stylesheet": 2
    },
    "nameservers": [
        "skip.ns.cloudflare.com",
        "lady.ns.cloudflare.com"
    ]
}