{
    "domain": "chatntr.com",
    "owner": {},
    "source": [
        "DuckDuckGo-CH"
    ],
    "prevalence": 0.00161,
    "sites": 16,
    "subdomains": [],
    "cnames": [],
    "fingerprinting": 1,
    "resources": [
        {
            "rule": "chatntr\\.com\\/script\\.js",
            "cookies": 0,
            "fingerprinting": 1,
            "subdomains": [],
            "apis": {
                "Document.cookie getter": 3,
                "window.innerWidth": 3,
                "window.innerHeight": 3
            },
            "sites": 3,
            "prevalence": 0.000301,
            "cnames": [],
            "responseHashes": [
                "6b0d7cd75574f7579c3012d7e24864cd5d66f796da0fbdca790f13b3d17a940c"
            ],
            "type": "Script",
            "firstPartyCookies": {},
            "firstPartyCookiesSent": {},
            "exampleSites": [
                "pornohutdeutsch.net",
                "www.omasexpornos.com",
                "www.sexfilme24.org"
            ]
        },
        {
            "rule": "chatntr\\.com\\/widget",
            "cookies": 0,
            "fingerprinting": 1,
            "subdomains": [],
            "apis": {
                "Document.cookie getter": 12
            },
            "sites": 16,
            "prevalence": 0.00161,
            "cnames": [],
            "responseHashes": [
                "b2a2b466d14723511e6565fd11d8f4a4d7d8207983ac0b61ba9c2b0560fe9342",
                "6b178c9c345336d7334afb70cea49a8a1bde4e4e91a18af73c249bb6b331f145",
                "884d8f481f12426c02454fc140b2958039a40c8c17a24c9dab6a0b9b4aee0757",
                "7ea42186333299d123b9b06fa6a714e04e1bb9805e583b64f4bf6579a8222297",
                "c9912c110ea95d82deda92f26299d523fb3e4d05df3966029c6db9100539ba04",
                "d0a29d88e1876e156c142bd78c2af8a8de06fa5cb3bb4a3a1f9f871a5d1d5ee3",
                "1a0907d66595382142fbb41bcd211cea363a0fe281d4a87b15f969f4087e8b01",
                "16bf72a723dc5dbc053da6456d8c4a483e58d2439859ce9864bcc9ca3f946c0f",
                "17e137cf943ecadbcb604eb9b6ed4b2ee571a145675ad8e7f7a37169da06810c",
                "61e9727437e53eb9f1c0babf61fde7009dbfd627dc41965f11bba4c2c99fae76",
                "3491f86e4b9798df222949edb88ccaef1c09f7d2da5353b936c3fcc7bb1154a8",
                "6dd989653d911fde22615b01c00c64743fb73c67204619c6e71c06c24337ac64",
                "bcb03953ecfa8da5a038f5af50b87159ae0a180ac7cc2e1a204819c7f5b19cf5"
            ],
            "type": "Document",
            "firstPartyCookies": {},
            "firstPartyCookiesSent": {},
            "exampleSites": [
                "pornohutdeutsch.net",
                "www.deinesexfilme.com",
                "www.halloporno.net",
                "www.hd-sexfilme.com",
                "www.hdpornos.net",
                "www.nursexfilme.com",
                "www.omasexpornos.com",
                "www.pornohirsch.net",
                "www.pornoente.tv",
                "www.pornoklinge.com",
                "www.pornotom.com",
                "www.pornohammer.com",
                "www.pornoaffe.net",
                "www.sexfilme24.org",
                "www.sexvideos-hd.com",
                "www.xnxx-pornos.xxx"
            ]
        }
    ],
    "categories": [],
    "performance": {},
    "cookies": 0,
    "topInitiators": [
        {
            "domain": "first party",
            "prevalence": 1
        }
    ],
    "types": {
        "Script": 3,
        "Document": 16
    },
    "nameservers": [
        "tim.ns.cloudflare.com",
        "mona.ns.cloudflare.com"
    ]
}