{
    "domain": "citiservi.es",
    "owner": {},
    "source": [
        "DuckDuckGo-US"
    ],
    "prevalence": 0.00017,
    "sites": 25,
    "subdomains": [
        "a",
        "dmp",
        "ctx",
        "cdp"
    ],
    "cnames": [],
    "fingerprinting": 1,
    "resources": [
        {
            "rule": "citiservi\\.es\\/clocal\\.js",
            "cookies": 0.0000545,
            "fingerprinting": 1,
            "subdomains": [
                "a"
            ],
            "apis": {
                "Date.prototype.getTime": 8,
                "Document.cookie getter": 8,
                "Document.cookie setter": 8,
                "Navigator.prototype.userAgent": 4
            },
            "sites": 8,
            "prevalence": 0.0000545,
            "cnames": [],
            "responseHashes": [
                "2c5dd9ea00483adb51cd81df4bdf4ab6507b0f5d4c9505addfe8d4cae158c3a2",
                "da32575dce47d3ef86b68d8b124f55ceff35d69e5bc1f47473f5d3f36769f934",
                "89e2b2ddcfaddc118bf29195ff247198f9715882691bd9c853a400f461ef094f",
                "a3be7396c3215f74b3c5cd7996904b7fc8b7409af9a6cf31c1249c9bb936c418",
                "202509a6150c903d30915f3ed27cddf783b360e19a7af473bbf137f4614c7597",
                "594dae3818d7e56f66e0647227c6a0713355c4b640f13fdc1fc519e1c3a6e557",
                "40d14a57487d6c55cddb80dcbb3a9052177c4fa385a364518d22e6bd9c80d0b4"
            ],
            "type": "Script",
            "firstPartyCookies": {
                "_btrid": {
                    "ttl": 31536002,
                    "length": 36,
                    "prevalence": 0.000054456591289668224,
                    "uniqueness": 1
                }
            },
            "firstPartyCookiesSent": {},
            "exampleSites": [
                "elespanol.com",
                "www.diariodecadiz.es",
                "www.diariodesevilla.es",
                "www.eleconomista.es",
                "www.elespanol.com",
                "www.elplural.com",
                "www.granadahoy.com",
                "www.malagahoy.es"
            ]
        },
        {
            "rule": "citiservi\\.es\\/adstrack",
            "cookies": 0,
            "fingerprinting": 0,
            "subdomains": [
                "a"
            ],
            "apis": {},
            "sites": 8,
            "prevalence": 0.0000545,
            "cnames": [],
            "responseHashes": [
                "1866961a029c65376fefb7f2ba1e6187e09ff50ea58d97dedfd72c197947d002"
            ],
            "type": "Image",
            "firstPartyCookies": {},
            "firstPartyCookiesSent": {},
            "exampleSites": [
                "elespanol.com",
                "www.diariodecadiz.es",
                "www.diariodesevilla.es",
                "www.eleconomista.es",
                "www.elespanol.com",
                "www.elplural.com",
                "www.granadahoy.com",
                "www.malagahoy.es"
            ]
        },
        {
            "rule": "citiservi\\.es\\/pxtrack\\.js",
            "cookies": 0.000102,
            "fingerprinting": 1,
            "subdomains": [
                "dmp"
            ],
            "apis": {
                "Date.prototype.getTime": 15,
                "Document.cookie setter": 13,
                "Document.cookie getter": 13,
                "window.localStorage": 13
            },
            "sites": 15,
            "prevalence": 0.000102,
            "cnames": [],
            "responseHashes": [
                "d0dcb93a8630a6c4efb9a1f242c2e1f59b2ad01e4ccb9ff9709f74298694bd1e",
                "03f32056144b9748d20839bb85c6176472b6c11f9988097f3f55dcfa0e5fffe4",
                "62ab988862f027ac6971b6965b423a8a8ed8011bdfd0093f2d282f4b908c4c59",
                "6123fcb35296621b30a62bf65ca9be1eb58717a5171db9d8d0aa70a68a8508bc",
                "b383ac844717941305d6dbc51c873e1813d460ff50214b275b494d71d408a49a",
                "691778beb58277762675bd511003f1fcc13dc72ff9dba51ad52021b43a47fc00",
                "eca52a39cf0b30adc0e4c14766a276f75db2f0739271ac8a80581d8f3d3b712c",
                "44ff6c00dc117b8ea02aab1064de9305026c1aa982009f0d2a13ee723293de04",
                "12807299de51f40bdd68097f50fc08ea14506c4033f826089652dca6e5be1c9b",
                "784cb6a57fb09ba23a4113bf60e6cfc430e46f1893e6b637a77ee0ee29332b00",
                "4b494ba9222baa48763fee1a814c57ba0a35c6c567e0dc8037b86ff556e33209",
                "2470fa632d4eb3363c4a4cd9d8c13db69f751a940749f5d0b293e6fbad8aa4e7",
                "739d35dc653fef26f7acc856c33d4a1b4d50cb6eac5d940690c0e13e6079fef8",
                "e117c97624de9637917f59b94e4ff797b0c29966b72a4a49c93fd8318c4669bb"
            ],
            "type": "Script",
            "firstPartyCookies": {
                "_btrid": {
                    "ttl": 31536003,
                    "length": 36,
                    "prevalence": 0.00008849196084571086,
                    "uniqueness": 1
                }
            },
            "firstPartyCookiesSent": {
                "_btrid": 0.00008168488693450234
            },
            "exampleSites": [
                "forbes.es",
                "informalia.eleconomista.es",
                "www.deia.eus",
                "www.diariodecadiz.es",
                "www.diariodesevilla.es",
                "www.eleconomista.es",
                "www.elespanol.com",
                "www.elnacional.cat",
                "www.elplural.com",
                "www.espinof.com",
                "www.granadahoy.com",
                "www.malagahoy.es",
                "www.noticiasdealava.eus",
                "www.noticiasdegipuzkoa.eus",
                "www.noticiasdenavarra.com"
            ]
        },
        {
            "rule": "citiservi\\.es\\/cxt\\/ctxt\\.php",
            "cookies": 0,
            "fingerprinting": 0,
            "subdomains": [
                "ctx"
            ],
            "apis": {},
            "sites": 3,
            "prevalence": 0.0000204,
            "cnames": [],
            "responseHashes": [
                "014b245e3f8b73c47cb64860bb8880136afd4ca639001fb10506a894a93cd26e",
                "d2536f22e4dde3efddf2125a96bdba4a7e60eb497963f53a279c03223dda0651"
            ],
            "type": "Script",
            "firstPartyCookies": {},
            "firstPartyCookiesSent": {},
            "exampleSites": [
                "eleconomista.es",
                "informalia.eleconomista.es",
                "www.eleconomista.es"
            ]
        },
        {
            "rule": "citiservi\\.es\\/uscheck\\.js",
            "cookies": 0,
            "fingerprinting": 0,
            "subdomains": [
                "cdp"
            ],
            "apis": {},
            "sites": 9,
            "prevalence": 0.0000613,
            "cnames": [],
            "responseHashes": [
                "9e619c84556989e71028ae6620a9a5ff930b6af1ac283feac9dfc8ca9fac61ce"
            ],
            "type": "XHR",
            "firstPartyCookies": {},
            "firstPartyCookiesSent": {
                "_btrid": 0.00006126366520087675
            },
            "exampleSites": [
                "eleconomista.es",
                "informalia.eleconomista.es",
                "www.deia.eus",
                "www.eleconomista.es",
                "www.elnacional.cat",
                "www.elplural.com",
                "www.noticiasdealava.eus",
                "www.noticiasdegipuzkoa.eus",
                "www.noticiasdenavarra.com"
            ]
        },
        {
            "rule": "citiservi\\.es\\/pns\\.gif",
            "cookies": 0,
            "fingerprinting": 0,
            "subdomains": [
                "dmp",
                "a"
            ],
            "apis": {},
            "sites": 7,
            "prevalence": 0.0000476,
            "cnames": [],
            "responseHashes": [
                "1866961a029c65376fefb7f2ba1e6187e09ff50ea58d97dedfd72c197947d002"
            ],