{
    "domain": "cjpowered.com",
    "owner": {},
    "source": [
        "DuckDuckGo-US"
    ],
    "prevalence": 0.000252,
    "sites": 37,
    "subdomains": [
        "cjshpfy"
    ],
    "cnames": [],
    "fingerprinting": 0,
    "resources": [
        {
            "rule": "cjpowered\\.com\\/getPluginJS",
            "cookies": 0,
            "fingerprinting": 0,
            "subdomains": [
                "cjshpfy"
            ],
            "apis": {},
            "sites": 19,
            "prevalence": 0.000129,
            "cnames": [],
            "responseHashes": [
                "dcf4d5b78601aa90c843d054d72e9f9e60076989f5f70655e37becfd2c0fda20",
                "dab87977221e54965009ec00929a24046c6b211e29cca78e3a997013dfae8c7c",
                "e9cdb71f40dbeb7cb6bf8185b181f19d4d0b5f1b60813cc2d21262ff1f62fbad",
                "5cd33a88ce4d75d3986c4108374975264a7407de616813f20619497aadcb46d9",
                "de6d17e1eeffdce3f26b7f94075494043fe9fd3b6846a3c69ea754fe41fd6034",
                "87b874f238880de345b8d9882e6a6f17f359b70e2cda2ecbb3e5172c1b0b0b29",
                "9e38fa63b10acbdd98265aa74769202e1f89952516373d457647cdb965a056ed",
                "2eece56ddb1d3bda04b7e1cc07a793679e2a9732519073ca125e027a11ec2139",
                "ad790c38e2a5188e9f99cb135b6384173aba85558113b419ba6e25339c7c078e",
                "40022837ffddf5c68111b63fcbe91b858bd365babf57eb03bee3b3bd72938e2d",
                "c3618aba49cb437c870d8dff5dc09e009f12a820091ab30878cc5499e085fb92",
                "146bd5d4725c6bd56a35fd28862eaeab52756f8bbd3d040f02568c000ec63a80",
                "448203c5ff81eca5d940d5fd0b307a38ac7b01fda51f8a73cab2962810244c8c",
                "b48697adccc60c203caebf2e0d75b40753ef459078cae945d1aebeae385742c6",
                "acb30c70e04e5e97c48782d209e718f619abd4628d6cfd7141e401b9407d7ef5",
                "392d279f7442047665b35bfc473f485b4c36c406debca93f9aa381213d365ee4",
                "9479d61e877e7f31359c076f6b5349fb86049b9e65e4fe4bbde35b6d2ff46103",
                "c51c48596f06f16172c4d26fc966b94b3b0a3f94f819cd68b38654eabcd785ba"
            ],
            "type": "Script",
            "firstPartyCookies": {},
            "firstPartyCookiesSent": {},
            "exampleSites": [
                "drkellyann.com",
                "easyspirit.com",
                "ferrymorse.com",
                "modcloth.com",
                "mymedic.com",
                "seikousa.com",
                "us.amazfit.com",
                "us.ecoflow.com",
                "www.bragg.com",
                "www.briggs-riley.com",
                "www.freebirdstores.com",
                "www.greenpan.us",
                "www.jennikayne.com",
                "www.mikasa.com",
                "www.nativecos.com",
                "www.pier1.com",
                "www.svsound.com",
                "www.thefryecompany.com",
                "www.turtlebeach.com"
            ]
        }
    ],
    "categories": [],
    "performance": {},
    "cookies": 0,
    "topInitiators": [
        {
            "domain": "first party",
            "prevalence": 0.8378378378378378
        },
        {
            "domain": "yottaa.com",
            "prevalence": 0.10810810810810811
        },
        {
            "domain": "global-e.com",
            "prevalence": 0.05405405405405406
        }
    ],
    "types": {
        "Script": 19
    },
    "nameservers": [
        "ns-1244.awsdns-27.org",
        "ns-552.awsdns-05.net",
        "ns-1664.awsdns-16.co.uk",
        "ns-455.awsdns-56.com"
    ]
}