{
    "domain": "cleanmediaadserver.com",
    "owner": {},
    "source": [
        "DuckDuckGo-US"
    ],
    "prevalence": 0.000116,
    "sites": 17,
    "subdomains": [],
    "cnames": [],
    "fingerprinting": 0,
    "resources": [
        {
            "rule": "cleanmediaadserver\\.com\\/get\\/au\\/",
            "cookies": 0,
            "fingerprinting": 0,
            "subdomains": [],
            "apis": {},
            "sites": 10,
            "prevalence": 0.0000681,
            "cnames": [],
            "responseHashes": [
                "554c8920adff74914f00a68ba907c9375f43cfbc2380c0c2598f8bd90de1388d",
                "903ab2c4963ff45943399e7bfed5af50fc60fcc628ae2bd3f96fe4d9dcee3d3f",
                "c11b8a809c5d109a4651a0dc1f88055f9d2f8c558773a7534dd0451ca1725d69",
                "057bbece1e2de4163853fe04f43d76b46bc80f889319017435bf9eeb1ea2f5c6",
                "d80c57ebef2c5e406ce05ac1f597219b6da23da0b4ee1beba38bae5f9dfcf07d",
                "968bffc44d3b401556f1017778f3e3d0cd72fd586127cbd84e0d86621704ea3c",
                "6c2a985c2b6f989b47205ad07f01072af1260fc772a80f84d9327f1753343185",
                "b9d182d46170f7fe05f8c85bf8547d7d707acb972af40b1716640b5c71cef3e8"
            ],
            "type": "Script",
            "firstPartyCookies": {},
            "firstPartyCookiesSent": {},
            "exampleSites": [
                "canon212.com",
                "catholicherald.co.uk",
                "catholicstand.com",
                "disntr.com",
                "epicpew.com",
                "mycatholic.life",
                "news.radio-online.com",
                "pulpitandpen.org",
                "www.catholicworldreport.com",
                "www.ourcatholicprayers.com"
            ]
        },
        {
            "rule": "cleanmediaadserver\\.com\\/cksync\\/set\\/",
            "cookies": 0.0000613,
            "fingerprinting": 0,
            "subdomains": [],
            "apis": {},
            "sites": 10,
            "prevalence": 0.0000681,
            "cnames": [],
            "responseHashes": [
                "83a111f061d448b42dfc2bc2958cd5f1ac2b4f1c65da9824934d7203e964f6c0"
            ],
            "type": "Script",
            "firstPartyCookies": {},
            "firstPartyCookiesSent": {},
            "exampleSites": [
                "canon212.com",
                "catholicherald.co.uk",
                "catholicstand.com",
                "disntr.com",
                "epicpew.com",
                "mycatholic.life",
                "news.radio-online.com",
                "pulpitandpen.org",
                "www.catholicworldreport.com",
                "www.ourcatholicprayers.com"
            ]
        },
        {
            "rule": "cleanmediaadserver\\.com\\/i\\/view\\/js\\/",
            "cookies": 0,
            "fingerprinting": 0,
            "subdomains": [],
            "apis": {},
            "sites": 3,
            "prevalence": 0.0000204,
            "cnames": [],
            "responseHashes": [
                "e3b0c44298fc1c149afbf4c8996fb92427ae41e4649b934ca495991b7852b855"
            ],
            "type": "Document",
            "firstPartyCookies": {},
            "firstPartyCookiesSent": {},
            "exampleSites": [
                "catholicstand.com",
                "epicpew.com",
                "www.catholicworldreport.com"
            ]
        }
    ],
    "categories": [],
    "performance": {},
    "cookies": 0.000102,
    "topInitiators": [
        {
            "domain": "dtyry4ejybx0.cloudfront.net",
            "prevalence": 1
        }
    ],
    "types": {
        "Script": 20,
        "Document": 3
    },
    "nameservers": [
        "ns04.domaincontrol.com",
        "ns03.domaincontrol.com"
    ]
}