{
    "domain": "clickatdcode.com",
    "owner": {},
    "source": [
        "DuckDuckGo-US"
    ],
    "prevalence": 0.000408,
    "sites": 60,
    "subdomains": [
        "js11",
        "js09"
    ],
    "cnames": [],
    "fingerprinting": 2,
    "resources": [
        {
            "rule": "clickatdcode\\.com\\/bens\\/vinos\\.js",
            "cookies": 0.0000953,
            "fingerprinting": 1,
            "subdomains": [],
            "apis": {
                "Navigator.prototype.cookieEnabled": 14,
                "Date.prototype.getTime": 14,
                "Document.cookie getter": 14,
                "Document.cookie setter": 14,
                "Navigator.prototype.userAgent": 14,
                "Navigator.prototype.platform": 14,
                "window.localStorage": 14
            },
            "sites": 14,
            "prevalence": 0.0000953,
            "cnames": [],
            "responseHashes": [
                "a7e078ff4f3961311adc262534e0e8e298d88f46447f64d94a6d5f008600e221",
                "898109f1acadc93bc28e7a507f0051be034ca130de9f2b1baee219a8929824af",
                "13917f9cdb51d0cbf9306d41634c5a9ee1d92bae2036251927da057dd5171713",
                "234c9c5816dfacb295151c75770272818923acac0d8d5abf2ee82e5688f6b391",
                "a328e3f6a211012af4b03d3a3c9559a54c66ec1c7a353f393c805a9e318f9144",
                "2f7a9b285e7a5ffa8fdc1140d091bafa2f84ca0f38146c57112c59e9e5d02576",
                "9ed25c292f7f6c0cdd62f13dc736103c73bbd7c84dbff392f83a89317536101d",
                "7fb8d421a25221d0d3a4a110dfca3b2ab64db4066d1b1c49decc7b85b02c496c",
                "810fcbc1404cf342a15b2171bf7462978966827e2d7434b7dfdddee926280343",
                "98d650347dc143c8f316cc9a52cf3af1c2c3c22054c62d05166ee605233050f1",
                "7fe01a304ff74307ed3d778dbf80b1474ec49a121422f2504af7440d0e63d677",
                "76a3ffcd5a6da9c2c79c41d26d0ecfd7ce87045f66f063050e7f301fdfd91a6c",
                "e2b3a9e52d506c04f13c833f840216691cab1e46f110a1eede085f348131372e"
            ],
            "type": "Script",
            "firstPartyCookies": {
                "u_count": {
                    "ttl": 43203,
                    "length": 11,
                    "prevalence": 0.00008168488693450234,
                    "uniqueness": 0.08333333333333333
                }
            },
            "firstPartyCookiesSent": {},
            "exampleSites": [
                "2021porno.com",
                "bestweapon.org",
                "erokomiksi.com",
                "fotosbor.com",
                "hq-xvideo.com",
                "porn365.today",
                "pornoakt.me",
                "prostoporno.company",
                "rt.hotmovies.cc",
                "rus.tizam.ru",
                "www.ebuchka.org",
                "www.ebun.tv",
                "www.fotosbor.com",
                "www.porno666.live"
            ]
        },
        {
            "rule": "clickatdcode\\.com\\/js\\/customs\\/e035169a7a\\.js",
            "cookies": 0.0000613,
            "fingerprinting": 2,
            "subdomains": [
                "js11"
            ],
            "apis": {
                "Navigator.prototype.userAgent": 11,
                "Navigator.prototype.cookieEnabled": 10,
                "Date.prototype.getTime": 11,
                "Document.cookie getter": 11,
                "Document.cookie setter": 9,
                "Navigator.prototype.platform": 10
            },
            "sites": 11,
            "prevalence": 0.0000749,
            "cnames": [],
            "responseHashes": [
                "892deea0f93800f526a5724df9c4a79a3c66de02b940b26c0dd6e10bc7edf783"
            ],
            "type": "Script",
            "firstPartyCookies": {
                "u_count": {
                    "ttl": 43202,
                    "length": 11,
                    "prevalence": 0.00006126366520087675,
                    "uniqueness": 0.1111111111111111
                }
            },
            "firstPartyCookiesSent": {},
            "exampleSites": [
                "bdsm-porevo.top",
                "ebalochka.best",
                "gay-porevo.xyz",
                "gruppovoe-porevo.xyz",
                "japonoporno.top",
                "lesbi-xxx.best",
                "lubitelskoe-x.com",
                "mult-xxx.top",
                "porno-podborki.xyz",
                "transy-x.xyz",
                "v-anale.best"
            ]
        },
        {
            "rule": "clickatdcode\\.com\\/services\\/geo\\.php",
            "cookies": 0,
            "fingerprinting": 0,
            "subdomains": [],
            "apis": {},
            "sites": 2,
            "prevalence": 0.0000136,
            "cnames": [],
            "responseHashes": [
                "e7ab8000c16e54b68216a0d61e71cd7dd2d954bf76f40c789928b9ee3501f3dd"
            ],
            "type": "Script",
            "firstPartyCookies": {},
            "firstPartyCookiesSent": {},
            "exampleSites": [
                "giperporno.net",
                "sex.zorox.sex"
            ]
        },
        {
            "rule": "clickatdcode\\.com\\/js\\/customs\\/eff2f289e1\\.js",
            "cookies": 0.0000136,
            "fingerprinting": 1,
            "subdomains": [
                "js09"
            ],
            "apis": {
                "Navigator.prototype.cookieEnabled": 2,
                "Date.prototype.getTime": 2,
                "Document.cookie getter": 2,
                "Document.cookie setter": 2,
                "Navigator.prototype.userAgent": 2,
                "Navigator.prototype.platform": 2
            },
            "sites": 2,
            "prevalence": 0.0000136,
            "cnames": [],
            "responseHashes": [
                "a2531c0707b3112403855155207f76bad754c6e8cfba9a2e7fc4bc031ff87296"
            ],
            "type": "Script",
            "firstPartyCookies": {
                "u_count": {
                    "ttl": 21602,
                    "length": 11,
                    "prevalence": 0.000006807073911208528,
                    "uniqueness": 1
                }
            },
            "firstPartyCookiesSent": {},
            "exampleSites": [
                "pornodomka.org",
                "pornodomka.com"
            ]
        }
    ],
    "categories": [],
    "performance": {},
    "cookies": 0.000368,
    "topInitiators": [
        {
            "domain": "first party",
            "prevalence": 0.9333333333333333
        },
        {
            "domain": "bestweapon.in",
            "prevalence": 0.03333333333333333
        },
        {
            "domain": "pornodomka.com",
            "prevalence": 0.016666666666666666
        },
        {
            "domain": "prostoporno.band",
            "prevalence": 0.016666666666666666
        }
    ],
    "types": {
        "Script": 29
    },
    "nameservers": [
        "dns2.registrar-servers.com",
        "dns1.registrar-servers.com"
    ]
}