{
    "domain": "condenast.io",
    "owner": {},
    "source": [
        "DuckDuckGo-US"
    ],
    "prevalence": 0.000279,
    "sites": 41,
    "subdomains": [
        "api"
    ],
    "cnames": [],
    "fingerprinting": 0,
    "resources": [
        {
            "rule": "condenast\\.io\\/v1\\/recommendations",
            "cookies": 0,
            "fingerprinting": 0,
            "subdomains": [
                "api"
            ],
            "apis": {},
            "sites": 41,
            "prevalence": 0.000279,
            "cnames": [],
            "responseHashes": [
                "c9a2ea2cab1fcae46332e435bb2ce00fae8195f84095c3903eecf67fd73e56dd",
                "712558b2f2f04eb5b9235241e707688f0d9637a30f969730b6cf8e401f3c85bb",
                "1fb9f250078c6dd2584557474e3ebcef9d5a63b29394b4746f96ce8b92a94dfd",
                "1102935d8c2ce735813e446ec38c87eef230733ab3657497b8613d0c3f35704d",
                "847142f512c4d94e515f8b435e181c6bf20aa593537ad70010d6323b4275eb8e",
                "d4d8c39cb7b771576aa09586313cd4b32d65447b16a43286f20598728522733f",
                "8108bc3ed7dd9e86609c33f891dd47970664eae96b32dbd6d324c0709cb374a3",
                "57bf333f5afc82ea65907fdd6d892e22eef290b442b733d413baa42acaacbb45",
                "28b635eb81411c2a36bb35622c303a253ee6f2686e14172f79cffede793e0079",
                "f26b9e7d2fc343e1816e90a8d25a44278b803cfe5a848d8964314bc97d812f71",
                "19870e2d075c01b1fa3d8beced4b0ead86c536cafaf3853130274e58c1cb7a0e",
                "fe17bec0dd95db6bc1f0471ac9a5699197def0f3699a349ec5107636f15e8411",
                "9ce3aa2f945011c3a51c243e8c4d1d2a6bb24400927755f6284fde955d3c3c36",
                "b77db35ea76b1954698d0657de2b10487ee9c5e56a03565ca267fb23826791bf",
                "ae425a2daf3e695adb96788f10e41d719133b1a47d279f78e408286868f9ee1a",
                "b9078d2997328be07aa97cde9849a34a4168b515c190561d9a33e4f3ae56c37c",
                "7ec0cca72c9e3135a2663f43d89a86537e2d744015822c978e3a5657da64cd2b",
                "b58f2a4dd2742ac6671240c28bcb675839f18ad58931cb49508117d5ef2dd8c4",
                "2b6f2d52e37230c9a04016eb529aefebccc3c201a261cca10eb8614ba906624a",
                "3d0dd8aefa922cf3140ac611436f79c5bdb607f73cdf3befd51be4a1d7db6b91",
                "e2bce2d397841fb839b5693c44f7e932260aaf5052775396cba449d2f05a5e63",
                "1ba8da4570d8ebef118173fbad5602d0dd686da494e7cdecf8a9e15be135d273",
                "ee2b86822d3f4ecfe1da142ae935faff4f947f341f13c1547d09cee7ea8eeaf2",
                "6ee9e0d8a294f790d2217d6817645caad9bd90a469bfb9a0ad06c45797aba468",
                "fc090f0f83d5d093b6e533b3f3cc0fef986f64f651666d7eb91b686322169202",
                "70ce67ec2e2d3b5bcf9ea3a763714013a6938fa5d2471b750a31c247df685b5e",
                "f5ad5f380135dbfb731a9ca683bcbcc01f29d8bda2135b35a100aa2f17d93bce",
                "a9eef5eedebdcefeb8ac3791a932c21f4fe634df60ea71d73ce3f6dfaa899ff9",
                "e924387e2b8ba8c6320ced1ddd6cb5bb6d694af1edb2a164b7d642c3927b519f",
                "ef41c77f86e8d08323fade1f070650ae744a140c61f0985f71506c06b12a3ba1",
                "5846e9e769cd10fe8a4d3738aeef5e8e82f7bf20a5d5224624642bb6bc79ed51",
                "0205a9b822350a9ff8fa1ee804a445a921f74b053cceed20776f1b251d0d4f9d",
                "858b56333fd0ccd61d05b6342e7687a2ade12266668aa384ace6eac46048656e",
                "51b48576e537fc7246cd1ad07f2fbd841b61f4faf920c338e4656bda84a0a944",
                "c71b50009cf6054ec68344209fa5d3a478a23d0224c3d8f1cb66d3c84632fd12",
                "9acdab4009d2d15addd8f5c9fef0d29889f54936b3c28608131254c1012eb433",
                "77fc95edf9da6cc348eb75f161ffaccfb65def997973d1299ce34bd1025e86fd",
                "540b696dd8e91ba06d05465bcf5de230587437f0aaac8efe5b358680585a135c",
                "735df249a5afba5c21ef1bc8b74395db01f4adbcfad2a97e61be7680c1033934",
                "14cf8d74058d65826a15e0e1246399f58c0e65c99c24a0e897e5a105491754ab"
            ],
            "type": "Fetch",
            "firstPartyCookies": {},
            "firstPartyCookiesSent": {
                "_td_domain_ad-magazin.de": 0.000006807073911208528,
                "_td_domain_admagazine.fr": 0.000006807073911208528,
                "_td_domain_architecturaldigest.in": 0.000006807073911208528,
                "_td_domain_cntraveller.com": 0.000006807073911208528,
                "_td_domain_glamour.de": 0.000006807073911208528,
                "_td_domain_glamour.es": 0.000006807073911208528,
                "_td_domain_glamour.mx": 0.000006807073911208528,
                "_td_domain_gq-magazin.de": 0.000006807073911208528,
                "_td_domain_gq-magazine.co.uk": 0.000006807073911208528,
                "_td_domain_com.mx": 0.000006807073911208528,
                "_td_domain_gq.com.mx": 0.000006807073911208528,
                "_td_domain_gqitalia.it": 0.000006807073911208528,
                "_td_domain_gqindia.com": 0.000006807073911208528,
                "_td_domain_gqmagazine.fr": 0.000006807073911208528,
                "_td_domain_houseandgarden.co.uk": 0.000006807073911208528,
                "_td_domain_lacucinaitaliana.it": 0.000006807073911208528,
                "_td_domain_revistagq.com": 0.000006807073911208528,
                "_td_domain_revistavanityfair.es": 0.000006807073911208528,
                "_td_domain_tatler.com": 0.000006807073911208528,
                "_td_domain_traveler.es": 0.000006807073911208528,
                "_td_domain_vanityfair.fr": 0.000006807073911208528,
                "_td_domain_vanityfair.it": 0.000006807073911208528,
                "_td_domain_vogue.de": 0.000006807073911208528,
                "_td_domain_vogue.es": 0.000006807073911208528,
                "_td_domain_vogue.fr": 0.000006807073911208528,
                "_td_domain_vogue.in": 0.000006807073911208528,
                "_td_domain_vogue.it": 0.000006807073911208528,
                "_td_domain_vogue.mx": 0.000006807073911208528,
                "_td_domain_wired.it": 0.000006807073911208528
            },
            "exampleSites": [
                "arstechnica.com",
                "www.vanityfair.com",
                "www.vogue.de",
                "www.revistagq.com",
                "www.vogue.fr",
                "wired.jp",
                "www.bonappetit.com",
                "www.wired.it",
                "www.gq-magazin.de",
                "www.vogue.it",
                "www.tatler.com",
                "www.vanityfair.it",
                "www.self.com",
                "www.glamour.es",
                "www.ad-magazin.de",
                "www.cntraveller.com",
                "www.gqitalia.it",
                "www.gqmagazine.fr",
                "www.glamour.de",
                "www.vogue.co.jp"
            ]
        }
    ],
    "categories": [],
    "performance": {},
    "cookies": 0,
    "topInitiators": [
        {
            "domain": "cnevids.com",
            "prevalence": 1
        }
    ],
    "types": {
        "Fetch": 41
    },
    "nameservers": [
        "ns-28.awsdns-03.com",
        "ns-836.awsdns-40.net",
        "ns-1116.awsdns-11.org",
        "ns-1935.awsdns-49.co.uk"
    ]
}