{
    "domain": "contentdsp.com",
    "owner": {},
    "source": [
        "DuckDuckGo-US"
    ],
    "prevalence": 0.000252,
    "sites": 37,
    "subdomains": [],
    "cnames": [],
    "fingerprinting": 1,
    "resources": [
        {
            "rule": "contentdsp\\.com\\/events\\.js",
            "cookies": 0.000136,
            "fingerprinting": 1,
            "subdomains": [],
            "apis": {
                "Document.cookie getter": 18,
                "Date.prototype.getTime": 20,
                "Document.cookie setter": 16,
                "window.localStorage": 17,
                "Navigator.prototype.userAgent": 18
            },
            "sites": 20,
            "prevalence": 0.000136,
            "cnames": [],
            "responseHashes": [
                "1b02d20e5b74863bddcad0ebb5e10c929d305a31ac55bddee27da82ea550de9d",
                "79bcd441211ab88a8a3631ce44770e184a4a8bfea37585d605e489d646bc4a60",
                "29110584b5f2e2038e4156296fa1d29f245b3e89ad442cd0cf7d0f8ca2fead76",
                "b5de00157e36a63266c12ba615c9e5252c10ab4a0e094edfcbfcc3a45265b6c9",
                "a0eab51226b21500ed23aeeb006eb27dc84a6352bd1135c3cc0152b88e4ca388",
                "5b9bef362b9b66236cafee1890adb5f1467608580c25c80c795ad168394002ed",
                "3a338869b096cbb768d2156ff72056770a670788e616ecb9a5b3c65f6ac4926d",
                "04dc1094a32317c529b52c66435a9392d2f6fba5511a55de7392f0fb3cab5bd1",
                "4ece4e160b5043b90929e96454d9bf6ef46465d4b42c8d4132d235c0385af4e8",
                "a88a24da15367e6d4030b827d4c960713ce1096a78686d5434bfd155cc721600",
                "477ecda6a4df14c9bce5c700b6b19d01cb2fa516c323179e13d9cc278ac6d510",
                "c48ab2dab491bf75479f543f63755457f3797b93c3d713bcdc656736d6fc9b41",
                "0220c847834e095f3bb81a1ebe51c430b2503fea08eff07e41eec688c891022f",
                "b25e5a1d70608aa86ad5d6409b72bab5a2a36a33e36a0fec5825faf4e6d17655",
                "15cf5270f918aa1e4ca4358a97e37def2642bddf472e9e8c1a9ecfaa8f7e41c1",
                "a6a484e7bdc543b2255f13316ca8b03d9621c277b214d30326ceb1b5cf1411fc",
                "10d5679e49b825da7bd6eac0ea1e0052a460d6567216da225030c5094cf1b053",
                "ede2407aed8ba97c6ae3b1ee707e9bb048065f5d5f7005ae9777a5daf7d93de9",
                "d4bf904b0b05b85b659e21bc81a56b25edc48da1b4a20befe9ea7f61e5194087"
            ],
            "type": "Script",
            "firstPartyCookies": {
                "sa-user-id": {
                    "ttl": 31536004,
                    "length": 96,
                    "prevalence": 0.00010891318257933645,
                    "uniqueness": 0.0625
                },
                "sa-user-id-v2": {
                    "ttl": 31536004,
                    "length": 77,
                    "prevalence": 0.00010891318257933645,
                    "uniqueness": 0.0625
                }
            },
            "firstPartyCookiesSent": {},
            "exampleSites": [
                "firstam.com",
                "homewarranty.firstam.com",
                "orchard.com",
                "www.bradfordexchange.com",
                "www.brahmin.com",
                "www.brakeandfrontend.com",
                "www.carawayhome.com",
                "www.enginebuildermag.com",
                "www.fleetfarm.com",
                "www.imperfectfoods.com",
                "www.katom.com",
                "www.musicnotes.com",
                "www.nutrisystem.com",
                "www.onepeloton.com",
                "www.petermillar.com",
                "www.sofi.com",
                "www.tirereview.com",
                "www.transmissiondigest.com",
                "www.underhoodservice.com",
                "www.vcm.com"
            ]
        }
    ],
    "categories": [],
    "performance": {},
    "cookies": 0.000252,
    "topInitiators": [
        {
            "domain": "googletagmanager.com",
            "prevalence": 0.8108108108108109
        },
        {
            "domain": "first party",
            "prevalence": 0.10810810810810811
        },
        {
            "domain": "yottaa.com",
            "prevalence": 0.05405405405405406
        },
        {
            "domain": "appdynamics.com",
            "prevalence": 0.02702702702702703
        }
    ],
    "types": {
        "Script": 20
    },
    "nameservers": [
        "ns-1158.awsdns-16.org",
        "ns-1673.awsdns-17.co.uk",
        "ns-236.awsdns-29.com",
        "ns-834.awsdns-40.net"
    ]
}