{
    "domain": "contextly.com",
    "owner": {},
    "source": [
        "DuckDuckGo-US"
    ],
    "prevalence": 0.0000749,
    "sites": 11,
    "subdomains": [
        "rest",
        "experience"
    ],
    "cnames": [],
    "fingerprinting": 0,
    "resources": [
        {
            "rule": "contextly\\.com\\/pagewidgets\\/get\\/",
            "cookies": 0,
            "fingerprinting": 0,
            "subdomains": [
                "rest"
            ],
            "apis": {},
            "sites": 9,
            "prevalence": 0.0000613,
            "cnames": [],
            "responseHashes": [
                "24b7edfd81ff7a9599352b9c2929a0b9483155209b55535b7255a58e8539edb4",
                "53f724f17b67f67bac7a071d271a463dd299297eb7ef08d227e4591476e981ff",
                "eb4a93c16aacaa3d5b06a30af22b71ddb86d486c796a69b1040e713070380f1a",
                "f076e380c734c00fe00f73bb27e3e71480e9c0233889c536cf33c12e7d613c18",
                "7c3bef5300d5fe928c75be6a305a3a3028ee4aa65bd3f17752d486990139e36d",
                "ec5650f6c96edf20de7aed4dc155cf8b0eef81723c2085205928e343b8b05950",
                "1fee29ac4a2b1db398167a6f9572d5852f706b5281e66634dd1818976d12df57",
                "8baf7be1db509ef17fd33090cf5957021907ca9131cff365a55cc413be69a282"
            ],
            "type": "XHR",
            "firstPartyCookies": {},
            "firstPartyCookiesSent": {},
            "exampleSites": [
                "adafruit.com",
                "forst.tax",
                "sportcoaching.co.nz",
                "www.crikey.com.au",
                "www.footankleinstitute.com",
                "www.pewpewtactical.com",
                "www.revolt.tv",
                "www.stitchfix.com",
                "www.weareteachers.com"
            ]
        },
        {
            "rule": "contextly\\.com\\/events\\/put\\/",
            "cookies": 0,
            "fingerprinting": 0,
            "subdomains": [
                "experience"
            ],
            "apis": {},
            "sites": 8,
            "prevalence": 0.0000545,
            "cnames": [],
            "responseHashes": [
                "f23f023e84604d6f729e5491354fd927d4edec8126e7cf73769954216a158ef5",
                "f29af6191bf737b5961ffc6e8ed630e09c5a8d673b54812a3c6de0d471a560e3",
                "f3ea960b1b674d96fa1b561054b562c090e61944ddaec0fb7f760a8a186df6a5",
                "eb49670a1c2d56e29cb8572d2f4d1043d825bb7675b41de3ea6774408803e0c0",
                "ef0006e9998d5512528f5d3ae0e0766a627c549ebe72914ad74e3c3d5842b3c6"
            ],
            "type": "XHR",
            "firstPartyCookies": {},
            "firstPartyCookiesSent": {},
            "exampleSites": [
                "adafruit.com",
                "forst.tax",
                "sportcoaching.co.nz",
                "www.crikey.com.au",
                "www.footankleinstitute.com",
                "www.revolt.tv",
                "www.stitchfix.com",
                "www.weareteachers.com"
            ]
        }
    ],
    "categories": [],
    "performance": {},
    "cookies": 0,
    "topInitiators": [
        {
            "domain": "context.ly",
            "prevalence": 0.8636363636363636
        },
        {
            "domain": "browsee.io",
            "prevalence": 0.13636363636363635
        }
    ],
    "types": {
        "XHR": 17
    },
    "nameservers": [
        "ns-234.awsdns-29.com",
        "ns-916.awsdns-50.net",
        "ns-1613.awsdns-09.co.uk",
        "ns-1334.awsdns-38.org"
    ]
}