{
    "domain": "ctxtfl.com",
    "owner": {},
    "source": [
        "DuckDuckGo-CA"
    ],
    "prevalence": 0.00281,
    "sites": 28,
    "subdomains": [],
    "cnames": [],
    "fingerprinting": 3,
    "resources": [
        {
            "rule": "ctxtfl\\.com\\/scripts\\/js\\/m\\.js",
            "cookies": 0,
            "fingerprinting": 2,
            "subdomains": [],
            "apis": {
                "Date.prototype.getTime": 11,
                "Navigator.prototype.userAgent": 11,
                "Screen.prototype.width": 9,
                "Screen.prototype.height": 9,
                "window.devicePixelRatio": 9
            },
            "sites": 13,
            "prevalence": 0.00131,
            "cnames": [],
            "responseHashes": [
                "62ccd6b15f41204e6619497816caa5f89c26549edd97d99f37583d7a8b622b3e",
                "efa918679ec301be8c3d9ac286c8d46429f2c3b14828a18502b1afa97350dc84",
                "d2550932b629e103aa99dd07a36ac2aac716a71dd24d9d48d0ead71ab967f6ac",
                "1f488daf79fb654b4ebf5575e80ccab4d988a2adfcfe86ff788750e5beb4715c",
                "e7faa8af0093c31bb3f8456ef11b3d9bc3a6660fed02ab0d93ee69e5c8f7b8eb",
                "d8328aa00d64020829541d9d522f170e4ca46e7e0c2fb6bf57d56317470ca42e",
                "1db2f842a6278263c743f88781d82eed4ffade8dd825fab83695ed52bc56b592",
                "6c4e89bc6787a7461120f9014834b5e1252cae48c4a22e508c0d4c1b4a80a02e",
                "1d17cc6afa92bd8d002bc8ed2685a106286aa3d643c08b6595705f7670ce45cc",
                "8d95717222a06ccdb31c5bb10d70c584c123e0502e126a81c43020a9d168febf",
                "4961866e7603c1043aae4df46f749ac2aacf5126c5548d06ba0d7fa19e9c2403"
            ],
            "type": "Script",
            "firstPartyCookies": {},
            "firstPartyCookiesSent": {},
            "exampleSites": [
                "bestlifeonline.com",
                "cafedelites.com",
                "etcanada.com",
                "globalnews.ca",
                "minimalistbaker.com",
                "morningchores.com",
                "www.classicalfm.ca",
                "www.hgtv.ca",
                "www.history.ca",
                "www.morningstar.ca",
                "www.pembinavalleyonline.com",
                "www.shape.com",
                "www.tvanouvelles.ca"
            ]
        },
        {
            "rule": "ctxtfl\\.com\\/\\/cracq",
            "cookies": 0,
            "fingerprinting": 0,
            "subdomains": [],
            "apis": {},
            "sites": 22,
            "prevalence": 0.00221,
            "cnames": [],
            "responseHashes": [
                "24331bbdf40c95e911c59ea6beb4dea06c862b129605ad6f06f845fc1f0f059e"
            ],
            "type": "XHR",
            "firstPartyCookies": {},
            "firstPartyCookiesSent": {},
            "exampleSites": [
                "globalnews.ca",
                "www.morningstar.ca",
                "www.zeste.ca",
                "www.coupdepouce.com",
                "www.tvasports.ca",
                "www.salutbonjour.ca",
                "www.journaldemontreal.com",
                "bestlifeonline.com",
                "www.tvhebdo.com",
                "www.journaldequebec.com",
                "cafedelites.com",
                "www.classicalfm.ca",
                "www.history.ca",
                "www.guideautoweb.com",
                "www.24heures.ca",
                "ressourcessante.salutbonjour.ca",
                "minimalistbaker.com",
                "www.tvanouvelles.ca",
                "www.hgtv.ca",
                "www.pembinavalleyonline.com"
            ]
        },
        {
            "rule": "ctxtfl\\.com\\/\\/cracq",
            "cookies": 0,
            "fingerprinting": 0,
            "subdomains": [],
            "apis": {},
            "sites": 22,
            "prevalence": 0.00221,
            "cnames": [],
            "responseHashes": [],
            "type": "Preflight",
            "firstPartyCookies": {},
            "firstPartyCookiesSent": {},
            "exampleSites": [
                "globalnews.ca",
                "morningchores.com",
                "www.tvasports.ca",
                "www.salutbonjour.ca",
                "minimalistbaker.com",
                "www.tvhebdo.com",
                "cafedelites.com",
                "bestlifeonline.com",
                "www.journaldequebec.com",
                "www.hgtv.ca",
                "www.classicalfm.ca",
                "www.zeste.ca",
                "www.journaldemontreal.com",
                "www.coupdepouce.com",
                "www.history.ca",
                "ressourcessante.salutbonjour.ca",
                "www.24heures.ca",
                "etcanada.com",
                "www.guideautoweb.com",
                "www.pembinavalleyonline.com"
            ]
        },
        {
            "rule": "ctxtfl\\.com\\/scripts\\/js\\/p\\.js",
            "cookies": 0,
            "fingerprinting": 3,
            "subdomains": [],
            "apis": {
                "Date.prototype.getTime": 16,
                "Navigator.prototype.userAgent": 16,
                "window.sessionStorage": 16,
                "Screen.prototype.width": 15,
                "Screen.prototype.height": 15,
                "window.devicePixelRatio": 15,
                "window.innerWidth": 15,
                "window.innerHeight": 15,
                "DeviceMotionEvent.prototype.acceleration": 15,
                "DeviceMotionEvent.prototype.accelerationIncludingGravity": 15,
                "DeviceMotionEvent.prototype.rotationRate": 15
            },
            "sites": 16,
            "prevalence": 0.00161,
            "cnames": [],
            "responseHashes": [
                "0fd0cf9d20062c924b0a53e35343e409c0a99d1307ff5580b00fa3d2d6fec416",
                "d6d59977f39b476962d6a4a9ca93d3acf55f1a3f58c3f7966b72220f02fe4a44",
                "26cb17eef28312524cd2cd6231eb2491df5446d5bc8ad9a03cadc5293c69fd65",
                "38104318e9f71fb8d09bd55dc6a58453d60f3d2b7973cb3285682ad98cdc6173",
                "ceac12df52beba020b2e0aaf66aa50171cd4aa992032b1d294a9cab2290cc181",
                "486f26e696cd91407fcb4746bcf2a5512b0a6b854767f9fad0fdfab4b3f20281",
                "9a0c554125695dfe6d06b0538bda1d1525e88af8ab1838b9a06859271a4c6ba5",
                "34a9e6e39d7e062b591e78772f1fb73281ac299b09614b1ceea26e6970e0ba68",
                "c55f761a0b7e48cd4f5ed898d9e08a72c0693c804ef9555a3d795d91c7d44ba8",
                "43afbe97016649dd7cd92f31d1e903d9db7be93240ad3aa77b88a3cc3579805c",
                "4786f95823b8ef040d609c07e290538d73c57601a384a38a2eabad21eebef5e3",
                "db0142c82a6c5d0cb866379fb04b450ad4ff2b1b2465e18f115124f9f0fe2b93",
                "e51a16dfe8a0defb3b15185204f671367454966a069ef4afb43b483affe9f93e",
                "ada4832079cf7668adadff5d9be78895b39799a8bff9b2504782940f0b084440",
                "525fc5bfaf50b7b0d76711bda814170076ab92dc8f4ceed49dd0025732c68d90"
            ],
            "type": "Script",
            "firstPartyCookies": {},
            "firstPartyCookiesSent": {},
            "exampleSites": [
                "hollywoodpq.com",
                "ici.radio-canada.ca",
                "lactualite.com",
                "ressourcessante.salutbonjour.ca",
                "www.24heures.ca",
                "www.coupdepouce.com",
                "www.danslescoulisses.com",
                "www.guideautoweb.com",
                "www.journaldequebec.com",
                "www.journaldemontreal.com",
                "www.salutbonjour.ca",
                "www.troisfoisparjour.com",
                "www.tvhebdo.com",
                "www.tvasports.ca",
                "www.tvanouvelles.ca",
                "www.zeste.ca"
            ]
        },
        {
            "rule": "ctxtfl\\.com\\/\\/nextgen",
            "cookies": 0,
            "fingerprinting": 0,
            "subdomains": [],
            "apis": {},