{
    "domain": "cylex-international.com",
    "owner": {},
    "source": [
        "DuckDuckGo-US"
    ],
    "prevalence": 0.000191,
    "sites": 28,
    "subdomains": [
        "osm"
    ],
    "cnames": [],
    "fingerprinting": 0,
    "resources": [
        {
            "rule": "cylex-international\\.com\\/osm\\/staticmaplite\\/staticmap\\.php",
            "cookies": 0,
            "fingerprinting": 0,
            "subdomains": [
                "osm"
            ],
            "apis": {},
            "sites": 25,
            "prevalence": 0.00017,
            "cnames": [],
            "responseHashes": [
                "97ecb6ff7912cb570c18e1a1393fc214e5c9f9437a3e8408c981332ea0876193",
                "8685c459b425fac071de149b684792b9f565e85ec860b2ccd2e0363f8bce06dd",
                "c111c5d6c1a2c7efab200147262113cc4d5d5ce099648b3a8012991c799f5bea",
                "b515f06c3ad4142d5987dddc62397f4e7e1812e90cc58dafa9c534aea04fd602",
                "afae876b234434e1391b38f00ee72037d655a3a0d4d091d26870d506fbfcd0c7",
                "4b16c68e0c666f1f3d54f7ec4a5ea0f5b155e88e4d925fa1b04f444b9ad085a6",
                "9048477f5f465d2fca6f514da2a3606f61fc0ec7ee3f4c22a3ada9f9006517f4",
                "c61e648f408e374652da51a4c130dd6c9d4796f0aaa94a9d30ca41b0e78f8ca3",
                "0be4b62f360412b9bf226065dd4e0213d6c5ca7fbd17eafbfd1bc8a8249a654f",
                "44c0c46c75e265327a82575731bc0202f8cc057712aa36aca5b4cdceb4741304",
                "bdf62393ef2cc80f9e35edf740b0c6f2d46beb854b77cfc6606d1bfb7e23aca2",
                "9d50fcfbcd5adf588585750a12091eccb9ce672d1d7ec86c85fb2fdc168f8ddb",
                "66d214049dec832ecb3e9e045c963cb59fce63ac6e139fcf734e19b18822d4c8",
                "951ebbc0d189496e67f76530944b13f225656c9cd640e116adbc8547dcc0a26d",
                "d72b48c515d3838866e2ebace3ad74863eabe990cc5433d8a8a876a3b545a83b",
                "4d6322ecdfc385b3d363282bd1d92dbee1996957b1670f8056243ded9354b2f2",
                "3dbea3de19fa51a83753a77df6ee71e8a868495cbbe7a041722206fb759cfb15",
                "a893f04e61f6da058f2f34545040cb25eec7ff10a40faafa6f94e219cb1f77cc",
                "6b4fe52777379a632152b5e4dfbc12cde225ab073caceaecdfef1f7705f86153",
                "0e89a80476fc7dbb9d9228385ac93ede86af16f361815531c856ab169a2d42e8",
                "906350e13c1b69def7d5187809fdb65a38af4366c2fb24e8806861110de9c8df",
                "54f4fa2391352d961357e5a01c9c3ad6a98e1e1e311f52b234656c49e4bccb87",
                "3bb321a36ce07033439449ee3f5f6e581a8d9f50752e61478cfa361dd5b21f76",
                "ac2e3caf9d6da299fc07c7d5b01f0e449ea53d9b899c3a817aa7c9279eca4b3e"
            ],
            "type": "Image",
            "firstPartyCookies": {},
            "firstPartyCookiesSent": {},
            "exampleSites": [
                "web2.cylex.de",
                "www.cylex.ie",
                "nyitva.hu",
                "firmania.de",
                "www.cylex-belgie.be",
                "www.cylex.es",
                "finde-offen.de",
                "www.cylex.at",
                "www.cylex-canada.ca",
                "aussie-hours.com",
                "www.cylex.fi",
                "vind-open.nl",
                "www.cylex-italia.it",
                "encuentre-abierto.es",
                "www.cylex-swiss.ch",
                "find-open.co.uk",
                "firmania.it",
                "trouver-ouvert.fr",
                "www.cylex-locale.fr",
                "www.cylex.nl"
            ]
        }
    ],
    "categories": [],
    "performance": {},
    "cookies": 0,
    "topInitiators": [
        {
            "domain": "first party",
            "prevalence": 0.71875
        },
        {
            "domain": "mapbox.com",
            "prevalence": 0.125
        },
        {
            "domain": "cloudflare.com",
            "prevalence": 0.125
        },
        {
            "domain": "ajax.googleapis.com",
            "prevalence": 0.03125
        }
    ],
    "types": {
        "Image": 25
    },
    "nameservers": [
        "merlin.ns.cloudflare.com",
        "serena.ns.cloudflare.com"
    ]
}