{
    "domain": "czilladx.com",
    "owner": {},
    "source": [
        "DuckDuckGo-US"
    ],
    "prevalence": 0.000225,
    "sites": 33,
    "subdomains": [
        "request-global",
        "request"
    ],
    "cnames": [],
    "fingerprinting": 0,
    "resources": [
        {
            "rule": "czilladx\\.com\\/serve\\/sticky\\.php",
            "cookies": 0,
            "fingerprinting": 0,
            "subdomains": [
                "request-global"
            ],
            "apis": {},
            "sites": 6,
            "prevalence": 0.0000408,
            "cnames": [],
            "responseHashes": [
                "e3b0c44298fc1c149afbf4c8996fb92427ae41e4649b934ca495991b7852b855",
                "72a6fc84d1bd79f063e09e73fc251d21d858935c93ba88bf9cc4c8343c9ed9e8"
            ],
            "type": "XHR",
            "firstPartyCookies": {},
            "firstPartyCookiesSent": {},
            "exampleSites": [
                "airdrops.io",
                "coincodex.com",
                "miningpoolstats.stream",
                "whattomine.com",
                "www.coinwarz.com",
                "www.publish0x.com"
            ]
        },
        {
            "rule": "czilladx\\.com\\/serve\\/get\\.php",
            "cookies": 0,
            "fingerprinting": 0,
            "subdomains": [
                "request-global"
            ],
            "apis": {},
            "sites": 9,
            "prevalence": 0.0000613,
            "cnames": [],
            "responseHashes": [
                "38779718f2225be96a73aef7483e93a981db290dc4c0db4e6c3c225cb93e9dac",
                "08c0eab56022c4efa9443c848e48c6e595ca94ad595257a9ee48f499af2236e2",
                "9e3bbecc37e9543217c15aa346c2bd266285b2ad2539d87e588ae5b4f778baff",
                "527ba560688a8c3876c7c27d497b7372e04dddb495435e696470574638f6e3d7",
                "64aa3bd358f614ef1e4648bc84585d76dcb3c6864e8e37c72eb1e8fff16c909d",
                "bc8b58104e119d92ef8b959105a094a8f85be63341cfd234230a15e796f3c4a6",
                "1b46612c85cfd648b9d78486ec600a925f6a26b31e421d29e1adfda7b0454e65"
            ],
            "type": "XHR",
            "firstPartyCookies": {},
            "firstPartyCookiesSent": {},
            "exampleSites": [
                "airdrops.io",
                "coincodex.com",
                "thecryptobasic.com",
                "walletinvestor.com",
                "www.coincarp.com",
                "www.coinwarz.com",
                "www.crypto-news-flash.com",
                "www.cryptoglobe.com",
                "www.cryptopolitan.com"
            ]
        },
        {
            "rule": "czilladx\\.com\\/serve\\/view\\.php",
            "cookies": 0,
            "fingerprinting": 0,
            "subdomains": [
                "request-global"
            ],
            "apis": {},
            "sites": 11,
            "prevalence": 0.0000749,
            "cnames": [],
            "responseHashes": [
                "41496b07cde3be5155948ebdfe190e3be4e3492e580896308d38623dcef4811d",
                "4ec0d1ac34fc221a79e42c874413ee0d3a96f4dd803f68b34f7d885d056e4b10",
                "f41860ffa3a6de69ac0758bffc74db7715994001a371d7f2fb08d228b0283e15",
                "09651ba93b6117c653b20db76a83b111cd93a8441bc311eb545a38aff7c47747",
                "c445d453b043550b58caa2a07ebd6f834ad8811a17d15b0dcb2e2ede86550ec6",
                "ec4a4968227e28e2bbe06f2cbeee0a057c0bf7294ecd496cee280c59c4c2e96b",
                "23627080558b6acd989c08c74924253bd4fffe866827905d3d1097171c3d9877",
                "c0f53022204b44a250db6976c42469e45547878c10ebe38c167efc8c0152cf6c"
            ],
            "type": "Document",
            "firstPartyCookies": {},
            "firstPartyCookiesSent": {},
            "exampleSites": [
                "airdrops.io",
                "coincodex.com",
                "thecryptobasic.com",
                "walletinvestor.com",
                "whattomine.com",
                "www.coincarp.com",
                "www.coinwarz.com",
                "www.crypto-news-flash.com",
                "www.cryptoglobe.com",
                "www.cryptopolitan.com",
                "www.dextools.io"
            ]
        },
        {
            "rule": "czilladx\\.com\\/serve\\/request\\.php",
            "cookies": 0,
            "fingerprinting": 0,
            "subdomains": [
                "request"
            ],
            "apis": {},
            "sites": 6,
            "prevalence": 0.0000408,
            "cnames": [],
            "responseHashes": [
                "e3b0c44298fc1c149afbf4c8996fb92427ae41e4649b934ca495991b7852b855",
                "5bb467e2d96439fb0da01ae9bff98710e0e12318ee60554677f1e4dc39ee7f12",
                "a4cce21f532859ce01557381e038245a436eae2f1d9e62082428a5d502bb273f",
                "13126f46e96e960205c44f2728ee69df4b261b083e6e8cc75eaaf1f213df6222",
                "264603a9afa8f70395ac3b04468f6f4daff3b67a416c334dbea522911447e884"
            ],
            "type": "XHR",
            "firstPartyCookies": {},
            "firstPartyCookiesSent": {},
            "exampleSites": [
                "bitinfocharts.com",
                "ethplorer.io",
                "miningpoolstats.stream",
                "whattomine.com",
                "www.coingecko.com",
                "www.cryptopolitan.com"
            ]
        },
        {
            "rule": "czilladx\\.com\\/serve\\/header\\.php",
            "cookies": 0,
            "fingerprinting": 0,
            "subdomains": [
                "request-global"
            ],
            "apis": {},
            "sites": 5,
            "prevalence": 0.000034,
            "cnames": [],
            "responseHashes": [
                "bd1515830253199224f381adef176bb60785bdcc106c70ea22c8ac303e53bef6",
                "e3b0c44298fc1c149afbf4c8996fb92427ae41e4649b934ca495991b7852b855",
                "b1da7ca44a08276227487fe0d5d435c92c7170b9fc28efdfb783e5937aec3c1c"
            ],
            "type": "XHR",
            "firstPartyCookies": {},
            "firstPartyCookiesSent": {},
            "exampleSites": [
                "thecryptobasic.com",
                "whattomine.com",
                "www.crypto-news-flash.com",
                "www.cryptoglobe.com",
                "www.dextools.io"
            ]
        }
    ],
    "categories": [],
    "performance": {},
    "cookies": 0,
    "topInitiators": [
        {
            "domain": "coinzillatag.com",
            "prevalence": 0.6981132075471698
        },
        {
            "domain": "first party",
            "prevalence": 0.16037735849056603
        },
        {
            "domain": "buysellads.net",
            "prevalence": 0.14150943396226415
        }
    ],
    "types": {
        "XHR": 26,
        "Document": 11
    },
    "nameservers": [
        "piotr.ns.cloudflare.com",
        "jule.ns.cloudflare.com"
    ]
}