{
    "domain": "decsuite.com",
    "owner": {},
    "source": [
        "DuckDuckGo-US"
    ],
    "prevalence": 0.0000272,
    "sites": 4,
    "subdomains": [
        "tr.dec-connect",
        "tag.dec-connect"
    ],
    "cnames": [],
    "fingerprinting": 1,
    "resources": [
        {
            "rule": "decsuite\\.com\\/v1\\/dt\\.min\\.js",
            "cookies": 0.0000204,
            "fingerprinting": 1,
            "subdomains": [
                "tr.dec-connect"
            ],
            "apis": {
                "Navigator.prototype.userAgent": 3,
                "Document.cookie getter": 3,
                "Date.prototype.getTime": 3,
                "Navigator.prototype.platform": 3,
                "Navigator.prototype.language": 3,
                "Document.cookie setter": 3
            },
            "sites": 3,
            "prevalence": 0.0000204,
            "cnames": [],
            "responseHashes": [
                "0709015399015371792b65181c48712f862c127288f6eb4981f8b01ad5405848"
            ],
            "type": "Script",
            "firstPartyCookies": {
                "_dt_cid.d7675c45d78e393211a5b2c6246427285ee507113d4a815ba59231104ca1484d": {
                    "ttl": 34214404,
                    "length": 44,
                    "prevalence": 0.000013614147822417056,
                    "uniqueness": 1
                },
                "_dt_sid.d7675c45d78e393211a5b2c6246427285ee507113d4a815ba59231104ca1484d": {
                    "ttl": 1803,
                    "length": 21,
                    "prevalence": 0.000013614147822417056,
                    "uniqueness": 1
                },
                "_dt_cid.d39311859605a619fb4749c5214f42fe915b3d57f13498dd4a0248d9013b7063": {
                    "ttl": 34214407,
                    "length": 44,
                    "prevalence": 0.000006807073911208528,
                    "uniqueness": 1
                },
                "_dt_sid.d39311859605a619fb4749c5214f42fe915b3d57f13498dd4a0248d9013b7063": {
                    "ttl": 1806,
                    "length": 21,
                    "prevalence": 0.000006807073911208528,
                    "uniqueness": 1
                }
            },
            "firstPartyCookiesSent": {},
            "exampleSites": [
                "mufg.jp",
                "magazine.tr.mufg.jp",
                "panasonic.jp"
            ]
        },
        {
            "rule": "decsuite\\.com\\/track",
            "cookies": 0,
            "fingerprinting": 0,
            "subdomains": [
                "tag.dec-connect"
            ],
            "apis": {},
            "sites": 3,
            "prevalence": 0.0000204,
            "cnames": [],
            "responseHashes": [
                "e3b0c44298fc1c149afbf4c8996fb92427ae41e4649b934ca495991b7852b855"
            ],
            "type": "Ping",
            "firstPartyCookies": {},
            "firstPartyCookiesSent": {},
            "exampleSites": [
                "mufg.jp",
                "magazine.tr.mufg.jp",
                "panasonic.jp"
            ]
        }
    ],
    "categories": [],
    "performance": {},
    "cookies": 0.0000272,
    "topInitiators": [
        {
            "domain": "googletagmanager.com",
            "prevalence": 0.75
        },
        {
            "domain": "first party",
            "prevalence": 0.25
        }
    ],
    "types": {
        "Script": 3,
        "Ping": 3
    },
    "nameservers": [
        "ns-717.awsdns-25.net",
        "ns-1516.awsdns-61.org",
        "ns-401.awsdns-50.com",
        "ns-1571.awsdns-04.co.uk"
    ]
}