{
    "domain": "delmovip.com",
    "owner": {},
    "source": [
        "DuckDuckGo-CH"
    ],
    "prevalence": 0.000904,
    "sites": 9,
    "subdomains": [
        "go",
        "static"
    ],
    "cnames": [],
    "fingerprinting": 2,
    "resources": [
        {
            "rule": "delmovip\\.com\\/eactrl\\.go",
            "cookies": 0,
            "fingerprinting": 0,
            "subdomains": [
                "go"
            ],
            "apis": {},
            "sites": 8,
            "prevalence": 0.000803,
            "cnames": [],
            "responseHashes": [
                "59b57b6ff2e58d2a2913008fdcdd03616371c00304681ed8f20bc722863eeaf9",
                "6b37faa6b9d2716ac005d9791236925534ca887170663138a372a2d3df759b47",
                "7204dbfc70f03c10cc7503c0dfb5833e3aff17ff24678372a0abe31196891b18",
                "98a8aaa39502d5d4a26588b0d92dd3c2003d6715f82ecb06f5f5584d6fcd5a55",
                "aaa6db9a95609aef001852998024b2131b9a90ff8bd961f138c65da625e09d7a",
                "f12f1c39bc8994f61f5674d34cf1219eedbfbec62510ea9b7e37eb3617bb2c91",
                "f3ef55af68608d53994f0b31d177ec9a11b4558c9bb819ea894685035c8703e4"
            ],
            "type": "XHR",
            "firstPartyCookies": {},
            "firstPartyCookiesSent": {},
            "exampleSites": [
                "deutschepornos-tube.org",
                "pornohutdeutsch.net",
                "sexfilmetube.net",
                "www.echtsexgeschichten.com",
                "www.erotik-sexvideos.com",
                "www.omasexpornos.com",
                "www.sexfilme24.org",
                "www.xnxx-pornos.xxx"
            ]
        },
        {
            "rule": "delmovip\\.com\\/banner\\.go",
            "cookies": 0,
            "fingerprinting": 0,
            "subdomains": [
                "go"
            ],
            "apis": {},
            "sites": 3,
            "prevalence": 0.000301,
            "cnames": [],
            "responseHashes": [
                "65332a3a7a41f075fff3266a773c50835406340a66b810f790e691fae5bb6c43",
                "120845c1d4780813540a52e15c75604b55a7040976d3a17fa1e01c693dfc0863"
            ],
            "type": "Document",
            "firstPartyCookies": {},
            "firstPartyCookiesSent": {},
            "exampleSites": [
                "echtsexgeschichten.com",
                "www.echtsexgeschichten.com",
                "www.german-porno-deutsch.info"
            ]
        },
        {
            "rule": "delmovip\\.com\\/data\\/creatives\\/32\\/2320\\.mp4",
            "cookies": 0,
            "fingerprinting": 0,
            "subdomains": [
                "static"
            ],
            "apis": {},
            "sites": 2,
            "prevalence": 0.000201,
            "cnames": [],
            "responseHashes": [
                "0202d680fc320d8a91abf7ca7100f33690e603c9fe4887e0f52d08e6590812ce"
            ],
            "type": "Media",
            "firstPartyCookies": {},
            "firstPartyCookiesSent": {},
            "exampleSites": [
                "german-porno-deutsch.info",
                "www.german-porno-deutsch.info"
            ]
        }
    ],
    "categories": [],
    "performance": {},
    "cookies": 0,
    "topInitiators": [
        {
            "domain": "first party",
            "prevalence": 0.5952380952380952
        },
        {
            "domain": "jquery.com",
            "prevalence": 0.40476190476190477
        }
    ],
    "types": {
        "XHR": 8,
        "Document": 3,
        "Media": 2
    },
    "nameservers": [
        "dawn.ns.cloudflare.com",
        "gordon.ns.cloudflare.com"
    ]
}