{
    "domain": "devilishdinner.com",
    "owner": {
        "name": "Leven Labs, Inc. DBA Admiral",
        "displayName": "Admiral"
    },
    "source": [
        "DuckDuckGo-US"
    ],
    "prevalence": 0.000204,
    "sites": 30,
    "subdomains": [],
    "cnames": [],
    "fingerprinting": 2,
    "resources": [
        {
            "rule": "devilishdinner\\.com\\/v2rth_6kw8Yu97oYljJ6xYBTmETdekVQNS3dzJGPgmaoUV3SGezUwoMg",
            "cookies": 0.000109,
            "fingerprinting": 2,
            "subdomains": [],
            "apis": {
                "Navigator.prototype.userAgent": 16,
                "HTMLCanvasElement.prototype.toDataURL": 16,
                "window.localStorage": 16,
                "Date.prototype.getTimezoneOffset": 16,
                "Document.cookie getter": 16,
                "Document.cookie setter": 16,
                "window.sessionStorage": 11
            },
            "sites": 16,
            "prevalence": 0.000109,
            "cnames": [],
            "responseHashes": [
                "0f56653f5573651c57ee276d2b72394906b1425c3d150d8f13759b80baf0e135",
                "e4851b1b4f47c6b087f82b6778ef54c4afb1c733f796a2dde1c8626dafd55e85",
                "277636206508b62a44597cd6d91a66824fad243a41cadebe951d5e21d59d44ac",
                "f7ce5e63bea19d3e46be76fb063cd0c9cc054c36edeadf0ab5e6e85128bc20be",
                "e57e2f304e1302a16d9efe68027dfcbbdbe5eb2660650b4bf5871bb4838b2b67",
                "27895d1562333602006671d2ff4413a08283cb57c59a00a7da7c73cc8daa0d57",
                "dc151514cb9a762a6fd5ace3beb0631817db46d2674e93b7482716bafc60abd3",
                "afc57f4a90884a75cd8c6fc5267a7dab7024565f678d6bcb09d2c41306acf45c",
                "24c80dee9a22bed27cd692f029cbf99d9b385118a3e6a2d40c81fc41ef7eaae4",
                "8f08ad6bf10aef6c97cbc559650fc1435c608ebf332464cfa78c013959e397c1",
                "9c48c9fad135d46586f6cb5dfb0e0abee94f38e4f1872566f7d0d409476c48e8",
                "a20f4eb97938b395fc79bf9a7f440909b6fb772924fe16c91d7f1ae34d9be4fd",
                "6a05f4942f96d21bd51357880e413014dc539e4f795add56caf14c8a7fc85396",
                "46bd400ec0fe903556d28e4eb8add4c1ab40e2320533c9dc5f7e033cbd858c6d",
                "8e96033d8d4f790d5ac281c58e173a5a2d0a70c9a50e92550fdfccf39c62d5ad"
            ],
            "type": "Script",
            "firstPartyCookies": {
                "_awl": {
                    "ttl": 34128000,
                    "length": 74,
                    "prevalence": 0.00010891318257933645,
                    "uniqueness": 1
                }
            },
            "firstPartyCookiesSent": {},
            "exampleSites": [
                "lovetoknow.com",
                "antiques.lovetoknow.com",
                "baby.lovetoknow.com",
                "cleaning.lovetoknow.com",
                "cocktails.lovetoknow.com",
                "dating.lovetoknow.com",
                "dying.lovetoknow.com",
                "family.lovetoknow.com",
                "feng-shui.lovetoknow.com",
                "garden.lovetoknow.com",
                "horoscopes.lovetoknow.com",
                "kids.lovetoknow.com",
                "paranormal.lovetoknow.com",
                "seniors.lovetoknow.com",
                "www.lovetoknowhealth.com",
                "www.lovetoknowpets.com"
            ]
        }
    ],
    "categories": [],
    "performance": {},
    "cookies": 0.000204,
    "topInitiators": [
        {
            "domain": "first party",
            "prevalence": 1
        }
    ],
    "types": {
        "Script": 16
    },
    "nameservers": [
        "ns-899.awsdns-48.net",
        "ns-1368.awsdns-43.org",
        "ns-1730.awsdns-24.co.uk",
        "ns-18.awsdns-02.com"
    ]
}