{
    "domain": "dood.pm",
    "owner": {},
    "source": [
        "DuckDuckGo-US"
    ],
    "prevalence": 0.000177,
    "sites": 26,
    "subdomains": [],
    "cnames": [],
    "fingerprinting": 1,
    "resources": [
        {
            "rule": "dood\\.pm\\/cdn-cgi\\/challenge-platform\\/scripts\\/invisible\\.js",
            "cookies": 0,
            "fingerprinting": 0,
            "subdomains": [],
            "apis": {},
            "sites": 25,
            "prevalence": 0.00017,
            "cnames": [],
            "responseHashes": [
                "a8d4f4e9026186eeab8550506536e3d7e6567cae0f9443934d05e78ea490569a",
                "f84996f78d8e698d353c3e585743bfc85f2c24bf17eae76d4eaf50d7007c306f",
                "c777e8e5c77933a927613cc47ac24eafbdf9e6162e5d5acd0db2051e5d3501f6",
                "1823c28ab7ce8da239dc51f36b0d2e4302921ef212de93afd738e2700938b957",
                "9fd707ab36cadb98db0a3f16c670828b171861ee712e98aecc6d6245cdda33f4",
                "e6a868c3dc83d5b62b9bf93efab7e1523f775d2bdb71e57636673e515222f02d",
                "cd9453835d0d1244b5de12967e205edae408a822df2ffda9a25dceee60b7a0fd",
                "7d62cff6a6dfddcd00c950e37e886ad1be81ff2071cab92f0d1c92e47b3ad2e9",
                "ef5688624c46746a906b56f59acec5f21d90896a52f637b8a8452c1d5635e9d9",
                "3121fde3ef3010fbd3ba8cb3374ab20c9c8c3585ae62c5eab292513b81bc53c3",
                "9562c7e5f758f72b7dc71c21091a0a04bd72a67539da6f7a4489ec71477481bc",
                "78051c4576e04b9837f2e0c9e87ccbd33b5974d0fb2758de9f71a1cc9570e5cb",
                "94d5212efdb95b7ca38c006fa21c86d168a14a2eb2fce3fb8ec6759700de5d0f",
                "916bd82f48688e52660832f14c22b3b44677af463d4115c7b0750236aef8384b",
                "961f8aa676331c79b4eb50272b2f1f9622a9979045b4ca7651d03d8ca06042f2",
                "b9f9897d955badbcc9292337fecf56acfacd436475afc27d3290ede62937f3b2",
                "b662f50ad149b146e490820656e1ec1e38c5dad8ad2bb39af23b36b307799d64",
                "d061c15c04b60065bade6448e41d7ecb88b38e08c8336654129c69f2e91462ae",
                "aaf118c68243eb70171181e18887030e00a2ad2e25f48794d3b328f9e5988800",
                "840cd5b33e0a5fff360d1fd2760f3a68eefdebf118fe4b022be609f5e1a2b963",
                "46ddbdd80d4e36a001e9d7beb7d2fe7b00f794e7e2bce54b613824bf62a198aa",
                "6c3cefae61d29bff80929787ea1e8348bd3ab7a6af96319ab9b4e17a9a0f7a81",
                "92eed8201a1fd0f0c19a2c80633eb62ae6ef551a3db7543b13d72b2e572f4556"
            ],
            "type": "Script",
            "firstPartyCookies": {},
            "firstPartyCookiesSent": {},
            "exampleSites": [
                "cam-video.xxx",
                "hdjerjer2.com",
                "indocabe.cam",
                "bokepsin.mom",
                "temancoli.live",
                "bokepsin.cam",
                "pinaysexscandal.co",
                "fakebokep.wiki",
                "tantenakal.live",
                "www.taichan.cam",
                "simantan.vip",
                "videobokep17.one",
                "kamarbokep.xyz",
                "mukacrot.live",
                "lewdstars.com",
                "hijab.link",
                "xtorjack.com",
                "paptt.cam",
                "www.doodla.cam",
                "tergenit.sbs"
            ]
        },
        {
            "rule": "dood\\.pm\\/cdn-cgi\\/challenge-platform\\/h\\/b\\/scripts\\/jsd\\/74cb9f3f\\/invisible\\.js",
            "cookies": 0,
            "fingerprinting": 0,
            "subdomains": [],
            "apis": {},
            "sites": 23,
            "prevalence": 0.000157,
            "cnames": [],
            "responseHashes": [
                "c777e8e5c77933a927613cc47ac24eafbdf9e6162e5d5acd0db2051e5d3501f6",
                "1823c28ab7ce8da239dc51f36b0d2e4302921ef212de93afd738e2700938b957",
                "9fd707ab36cadb98db0a3f16c670828b171861ee712e98aecc6d6245cdda33f4",
                "e6a868c3dc83d5b62b9bf93efab7e1523f775d2bdb71e57636673e515222f02d",
                "cd9453835d0d1244b5de12967e205edae408a822df2ffda9a25dceee60b7a0fd",
                "7d62cff6a6dfddcd00c950e37e886ad1be81ff2071cab92f0d1c92e47b3ad2e9",
                "ef5688624c46746a906b56f59acec5f21d90896a52f637b8a8452c1d5635e9d9",
                "3121fde3ef3010fbd3ba8cb3374ab20c9c8c3585ae62c5eab292513b81bc53c3",
                "9562c7e5f758f72b7dc71c21091a0a04bd72a67539da6f7a4489ec71477481bc",
                "29185989694c70cdc60dc114429a7df7875077094b879e36805f150a4a9bdd80",
                "78051c4576e04b9837f2e0c9e87ccbd33b5974d0fb2758de9f71a1cc9570e5cb",
                "94d5212efdb95b7ca38c006fa21c86d168a14a2eb2fce3fb8ec6759700de5d0f",
                "916bd82f48688e52660832f14c22b3b44677af463d4115c7b0750236aef8384b",
                "961f8aa676331c79b4eb50272b2f1f9622a9979045b4ca7651d03d8ca06042f2",
                "b9f9897d955badbcc9292337fecf56acfacd436475afc27d3290ede62937f3b2",
                "b662f50ad149b146e490820656e1ec1e38c5dad8ad2bb39af23b36b307799d64",
                "d061c15c04b60065bade6448e41d7ecb88b38e08c8336654129c69f2e91462ae",
                "aaf118c68243eb70171181e18887030e00a2ad2e25f48794d3b328f9e5988800",
                "840cd5b33e0a5fff360d1fd2760f3a68eefdebf118fe4b022be609f5e1a2b963",
                "46ddbdd80d4e36a001e9d7beb7d2fe7b00f794e7e2bce54b613824bf62a198aa",
                "6c3cefae61d29bff80929787ea1e8348bd3ab7a6af96319ab9b4e17a9a0f7a81",
                "92eed8201a1fd0f0c19a2c80633eb62ae6ef551a3db7543b13d72b2e572f4556"
            ],
            "type": "Script",
            "firstPartyCookies": {},
            "firstPartyCookiesSent": {},
            "exampleSites": [
                "simantan.vip",
                "www.doodla.cam",
                "fakebokep.wiki",
                "pinayflix.biz",
                "indocabe.cam",
                "vokeptube.blogspot.com",
                "hijab.link",
                "paptt.cam",
                "tergenit.sbs",
                "sexycandidgirls.net",
                "xtorjack.com",
                "pinaysexscandal.co",
                "cam-video.xxx",
                "tantenakal.live",
                "videobokep17.one",
                "bokepsin.mom",
                "kamarbokep.xyz",
                "lewdstars.com",
                "bokepsan.net",
                "hdjerjer2.com"
            ]
        },
        {
            "rule": "dood\\.pm\\/cdn-cgi\\/challenge-platform\\/h\\/b\\/scripts\\/pica\\.js",
            "cookies": 0,
            "fingerprinting": 0,
            "subdomains": [],
            "apis": {},
            "sites": 23,
            "prevalence": 0.000157,
            "cnames": [],