{
    "domain": "dood.re",
    "owner": {},
    "source": [
        "DuckDuckGo-US"
    ],
    "prevalence": 0.000143,
    "sites": 21,
    "subdomains": [],
    "cnames": [],
    "fingerprinting": 1,
    "resources": [
        {
            "rule": "dood\\.re\\/cdn-cgi\\/challenge-platform\\/scripts\\/invisible\\.js",
            "cookies": 0,
            "fingerprinting": 0,
            "subdomains": [],
            "apis": {},
            "sites": 21,
            "prevalence": 0.000143,
            "cnames": [],
            "responseHashes": [
                "e2de35f9ac38cd118338835a41c638987b5aac5c3031abee0eeeb31f8e8f638b",
                "b18c17fc508e2f340123f715e42505554105c990b4af494df3541a62e412f3a1",
                "1cf1da2288ff16e38460e51a6ec71ec8487994596ba533cdad723b326585142f",
                "e949f405337198bd6c07e307acbfbd6449aeeabc2c0327002e7850c16d44e5e6",
                "e6f2eb9ca12eb34bc07d9b8be00f14cbdf807649c79d4a0a142ea13263a28cab",
                "bfbfb1051957366dfcf85abaa0a1f010ff3a359db266ba55ec657f703f3d2caf",
                "03560e818bc7fd5d2100ad1604308464c2ce47fc9f1f88b9e44120fdae1432d4",
                "86dc6fd15f433d65efcea4ac93653e0473dd19b8c994e90b9eef97105ec1920d",
                "d2e3308892858b2372660734036157e22471c5ea4bc15b0a1558621c4a0ae2db",
                "6f75a420f04001d70971c691244252114694cf4939462a6299a890b2cce133e5",
                "743242046538a2dce58274b25b9d28aa74e82d2a08e56877b5d133d64636e98a",
                "d0774327a565e2726a1d8a82bfcfab8076129fa9a61dcf0603649653f0558bd0",
                "1a44c04bcf2027cde00f0263783acd1cbaf90b7bf00587c74b7348f2975a26ba",
                "2f966211372113f1731ba9420a543607edbbc91d1805ed228bc929a277fc1bda",
                "de78b9b17a832d0733ca0bc0c599c2adbceb11e3f72a26e9264adfa76102591b"
            ],
            "type": "Script",
            "firstPartyCookies": {},
            "firstPartyCookiesSent": {},
            "exampleSites": [
                "aagmaal.club",
                "aagmaal.mobi",
                "adultvideos.co",
                "avtub.mom",
                "bokebhub.art",
                "bokepcrot.lol",
                "bokepep.bid",
                "bokepterbaru.cam",
                "bokepviral.biz",
                "cewekgenit.bond",
                "dutasex.sbs",
                "girlspee.net",
                "moviesmom.org",
                "pornxstream.com",
                "sepoy.live",
                "www.bokepsin.cam",
                "www.bokepterbaru.cam",
                "www.kontol.in"
            ]
        },
        {
            "rule": "dood\\.re\\/cdn-cgi\\/challenge-platform\\/h\\/b\\/scripts\\/jsd\\/74cb9f3f\\/invisible\\.js",
            "cookies": 0,
            "fingerprinting": 0,
            "subdomains": [],
            "apis": {},
            "sites": 20,
            "prevalence": 0.000136,
            "cnames": [],
            "responseHashes": [
                "e2de35f9ac38cd118338835a41c638987b5aac5c3031abee0eeeb31f8e8f638b",
                "b18c17fc508e2f340123f715e42505554105c990b4af494df3541a62e412f3a1",
                "1cf1da2288ff16e38460e51a6ec71ec8487994596ba533cdad723b326585142f",
                "e949f405337198bd6c07e307acbfbd6449aeeabc2c0327002e7850c16d44e5e6",
                "8a2db37c4188a51a7fdf9b3eef3de9f04ab344d6262ad26b1b15e06698d57a05",
                "e6f2eb9ca12eb34bc07d9b8be00f14cbdf807649c79d4a0a142ea13263a28cab",
                "53bfa34d9630371d09506b417cff0246ffb8a028f324171cc478d11f327d1327",
                "bfbfb1051957366dfcf85abaa0a1f010ff3a359db266ba55ec657f703f3d2caf",
                "b6d597549c54b776947d14213c550c8653c4b6016a40399d88372aa3cb81b2d2",
                "03560e818bc7fd5d2100ad1604308464c2ce47fc9f1f88b9e44120fdae1432d4",
                "86dc6fd15f433d65efcea4ac93653e0473dd19b8c994e90b9eef97105ec1920d",
                "d2e3308892858b2372660734036157e22471c5ea4bc15b0a1558621c4a0ae2db",
                "6f75a420f04001d70971c691244252114694cf4939462a6299a890b2cce133e5",
                "3b56847f6a1b1f763b72b37b355bb4e9972463f2e42c06002ec1cda56acdb6f8",
                "743242046538a2dce58274b25b9d28aa74e82d2a08e56877b5d133d64636e98a",
                "d0774327a565e2726a1d8a82bfcfab8076129fa9a61dcf0603649653f0558bd0",
                "1a44c04bcf2027cde00f0263783acd1cbaf90b7bf00587c74b7348f2975a26ba",
                "2f966211372113f1731ba9420a543607edbbc91d1805ed228bc929a277fc1bda"
            ],
            "type": "Script",
            "firstPartyCookies": {},
            "firstPartyCookiesSent": {},
            "exampleSites": [
                "aagmaal.club",
                "aagmaal.mobi",
                "adultvideos.co",
                "avtub.mom",
                "bokebhub.art",
                "bokepcrot.lol",
                "bokepep.bid",
                "bokepterbaru.cam",
                "bokepviral.biz",
                "cewekgenit.bond",
                "dutasex.sbs",
                "girlspee.net",
                "moviesmom.org",
                "pornxstream.com",
                "sepoy.live",
                "www.bokepsin.cam",
                "www.bokepterbaru.cam"
            ]
        },
        {
            "rule": "dood\\.re\\/cdn-cgi\\/challenge-platform\\/h\\/b\\/scripts\\/pica\\.js",
            "cookies": 0,
            "fingerprinting": 0,
            "subdomains": [],
            "apis": {},
            "sites": 20,
            "prevalence": 0.000136,
            "cnames": [],
            "responseHashes": [
                "282f69f00160f71a5a52e53818df733abd7189391a2712e45cc7c89ebf567cee",
                "42ebbda4e76af1c1f5445e02f0eba163fa23f6f30afa5b51a535def19ae5f52f",
                "d0ea300a05c574a3cac7fecaee2d22ff8177dc18bb23e3ea67d731c2ec4ea23c",
                "42d38ea5349012141b29c0c2206e5ba43dec1a39c93ea09c29bb9ae1776481c6",
                "97bcaf10d07b74a56e2bf16af1fe518e340c0b795b2b9729a2d20c4e5dce44c8",
                "2c5a1fdea44e543c4e153df00ab7e6643b56a47ad5515b1a1b7183a2e315d695",
                "39477d16f61bc4c281073aee027e0b7aa70881b8582b4a6daf6acd598bd221e9",
                "37b2edf7ff0359e2fc11857c6fc14b657620d19167adf85c7d061a70dba8b4bb",
                "9337a9b5f83c3654fbc386e1be0c5a0323b8c330b779ed5aadb2b5947c1ad481",
                "ca293a43940ba5efeee7313220b8dcaa311ad16379255ff2eb000f8f7b3b7dd4",
                "fa05e49bfea0bad1779173b7c23792da37892c7aaf5a7e84751952cf6335702d",
                "89d922e3a02df67d39bacd9e8e28329f806e2bc192db91c88843c7382b19e700",
                "61454b39bc0916491878e993c4e614fa9e9a06c38b2a5341f783f86678324262",
                "554abd54f6c4e911b4c39f6f92ab7263e75b5fa07987a5ec47c74de188efe6c4",
                "426230c08ba81ad4edf5f89f164320f8db92fbe913529071a0e73472eb3bccb1",
                "8b011c3dac657b0341607092ed2f3960b6b53f6b667ba82d1222fab148269dc2",
                "022af005e4221474b2499cc467ced0872fe404fc2d34915dc7c67b31d2eda32b"
            ],
            "type": "Other",
            "firstPartyCookies": {},
            "firstPartyCookiesSent": {},
            "exampleSites": [
                "aagmaal.club",
                "aagmaal.mobi",
                "adultvideos.co",
                "avtub.mom",
                "bokebhub.art",
                "bokepcrot.lol",
                "bokepep.bid",
                "bokepterbaru.cam",
                "bokepviral.biz",
                "cewekgenit.bond",
                "dutasex.sbs",
                "girlspee.net",
                "moviesmom.org",
                "pornxstream.com",
                "sepoy.live",
                "www.bokepsin.cam",
                "www.bokepterbaru.cam"
            ]
        }
    ],
    "categories": [],
    "performance": {},
    "cookies": 0.000143,
    "topInitiators": [
        {
            "domain": "first party",
            "prevalence": 0.7511961722488039
        },
        {
            "domain": "dood.re",