{
    "domain": "dood.ws",
    "owner": {},
    "source": [
        "DuckDuckGo-US"
    ],
    "prevalence": 0.0000408,
    "sites": 6,
    "subdomains": [],
    "cnames": [],
    "fingerprinting": 1,
    "resources": [
        {
            "rule": "dood\\.ws\\/cdn-cgi\\/challenge-platform\\/scripts\\/invisible\\.js",
            "cookies": 0,
            "fingerprinting": 0,
            "subdomains": [],
            "apis": {},
            "sites": 6,
            "prevalence": 0.0000408,
            "cnames": [],
            "responseHashes": [
                "fdcaae3f9b84dd348f659fbb80c54f177668cbcaa012657970639b28485d043d",
                "d4683a034ed479a765b96c1e97fd53f3799864a3dd1e8c7a2011c10334e78383",
                "bb06ad383f3780595e8b58f1029f0830c6900fcb3b022360a40d18bba1b6e037",
                "9b69936d01fd4e3b3be276d4e52e347751359ad4fbc17cb805a9cce735393af6",
                "7bfb3312eec4cfc39309b40260f8eacfbcd8603c3f78abf6954b3d1dd6ea9b51"
            ],
            "type": "Script",
            "firstPartyCookies": {},
            "firstPartyCookiesSent": {},
            "exampleSites": [
                "bokepfull.com",
                "bokepindo.mom",
                "desihotmms.net",
                "desixflix.com"
            ]
        },
        {
            "rule": "dood\\.ws\\/cdn-cgi\\/challenge-platform\\/h\\/b\\/scripts\\/jsd\\/74cb9f3f\\/invisible\\.js",
            "cookies": 0,
            "fingerprinting": 0,
            "subdomains": [],
            "apis": {},
            "sites": 6,
            "prevalence": 0.0000408,
            "cnames": [],
            "responseHashes": [
                "fdcaae3f9b84dd348f659fbb80c54f177668cbcaa012657970639b28485d043d",
                "d4683a034ed479a765b96c1e97fd53f3799864a3dd1e8c7a2011c10334e78383",
                "bb06ad383f3780595e8b58f1029f0830c6900fcb3b022360a40d18bba1b6e037",
                "9b69936d01fd4e3b3be276d4e52e347751359ad4fbc17cb805a9cce735393af6",
                "7bfb3312eec4cfc39309b40260f8eacfbcd8603c3f78abf6954b3d1dd6ea9b51"
            ],
            "type": "Script",
            "firstPartyCookies": {},
            "firstPartyCookiesSent": {},
            "exampleSites": [
                "bokepfull.com",
                "bokepindo.mom",
                "desihotmms.net",
                "desixflix.com"
            ]
        },
        {
            "rule": "dood\\.ws\\/cdn-cgi\\/challenge-platform\\/h\\/b\\/scripts\\/pica\\.js",
            "cookies": 0,
            "fingerprinting": 0,
            "subdomains": [],
            "apis": {},
            "sites": 5,
            "prevalence": 0.000034,
            "cnames": [],
            "responseHashes": [
                "17002cf9d233756aa1804f592237d623fb6e483317f9e879e83d569478d3cef0",
                "97aca2de4c1ce47e9623ff3db0f3b845358232967327b91a049d7d2a008cc098",
                "b6553822c16f6eddb3cb7a30ec049189409110335d52a499862c3ae84a093f6a",
                "30c4c1ee9d47b6b6428f0d88d644254307593229d1eab00ebff3418085e1be94"
            ],
            "type": "Other",
            "firstPartyCookies": {},
            "firstPartyCookiesSent": {},
            "exampleSites": [
                "bokepfull.com",
                "bokepindo.mom",
                "desihotmms.net",
                "desixflix.com"
            ]
        }
    ],
    "categories": [],
    "performance": {},
    "cookies": 0.0000408,
    "topInitiators": [
        {
            "domain": "first party",
            "prevalence": 0.6595744680851063
        },
        {
            "domain": "dood.ws",
            "prevalence": 0.3404255319148936
        }
    ],
    "types": {
        "Script": 12,
        "Other": 5
    },
    "nameservers": [
        "hank.ns.cloudflare.com",
        "karina.ns.cloudflare.com"
    ]
}