{
    "domain": "dood.wf",
    "owner": {},
    "source": [
        "DuckDuckGo-US"
    ],
    "prevalence": 0.000157,
    "sites": 23,
    "subdomains": [],
    "cnames": [],
    "fingerprinting": 1,
    "resources": [
        {
            "rule": "dood\\.wf\\/cdn-cgi\\/challenge-platform\\/scripts\\/invisible\\.js",
            "cookies": 0,
            "fingerprinting": 0,
            "subdomains": [],
            "apis": {},
            "sites": 22,
            "prevalence": 0.00015,
            "cnames": [],
            "responseHashes": [
                "2355291f2a0a4eb7f5820e07457076991d17c425a07c890a173c7d4527212b72",
                "ef826e6de221c9669f582ffbf4355bfc911faa4d3f9eb1b1d55297cee3575939",
                "a5a8af5e645e5dcefadbcc24dc67059e0700adc08300d16bbb93ba0f905d79ac",
                "4b612bd2f24a42f4f8972b85e8deffed8436547381cf9e8e4e3f799ba3bc964e",
                "731c7574c37923806acba64716918a360a8cb88baa6a31d5b92f98e8d742b5cc",
                "aaf118c68243eb70171181e18887030e00a2ad2e25f48794d3b328f9e5988800",
                "f28d6edaf2825df95b3310b5c746cc2042430303da8ec98d058248533e1de85c",
                "07308480c7b28b991a205ac4291aa6e82edf922a8e13202c8d1571eef5fceb2b",
                "e96dc14771779d59afc51e1cb8582c2c4b7abc26e20e92c6aa79b1bdb55a2d4d",
                "97e05356e4b5441a8c9375b1cecb8b1a81ba4fc7cc3330899aedfc647388ff20"
            ],
            "type": "Script",
            "firstPartyCookies": {},
            "firstPartyCookiesSent": {},
            "exampleSites": [
                "bacol69.fun",
                "bacol69.online",
                "bacol69.tv",
                "bokepinfo.site",
                "bokepvpn.com",
                "colmeklink.com",
                "desahtoge.blogspot.com",
                "fanscrot.com",
                "hostrix.stream",
                "ibomma.city",
                "linkbokep.cc",
                "lustmaal.com",
                "nbtub.sbs",
                "ojol.stream",
                "sakitbokep.blogspot.com",
                "serlinkgan.com",
                "toketibu.blogspot.com",
                "www.avtub.mom",
                "www.kazepoi.my.id",
                "xpornonly.com"
            ]
        },
        {
            "rule": "dood\\.wf\\/cdn-cgi\\/challenge-platform\\/h\\/b\\/scripts\\/jsd\\/74cb9f3f\\/invisible\\.js",
            "cookies": 0,
            "fingerprinting": 0,
            "subdomains": [],
            "apis": {},
            "sites": 22,
            "prevalence": 0.00015,
            "cnames": [],
            "responseHashes": [
                "cf73b3eaee70bdb148f80383455545b84d1327f1e01c9fdf6802b0fcf360f9bb",
                "2355291f2a0a4eb7f5820e07457076991d17c425a07c890a173c7d4527212b72",
                "ef826e6de221c9669f582ffbf4355bfc911faa4d3f9eb1b1d55297cee3575939",
                "a5a8af5e645e5dcefadbcc24dc67059e0700adc08300d16bbb93ba0f905d79ac",
                "cd9453835d0d1244b5de12967e205edae408a822df2ffda9a25dceee60b7a0fd",
                "4b612bd2f24a42f4f8972b85e8deffed8436547381cf9e8e4e3f799ba3bc964e",
                "731c7574c37923806acba64716918a360a8cb88baa6a31d5b92f98e8d742b5cc",
                "24780a146b7bfed5986254e71675cefbc11cb67b970c6f3b222fb140157199d7",
                "e2de35f9ac38cd118338835a41c638987b5aac5c3031abee0eeeb31f8e8f638b",
                "687191e9ce83101f104f6d573c5ddcb5413420fa0f44767871381b10fc293de3",
                "aaf118c68243eb70171181e18887030e00a2ad2e25f48794d3b328f9e5988800",
                "f28d6edaf2825df95b3310b5c746cc2042430303da8ec98d058248533e1de85c",
                "c46d506b1530984e047018a42df31d5f064cb989d35051a482eb9af73026c540",
                "07308480c7b28b991a205ac4291aa6e82edf922a8e13202c8d1571eef5fceb2b",
                "e96dc14771779d59afc51e1cb8582c2c4b7abc26e20e92c6aa79b1bdb55a2d4d",
                "7fbd86c09c471740f8efc2c0301959cabb7ecb1890475623f2628a95f5d7c5c3",
                "caa8b8ab6c8dfe73a6c1f74bc8b19a8005bf90598aa49c55754b968d36d7325f",
                "0b4b614b577a215c991fe9c9dafe1f613f6a2eee6e750d5763a819a1438bcdc9",
                "9370afb997d7b6d2c86bf90dd833eb292cd00825bf2f25dfba86e1142cf16c44",
                "97e05356e4b5441a8c9375b1cecb8b1a81ba4fc7cc3330899aedfc647388ff20",
                "4f990b26777c2ec9230fdd0df569778083de87694374b45a1263181941d07b31"
            ],
            "type": "Script",
            "firstPartyCookies": {},
            "firstPartyCookiesSent": {},
            "exampleSites": [
                "bacol69.fun",
                "bacol69.online",
                "bacol69.tv",
                "bokepinfo.site",
                "bokepvpn.com",
                "colmeklink.com",
                "desahtoge.blogspot.com",
                "fanscrot.com",
                "hostrix.stream",
                "ibomma.city",
                "linkbokep.cc",
                "lustmaal.com",
                "nbtub.sbs",
                "ojol.stream",
                "sakitbokep.blogspot.com",
                "serlinkgan.com",
                "toketibu.blogspot.com",
                "www.avtub.mom",
                "www.kazepoi.my.id",
                "xpornonly.com"
            ]
        },
        {
            "rule": "dood\\.wf\\/cdn-cgi\\/challenge-platform\\/h\\/b\\/scripts\\/pica\\.js",
            "cookies": 0,
            "fingerprinting": 0,
            "subdomains": [],
            "apis": {},
            "sites": 22,
            "prevalence": 0.00015,
            "cnames": [],
            "responseHashes": [
                "f360729d068f219486b50ddad20c20192c53cb7212ec0c98fd3073c859eb2b92",
                "c1b94ba0799503f5b4b9abc2c2263458cb656efec83213a538722478c3a29cbc",
                "bfd786c98311084f6fe762d6e5e04faa4020b674e8754b4a4f4ba0317b6397f8",
                "496b4b2f195ce2d1c8dcb4db1c3242be997ec3e68ef4cd352b74dfc0651a9214",
                "deb10d39a950cfcc7139ef27d68daba0834acd07bf8e798964499cff5448ae72",
                "344cc3c0784874650d80b55ca7b86826aa52dc410a9f17385784b8bd974fdf3b",
                "bad7e1979499c10769c47e7e14cb4124eb9ec1c6f55591daec396a84602acb16",
                "f92ac224ed2b22fd24cc0c5da26092bc090548b15f4b8bbe5b0bdee8cd586c37",
                "96ac619a5f8b99efbe0b59b6b530f76e0edbc4325b6a8026c720d97d360c14af",
                "1a6ce838a85ccf769cdca2f2ffc7fbaa046c608e69d58c9c1672b6ae3aa287ae",
                "81cf6cbc935bdbcf31bfda93145b9fef07deb4532a5b5aa9bef18d197edfae46",
                "7a87fca1158ca679cacd50b87f9f15ff4742f9645e8e25413af68cf32050b577",
                "189e0217885b697bd1fc80ca2ceac0fcf524ab96208ad5b5b40c2e2005a975a6",
                "149d75c172ddb70b7edb74f158485a2f6767793cbcd142f41c93017176676335",
                "043d91d48085417a0e8f93e69e6d436f63fd1ab1eea9f9aa758582ab7630ed1a",
                "74a1c35e87b9401763e45413e2cb440669477cb4949388078c4e369e2a27b699",
                "99ba55627fa81b2124d5186a878a7773567f9d27b13c6334edaabf3016c91871",
                "f7481ec8f382c3b81d3d1761c50b246eb0b0e758ba7f362b5ca2eaf8adaa0a9a",
                "e14b0b820d39ebef610c375ac2cadd970e022ce72ef9595149be72ccb63a5aba",
                "6adc225e904ea7852de6b90d64e18a3047a70c99af8f31ffef2cdcbd54461d1d",
                "028517579a8d525e3ce7f8c1c6a44e2030c7a7e8bc2f26a9fd07500eb20689b8"
            ],
            "type": "Other",
            "firstPartyCookies": {},
            "firstPartyCookiesSent": {},