{
    "domain": "dsspn.com",
    "owner": {},
    "source": [
        "DuckDuckGo-US"
    ],
    "prevalence": 0.0000681,
    "sites": 10,
    "subdomains": [
        "cdn"
    ],
    "cnames": [],
    "fingerprinting": 0,
    "resources": [
        {
            "rule": "dsspn\\.com\\/trk\\/v1\\.1\\/pixel\\.min\\.js",
            "cookies": 0.0000408,
            "fingerprinting": 0,
            "subdomains": [
                "cdn"
            ],
            "apis": {},
            "sites": 6,
            "prevalence": 0.0000408,
            "cnames": [],
            "responseHashes": [
                "6dca6d173a101261475339119cadea14dc040b008013b9fae8bf681ec73f2a05",
                "c64b5b64822997bc93c22fb2904c96d2d4b71aaa484605d2065b58dca5a812a5",
                "1f39b3120f10c156e4cfe662efdd48aae2b59e3f6b963f521040823e4ee68e95",
                "93c05480bd49a94a3ca937d098d2657d3282a5c83bf7599468251b49c6975a19",
                "f4eef8263281c0b26486637831251059757bc3fdc4c3a48045a8ef8646b36e8f"
            ],
            "type": "Script",
            "firstPartyCookies": {},
            "firstPartyCookiesSent": {
                "IR_gbd": 0.000013614147822417056
            },
            "exampleSites": [
                "jackery.com",
                "www.jackery.com",
                "www.leroymerlin.com.br",
                "www.lightinthebox.com",
                "www.movavi.com",
                "www.orami.co.id"
            ]
        },
        {
            "rule": "dsspn\\.com\\/trk\\/pix\\.js",
            "cookies": 0,
            "fingerprinting": 0,
            "subdomains": [
                "cdn"
            ],
            "apis": {},
            "sites": 4,
            "prevalence": 0.0000272,
            "cnames": [],
            "responseHashes": [
                "08bd107ee2c513ac68544942deaa1038c8a21fb4e79df902c7442d25b5153419",
                "e3b0c44298fc1c149afbf4c8996fb92427ae41e4649b934ca495991b7852b855"
            ],
            "type": "Script",
            "firstPartyCookies": {},
            "firstPartyCookiesSent": {
                "IR_gbd": 0.000013614147822417056,
                "epb_previous_pathname": 0.000006807073911208528,
                "qab_previous_pathname": 0.000006807073911208528,
                "usb_previous_pathname": 0.000006807073911208528
            },
            "exampleSites": [
                "jackery.com",
                "www.jackery.com",
                "www.leroymerlin.com.br",
                "www.lightinthebox.com"
            ]
        },
        {
            "rule": "dsspn\\.com\\/trk\\/img\\.gif",
            "cookies": 0,
            "fingerprinting": 0,
            "subdomains": [
                "cdn"
            ],
            "apis": {},
            "sites": 2,
            "prevalence": 0.0000136,
            "cnames": [],
            "responseHashes": [
                "e3b0c44298fc1c149afbf4c8996fb92427ae41e4649b934ca495991b7852b855"
            ],
            "type": "Document",
            "firstPartyCookies": {},
            "firstPartyCookiesSent": {},
            "exampleSites": [
                "movavi.com",
                "www.movavi.com"
            ]
        }
    ],
    "categories": [],
    "performance": {},
    "cookies": 0.0000613,
    "topInitiators": [
        {
            "domain": "googletagmanager.com",
            "prevalence": 0.3333333333333333
        },
        {
            "domain": "first party",
            "prevalence": 0.3333333333333333
        },
        {
            "domain": "omguk.com",
            "prevalence": 0.16666666666666666
        },
        {
            "domain": "hrznads.com",
            "prevalence": 0.08333333333333333
        },
        {
            "domain": "metaffiliation.com",
            "prevalence": 0.08333333333333333
        }
    ],
    "types": {
        "Script": 10,
        "Document": 2
    },
    "nameservers": [
        "ns-470.awsdns-58.com",
        "ns-539.awsdns-03.net",
        "ns-1248.awsdns-28.org",
        "ns-1670.awsdns-16.co.uk"
    ]
}