{
    "domain": "dtk.id",
    "owner": {},
    "source": [
        "DuckDuckGo-US"
    ],
    "prevalence": 0.0000681,
    "sites": 10,
    "subdomains": [],
    "cnames": [],
    "fingerprinting": 0,
    "resources": [
        {
            "rule": "dtk\\.id\\/",
            "cookies": 0,
            "fingerprinting": 0,
            "subdomains": [],
            "apis": {},
            "sites": 11,
            "prevalence": 0.0000749,
            "cnames": [],
            "responseHashes": [],
            "type": "Preflight",
            "firstPartyCookies": {},
            "firstPartyCookiesSent": {
                "__dtmids": 0.00007487781302329381,
                "lotame_domain_check": 0.00003403536955604264
            },
            "exampleSites": [
                "detik.com",
                "finance.detik.com",
                "food.detik.com",
                "health.detik.com",
                "hot.detik.com",
                "inet.detik.com",
                "news.detik.com",
                "oto.detik.com",
                "travel.detik.com",
                "wolipop.detik.com",
                "www.detik.com"
            ]
        },
        {
            "rule": "dtk\\.id\\/",
            "cookies": 0,
            "fingerprinting": 0,
            "subdomains": [],
            "apis": {},
            "sites": 11,
            "prevalence": 0.0000749,
            "cnames": [],
            "responseHashes": [
                "296e07629a7af9933871fda2c6ab12a8950e5fd9ce45300e43ac4e1067c998eb",
                "e8c2662f5248f539083b52e60791c9606f1d8cba154fa414444f38ddae39e426",
                "571bcdca81ccc1d420def9054655f291d3edc85b58b9c13744a3ea892892e8da",
                "9fb1b0e9846c11937a6aa8a8b1f99a96ee282ba6416c948ed70df761eb547951",
                "d4338c76835e656000d38a1c2d762af37a4c23a59456722cd01ce39ffb4baa87",
                "9b69552903351bfca83aaabaf64f5dc4056b0aca0d35eaee07b42b8eaf03c932",
                "4529e361e65394f870770e16de43f93dba17d7eb638e5b4add3e0284239ed25a",
                "6ba4bd05e52abe0cc2fa5c52fd8a52ecf3d3319a70dd02c3a3a9ab13ff317e70",
                "17eb6a34032717ce55de7c22c7986947cd63648ecb3d7f147ed33dc8398e372b",
                "bb5a204793e39edcbcfc39eba747c6218e56bdcb41d25754caa8503ed7b1f07d"
            ],
            "type": "XHR",
            "firstPartyCookies": {},
            "firstPartyCookiesSent": {
                "__dtmids": 0.00007487781302329381,
                "lotame_domain_check": 0.00003403536955604264
            },
            "exampleSites": [
                "detik.com",
                "finance.detik.com",
                "food.detik.com",
                "health.detik.com",
                "hot.detik.com",
                "inet.detik.com",
                "news.detik.com",
                "oto.detik.com",
                "travel.detik.com",
                "wolipop.detik.com",
                "www.detik.com"
            ]
        }
    ],
    "categories": [],
    "performance": {},
    "cookies": 0,
    "topInitiators": [
        {
            "domain": "detik.net.id",
            "prevalence": 1
        }
    ],
    "types": {
        "Preflight": 11,
        "XHR": 11
    },
    "nameservers": [
        "ns1.detik.net.id",
        "ns.detik.com",
        "ns1.detik.com",
        "ns.detik.net.id"
    ]
}