{
    "domain": "elfsightcdn.com",
    "owner": {},
    "source": [
        "DuckDuckGo-AU"
    ],
    "prevalence": 0.00211,
    "sites": 21,
    "subdomains": [
        "phosphor.utils"
    ],
    "cnames": [],
    "fingerprinting": 0,
    "resources": [
        {
            "rule": "elfsightcdn\\.com\\/",
            "cookies": 0,
            "fingerprinting": 0,
            "subdomains": [
                "phosphor.utils"
            ],
            "apis": {},
            "sites": 14,
            "prevalence": 0.00141,
            "cnames": [],
            "responseHashes": [
                "b01ed09410822f9968fec5c2973ef431b9f626b9e578e8edc641556fd92958dc",
                "9890ad747ab4b9043975af249937ad564796500e894e6c58e6356cbcbc100628",
                "024ede7351e081150b91f2f3d433bbd1a53074dc8e7ff8c7bec7c7d344e115b6",
                "16366d2552aa8349747c1168a3ef03665652b08d80385b6664c4cbf6a5b2f932",
                "21850ee380f46654c3385e044e2781bc4b749f099d5af4651db49a80393138be",
                "527d23112f1c79928073464018ac7ead022923fa22a0564687b538de0f8b96aa",
                "47fbd28f3eb0adb6c5b149696629315425617a8df74b94f98e4069f7c25de633",
                "4a691718fd69d592037bd6a433124e8539a83651606a2031396e032861106470",
                "c87369d863f5c16c6f986f81c60e3059279dc38aab915fb3b5f3a7b8e40e7f3a",
                "96386e137a648698b51604dc5b78de08fa07d9e86eff3668d96865dd0dc65d52",
                "da280ead382d71c1ae81dbca3ae02f297ce7b94cab362ecd6c9b0ce0dd088975",
                "92a96c832eac88cc36a10caf498ea77a5c3015be78cb3207df1c07df0f0bb52e",
                "00f2896ba0ff3260a35d640a362e664e73ca7cda6e12fef768251e1d5ec17283"
            ],
            "type": "Image",
            "firstPartyCookies": {},
            "firstPartyCookiesSent": {},
            "exampleSites": [
                "australianmade.com.au",
                "focusonfurniture.com.au",
                "macquariecentre.com.au",
                "merrypeople.com",
                "vibehotels.com",
                "www.boardcave.com.au",
                "www.debras.com.au",
                "www.frameshop.com.au",
                "www.northernbeaches.nsw.gov.au",
                "www.rejectshop.com.au",
                "www.roundabouttravel.com.au",
                "www.teeth.org.au",
                "www.treloarroses.com.au",
                "www.wolf4x4.com.au"
            ]
        }
    ],
    "categories": [],
    "performance": {},
    "cookies": 0,
    "topInitiators": [
        {
            "domain": "elfsight.com",
            "prevalence": 0.9290780141843972
        },
        {
            "domain": "first party",
            "prevalence": 0.07092198581560284
        }
    ],
    "types": {
        "Image": 14
    },
    "nameservers": [
        "rihana.ns.cloudflare.com",
        "dilbert.ns.cloudflare.com"
    ]
}