{
    "domain": "elisa.fi",
    "owner": {
        "name": "Elisa Oyj",
        "displayName": "Elisa Oyj"
    },
    "source": [
        "DuckDuckGo-NO"
    ],
    "prevalence": 0.000201,
    "sites": 2,
    "subdomains": [
        "occhat"
    ],
    "cnames": [],
    "fingerprinting": 1,
    "resources": [
        {
            "rule": "elisa\\.fi\\/chatserver\\/\\/Scripts\\/oc-chat-v2\\.js",
            "cookies": 0.000201,
            "fingerprinting": 1,
            "subdomains": [
                "occhat"
            ],
            "apis": {
                "Navigator.prototype.cookieEnabled": 2,
                "Navigator.prototype.userAgent": 1,
                "Date.prototype.getTime": 2,
                "Document.cookie getter": 2,
                "Document.cookie setter": 2
            },
            "sites": 2,
            "prevalence": 0.000201,
            "cnames": [],
            "responseHashes": [
                "1d4a63c7358e83240694851195f9304a6df6bbe83ead0468f953c1e8151563d1"
            ],
            "type": "Script",
            "firstPartyCookies": {
                "oc-6e62ffa9-5cde-45c8-a9af-8201247d1f16-380-1509DE914EE934342A087400CDFB54A0CAC6F505-windowState": {
                    "ttl": null,
                    "length": 5,
                    "prevalence": 0.00010055304172951231,
                    "uniqueness": 1
                },
                "oc-chat-redirectSourceService": {
                    "ttl": null,
                    "length": 82,
                    "prevalence": 0.00010055304172951231,
                    "uniqueness": 1
                },
                "oc-109ff480-cbfa-44a2-8d6b-e8421cfcec0a-1310-E28D3FE41DE66818987D102A1E6955293184BD13-chatId-v2": {
                    "ttl": null,
                    "length": 36,
                    "prevalence": 0.00010055304172951231,
                    "uniqueness": 1
                },
                "oc-109ff480-cbfa-44a2-8d6b-e8421cfcec0a-1310-E28D3FE41DE66818987D102A1E6955293184BD13-mode": {
                    "ttl": null,
                    "length": 1,
                    "prevalence": 0.00010055304172951231,
                    "uniqueness": 1
                },
                "oc-109ff480-cbfa-44a2-8d6b-e8421cfcec0a-1310-E28D3FE41DE66818987D102A1E6955293184BD13-hasSeenChat": {
                    "ttl": null,
                    "length": 4,
                    "prevalence": 0.00010055304172951231,
                    "uniqueness": 1
                },
                "oc-109ff480-cbfa-44a2-8d6b-e8421cfcec0a-1310-E28D3FE41DE66818987D102A1E6955293184BD13-windowState": {
                    "ttl": null,
                    "length": 5,
                    "prevalence": 0.00010055304172951231,
                    "uniqueness": 1
                }
            },
            "firstPartyCookiesSent": {},
            "exampleSites": [
                "maanmittauslaitos.fi",
                "www.vero.fi"
            ]
        },
        {
            "rule": "elisa\\.fi\\/chatserver\\/Version",
            "cookies": 0,
            "fingerprinting": 0,
            "subdomains": [
                "occhat"
            ],
            "apis": {},
            "sites": 2,
            "prevalence": 0.000201,
            "cnames": [],
            "responseHashes": [
                "4dccadeaaca906a7ca8de72098c3e87adb735d99a90777323c196e8f30e95167"
            ],
            "type": "XHR",
            "firstPartyCookies": {},
            "firstPartyCookiesSent": {},
            "exampleSites": [
                "maanmittauslaitos.fi",
                "www.vero.fi"
            ]
        },
        {
            "rule": "elisa\\.fi\\/chatserver\\/Content\\/reset\\.css",
            "cookies": 0,
            "fingerprinting": 0,
            "subdomains": [
                "occhat"
            ],
            "apis": {},
            "sites": 2,
            "prevalence": 0.000201,
            "cnames": [],
            "responseHashes": [
                "dcb72a621f961aaa1470dd0d6083039198d73f10e31d57044b56c7cede5d7487"
            ],
            "type": "Stylesheet",
            "firstPartyCookies": {},
            "firstPartyCookiesSent": {},
            "exampleSites": [
                "maanmittauslaitos.fi",
                "www.vero.fi"
            ]
        },
        {
            "rule": "elisa\\.fi\\/chatserver\\/Content\\/default\\.css",
            "cookies": 0,
            "fingerprinting": 0,
            "subdomains": [
                "occhat"
            ],
            "apis": {},
            "sites": 2,
            "prevalence": 0.000201,
            "cnames": [],
            "responseHashes": [
                "2282f4af699c430a04090fc44694ff32f62d96575661fa937d61d083d76c5998"
            ],
            "type": "Stylesheet",
            "firstPartyCookies": {},
            "firstPartyCookiesSent": {},
            "exampleSites": [
                "maanmittauslaitos.fi",
                "www.vero.fi"
            ]
        },
        {
            "rule": "elisa\\.fi\\/chatserver\\/chathub",
            "cookies": 0,
            "fingerprinting": 0,
            "subdomains": [
                "occhat"
            ],
            "apis": {},
            "sites": 2,
            "prevalence": 0.000201,
            "cnames": [],
            "responseHashes": [],
            "type": "WebSocket",
            "firstPartyCookies": {},
            "firstPartyCookiesSent": {},
            "exampleSites": [
                "maanmittauslaitos.fi",
                "www.vero.fi"
            ]
        },
        {
            "rule": "elisa\\.fi\\/chatserver\\/Content\\/img\\/thumb_up_not_selected\\.svg",
            "cookies": 0,
            "fingerprinting": 0,
            "subdomains": [
                "occhat"
            ],
            "apis": {},
            "sites": 2,
            "prevalence": 0.000201,
            "cnames": [],
            "responseHashes": [
                "da5b9eeecc46cb90c27a97f4ed889cb14c234220cda108a329dbbd70514aa0d4"
            ],
            "type": "Image",
            "firstPartyCookies": {},
            "firstPartyCookiesSent": {},
            "exampleSites": [
                "maanmittauslaitos.fi",
                "www.vero.fi"
            ]
        },
        {
            "rule": "elisa\\.fi\\/chatserver\\/Content\\/img\\/thumb_down_not_selected\\.svg",
            "cookies": 0,
            "fingerprinting": 0,
            "subdomains": [
                "occhat"
            ],
            "apis": {},
            "sites": 2,
            "prevalence": 0.000201,
            "cnames": [],
            "responseHashes": [
                "e329fbec129b289912482c5c57c85f88590390bb973ff81360cfe60802cc3969"
            ],
            "type": "Image",
            "firstPartyCookies": {},
            "firstPartyCookiesSent": {},
            "exampleSites": [
                "maanmittauslaitos.fi",
                "www.vero.fi"
            ]
        }
    ],
    "categories": [],
    "performance": {},
    "cookies": 0.000201,
    "topInitiators": [
        {
            "domain": "first party",
            "prevalence": 1
        }
    ],
    "types": {
        "Script": 2,
        "XHR": 2,
        "Stylesheet": 4,
        "WebSocket": 2,
        "Image": 4
    },
    "nameservers": [
        "ns1.z.fi",
        "ns2.z.fi",
        "ns-se.elisa.net",
        "ns-fi.elisa.net"
    ]
}