{
    "domain": "empowerlocal.co",
    "owner": {},
    "source": [
        "DuckDuckGo-US"
    ],
    "prevalence": 0.000116,
    "sites": 17,
    "subdomains": [
        "ads"
    ],
    "cnames": [],
    "fingerprinting": 2,
    "resources": [
        {
            "rule": "empowerlocal\\.co\\/adserve\\/",
            "cookies": 0,
            "fingerprinting": 0,
            "subdomains": [
                "ads"
            ],
            "apis": {},
            "sites": 2,
            "prevalence": 0.0000136,
            "cnames": [],
            "responseHashes": [
                "80d56b458ea4bf4e98e131b2fa8a8080c823e8c292f2f523bc92a79d5ee596e3"
            ],
            "type": "Fetch",
            "firstPartyCookies": {},
            "firstPartyCookiesSent": {},
            "exampleSites": [
                "hayspost.com",
                "salinapost.com"
            ]
        },
        {
            "rule": "empowerlocal\\.co\\/adserve\\/",
            "cookies": 0,
            "fingerprinting": 0,
            "subdomains": [
                "ads"
            ],
            "apis": {},
            "sites": 2,
            "prevalence": 0.0000136,
            "cnames": [],
            "responseHashes": [
                "e3b0c44298fc1c149afbf4c8996fb92427ae41e4649b934ca495991b7852b855"
            ],
            "type": "Image",
            "firstPartyCookies": {},
            "firstPartyCookiesSent": {},
            "exampleSites": [
                "hayspost.com",
                "salinapost.com"
            ]
        },
        {
            "rule": "empowerlocal\\.co\\/adserve\\/",
            "cookies": 0,
            "fingerprinting": 0,
            "subdomains": [
                "ads"
            ],
            "apis": {},
            "sites": 14,
            "prevalence": 0.0000953,
            "cnames": [],
            "responseHashes": [
                "95a9f96fa32698682d1d9dec3b676c9e9250c3322b85287905aef3c3235afde0",
                "a08e37ed48cd35a0f3a4fe2095fdcc83826224d41d4c1fc4bc3b27fa4b0da7f5",
                "2aeb586c9b6b444e16cdb4ba6aaa0f405739cf7cdd87fb191d03b21680a3a4a9",
                "1b3782316db2673b21a10b99df56bf364de2386d95415a23e5a6a076f83340b5",
                "823a57940b18807cecc270adc2e4fbe4873ba508e20e33233dfd9ec3d4064605",
                "ade2d37d962df7d148a51383955cdea65a3f36ed1d2ac361f46c4c8b2fc6c0a4",
                "08a8b37b062ea136c5ff0d3f048b3cf128a813fdaf59845078c324c4038269da",
                "e61c8c1d332df7c8efdedc4cb47c17ddec5853fdb6037badd1ba50873f6b6e4b",
                "87961ce41825e9546f082e6c611cfc82d8eab0d4075630760f389e667cedb006",
                "8bee1b5899f48e674e8852d455e6ed0fe00f541b0a7487733e3901df3462d02c",
                "f9561060e27270680aba8b3ad07ebe7ecd7d217419b93e1da7840b334797d0ce",
                "4c4745b6661c033e270c2fa8470aec62b1d1050f1d40c3de1d61ce89f0ae611a",
                "b087e00bc8227373f1b5d86034a6e5d8f5f49864800ac78aac082f1f89f79dc6"
            ],
            "type": "Script",
            "firstPartyCookies": {},
            "firstPartyCookiesSent": {
                "lotame_domain_check": 0.000006807073911208528,
                "_li_dcdm_c": 0.000006807073911208528
            },
            "exampleSites": [
                "onmilwaukee.com",
                "qns.com",
                "tylerpaper.com",
                "williamsonsource.com",
                "www.amny.com",
                "www.atlantamagazine.com",
                "www.bendbulletin.com",
                "www.edhat.com",
                "www.jaxdailyrecord.com",
                "www.metro.us",
                "www.phoenixmag.com",
                "www.victoriaadvocate.com",
                "www.washingtonian.com",
                "www.wweek.com"
            ]
        },
        {
            "rule": "empowerlocal\\.co\\/app\\.js",
            "cookies": 0,
            "fingerprinting": 2,
            "subdomains": [
                "ads"
            ],
            "apis": {
                "window.sessionStorage": 12,
                "Screen.prototype.width": 13,
                "Screen.prototype.height": 13,
                "window.devicePixelRatio": 12,
                "window.innerHeight": 12,
                "window.innerWidth": 12,
                "window.screenY": 4,
                "Navigator.prototype.userAgent": 1
            },
            "sites": 13,
            "prevalence": 0.0000885,
            "cnames": [],
            "responseHashes": [
                "7d9b7ee9ae860b2f27e08578dacc166269ab838417994fb62c568ff40245b5a3"
            ],
            "type": "Script",
            "firstPartyCookies": {},
            "firstPartyCookiesSent": {},
            "exampleSites": [
                "onmilwaukee.com",
                "qns.com",
                "tylerpaper.com",
                "williamsonsource.com",
                "www.amny.com",
                "www.atlantamagazine.com",
                "www.bendbulletin.com",
                "www.edhat.com",
                "www.jaxdailyrecord.com",
                "www.metro.us",
                "www.victoriaadvocate.com",
                "www.washingtonian.com",
                "www.wweek.com"
            ]
        },
        {
            "rule": "empowerlocal\\.co\\/adserve\\/",
            "cookies": 0,
            "fingerprinting": 0,
            "subdomains": [
                "ads"
            ],
            "apis": {},
            "sites": 14,
            "prevalence": 0.0000953,
            "cnames": [],
            "responseHashes": [
                "e3b0c44298fc1c149afbf4c8996fb92427ae41e4649b934ca495991b7852b855"
            ],
            "type": "XHR",
            "firstPartyCookies": {},
            "firstPartyCookiesSent": {
                "lotame_domain_check": 0.000006807073911208528,
                "_li_dcdm_c": 0.000006807073911208528
            },
            "exampleSites": [
                "onmilwaukee.com",
                "qns.com",
                "tylerpaper.com",
                "williamsonsource.com",
                "www.amny.com",
                "www.atlantamagazine.com",
                "www.bendbulletin.com",
                "www.edhat.com",
                "www.jaxdailyrecord.com",
                "www.metro.us",
                "www.phoenixmag.com",
                "www.victoriaadvocate.com",
                "www.washingtonian.com",
                "www.wweek.com"
            ]
        }
    ],
    "categories": [],
    "performance": {},
    "cookies": 0,
    "topInitiators": [
        {
            "domain": "first party",
            "prevalence": 0.868421052631579
        },
        {
            "domain": "servedbyadbutler.com",
            "prevalence": 0.10526315789473684
        },
        {
            "domain": "broadstreetads.com",
            "prevalence": 0.02631578947368421
        }
    ],
    "types": {
        "Fetch": 2,
        "Image": 2,
        "Script": 27,
        "XHR": 14
    },
    "nameservers": [
        "ns-878.awsdns-45.net",
        "ns-1139.awsdns-14.org",
        "ns-485.awsdns-60.com",
        "ns-1949.awsdns-51.co.uk"
    ]
}