{
    "domain": "enormail.eu",
    "owner": {},
    "source": [
        "DuckDuckGo-NL"
    ],
    "prevalence": 0.000603,
    "sites": 6,
    "subdomains": [
        "embed"
    ],
    "cnames": [],
    "fingerprinting": 1,
    "resources": [
        {
            "rule": "enormail\\.eu\\/assets\\/js\\/v2\\/webform-api\\.js",
            "cookies": 0.000502,
            "fingerprinting": 1,
            "subdomains": [
                "embed"
            ],
            "apis": {
                "Navigator.prototype.userAgent": 5,
                "Document.cookie getter": 5,
                "Document.cookie setter": 5
            },
            "sites": 5,
            "prevalence": 0.000502,
            "cnames": [],
            "responseHashes": [
                "b8d5968a6be5f98ef9dd752a8c7e490389754f6bf85de7d8583d9610d0b57569"
            ],
            "type": "Script",
            "firstPartyCookies": {
                "ENRML_0815719bb765fd614c3d8f75d2ab7ebe": {
                    "ttl": 31536001,
                    "length": 80,
                    "prevalence": 0.00010043185698503566,
                    "uniqueness": 1
                },
                "ENRML_898f4bd55ee4bb6eb313ccd7c21a19d9": {
                    "ttl": 31536001,
                    "length": 80,
                    "prevalence": 0.00010043185698503566,
                    "uniqueness": 1
                },
                "ENRML_d0ac859965a3cb6542cc1254e986745e": {
                    "ttl": 31536002,
                    "length": 80,
                    "prevalence": 0.00010043185698503566,
                    "uniqueness": 1
                },
                "ENRML_4a597eed24e17782834dfeb163363b1d": {
                    "ttl": 31536002,
                    "length": 80,
                    "prevalence": 0.00010043185698503566,
                    "uniqueness": 1
                },
                "ENRML_8e7c7d77ce6f2acebb861df311203614": {
                    "ttl": 31536002,
                    "length": 80,
                    "prevalence": 0.00010043185698503566,
                    "uniqueness": 1
                },
                "ENRML_a67f51398ccdc31bacae93e2ffcb338a": {
                    "ttl": 31536006,
                    "length": 80,
                    "prevalence": 0.00010043185698503566,
                    "uniqueness": 1
                },
                "ENRML_0dcc786707348c8a798781a60c440dbb": {
                    "ttl": 31536003,
                    "length": 80,
                    "prevalence": 0.00010043185698503566,
                    "uniqueness": 1
                },
                "ENRML_925735b320602b8f3b7a7495a42dfd10": {
                    "ttl": 31536003,
                    "length": 80,
                    "prevalence": 0.00010043185698503566,
                    "uniqueness": 1
                }
            },
            "firstPartyCookiesSent": {},
            "exampleSites": [
                "femkedegrijs.com",
                "nugevonden.nl",
                "www.fijnuit.nl",
                "www.martinvrijland.nl",
                "www.psyned.nl"
            ]
        },
        {
            "rule": "enormail\\.eu\\/assets\\/css\\/v2\\/embed\\.css",
            "cookies": 0,
            "fingerprinting": 0,
            "subdomains": [
                "embed"
            ],
            "apis": {},
            "sites": 5,
            "prevalence": 0.000502,
            "cnames": [],
            "responseHashes": [
                "b069895ec655ccfcf19a659e27c343ffe48e202e0fad35b82751cddbab87074a"
            ],
            "type": "Stylesheet",
            "firstPartyCookies": {},
            "firstPartyCookiesSent": {},
            "exampleSites": [
                "femkedegrijs.com",
                "nugevonden.nl",
                "www.fijnuit.nl",
                "www.martinvrijland.nl",
                "www.psyned.nl"
            ]
        },
        {
            "rule": "enormail\\.eu\\/visitor\\/0dcc786707348c8a798781a60c440dbb\\.json",
            "cookies": 0,
            "fingerprinting": 0,
            "subdomains": [
                "embed"
            ],
            "apis": {},
            "sites": 2,
            "prevalence": 0.000201,
            "cnames": [],
            "responseHashes": [
                "76490915b66f65a0992d1f65cc656272ac11663f84588bb68f8055f69beeb453"
            ],
            "type": "Script",
            "firstPartyCookies": {},
            "firstPartyCookiesSent": {},
            "exampleSites": [
                "psyned.nl",
                "www.psyned.nl"
            ]
        },
        {
            "rule": "enormail\\.eu\\/visitor\\/925735b320602b8f3b7a7495a42dfd10\\.json",
            "cookies": 0,
            "fingerprinting": 0,
            "subdomains": [
                "embed"
            ],
            "apis": {},
            "sites": 2,
            "prevalence": 0.000201,
            "cnames": [],
            "responseHashes": [
                "a46d5f90a337ec01848e350baeffa78357186b4a20854cbd351580d7e8948610"
            ],
            "type": "Script",
            "firstPartyCookies": {},
            "firstPartyCookiesSent": {},
            "exampleSites": [
                "psyned.nl",
                "www.psyned.nl"
            ]
        }
    ],
    "categories": [],
    "performance": {},
    "cookies": 0.000502,
    "topInitiators": [
        {
            "domain": "first party",
            "prevalence": 0.7894736842105263
        },
        {
            "domain": "ajax.googleapis.com",
            "prevalence": 0.21052631578947367
        }
    ],
    "types": {
        "Script": 9,
        "Stylesheet": 5
    },
    "nameservers": [
        "ns1.savvii.nl",
        "ns2.savvii.eu",
        "ns3.savvii.com"
    ]
}