{
    "domain": "esm1.net",
    "owner": {
        "name": "Dealer Dot Com Inc",
        "displayName": "Dealer Dot Com"
    },
    "source": [
        "DuckDuckGo-CA"
    ],
    "prevalence": 0.000402,
    "sites": 4,
    "subdomains": [
        "pixall",
        "cs"
    ],
    "cnames": [],
    "fingerprinting": 1,
    "resources": [
        {
            "rule": "esm1\\.net\\/cookie-first\\.js",
            "cookies": 0.000301,
            "fingerprinting": 1,
            "subdomains": [
                "pixall"
            ],
            "apis": {
                "Document.cookie setter": 2
            },
            "sites": 3,
            "prevalence": 0.000301,
            "cnames": [],
            "responseHashes": [
                "3cb141d092043759e485f36ea222de62f5baf0b3351fc497b36858a8b26e87d4",
                "a748144aef86e53bed818046ea3d2d6647f4f00b1a97723a68cbb35711777e5b"
            ],
            "type": "Script",
            "firstPartyCookies": {
                "abc": {
                    "ttl": 31622406,
                    "length": 24,
                    "prevalence": 0.0002008435428800964,
                    "uniqueness": 1
                },
                "pxa_ipv4": {
                    "ttl": 31622406,
                    "length": 12,
                    "prevalence": 0.0002008435428800964,
                    "uniqueness": 0.5
                }
            },
            "firstPartyCookiesSent": {
                "abc": 0.0002008435428800964
            },
            "exampleSites": [
                "autotrader.com",
                "www.kbb.ca",
                "www.kbb.com"
            ]
        },
        {
            "rule": "esm1\\.net\\/v2\\/iframe",
            "cookies": 0.000301,
            "fingerprinting": 0,
            "subdomains": [
                "cs"
            ],
            "apis": {},
            "sites": 3,
            "prevalence": 0.000301,
            "cnames": [],
            "responseHashes": [
                "f62bbeaabdc340ef29285028ca3bae399ee2815a206233c6b6360d58cc137871",
                "905796f8d2cd1e61b21305aea58926d1d0f71cfcab50f069a56d378086e7805a"
            ],
            "type": "Document",
            "firstPartyCookies": {},
            "firstPartyCookiesSent": {
                "abc": 0.0002008435428800964,
                "pxa_id": 0.0001004217714400482
            },
            "exampleSites": [
                "kbb.ca",
                "www.kbb.com",
                "www.subaru.com"
            ]
        },
        {
            "rule": "esm1\\.net\\/v2\\/attribution\\/iframe",
            "cookies": 0.000301,
            "fingerprinting": 0,
            "subdomains": [
                "pixall"
            ],
            "apis": {},
            "sites": 3,
            "prevalence": 0.000301,
            "cnames": [],
            "responseHashes": [
                "4abd5871ab1089d2d2e8dae16696132781f0eef3f2c057dc8fedb1a5ae6cf4db",
                "17c973fa4ee106cfba76c3567a4944dce75cd0bd351413f8fa9d5957435e69b3"
            ],
            "type": "Document",
            "firstPartyCookies": {},
            "firstPartyCookiesSent": {
                "abc": 0.0002008435428800964,
                "pxa_id": 0.0001004217714400482
            },
            "exampleSites": [
                "kbb.ca",
                "www.kbb.com",
                "www.subaru.com"
            ]
        },
        {
            "rule": "esm1\\.net\\/v2\\/exchange\\/callback\\/adx",
            "cookies": 0.000301,
            "fingerprinting": 0,
            "subdomains": [
                "cs"
            ],
            "apis": {},
            "sites": 3,
            "prevalence": 0.000301,
            "cnames": [],
            "responseHashes": [
                "e3b0c44298fc1c149afbf4c8996fb92427ae41e4649b934ca495991b7852b855"
            ],
            "type": "Image",
            "firstPartyCookies": {},
            "firstPartyCookiesSent": {},
            "exampleSites": [
                "kbb.ca",
                "www.kbb.com",
                "www.subaru.com"
            ]
        },
        {
            "rule": "esm1\\.net\\/v2\\/liveramp\\/callback",
            "cookies": 0.000301,
            "fingerprinting": 0,
            "subdomains": [
                "pixall"
            ],
            "apis": {},
            "sites": 3,
            "prevalence": 0.000301,
            "cnames": [],
            "responseHashes": [
                "e3b0c44298fc1c149afbf4c8996fb92427ae41e4649b934ca495991b7852b855"
            ],
            "type": "Image",
            "firstPartyCookies": {},
            "firstPartyCookiesSent": {},
            "exampleSites": [
                "kbb.ca",
                "www.kbb.com",
                "www.subaru.com"
            ]
        },
        {
            "rule": "esm1\\.net\\/v2\\/exchange\\/callback\\/pub",
            "cookies": 0.000301,
            "fingerprinting": 0,
            "subdomains": [
                "cs"
            ],
            "apis": {},
            "sites": 3,
            "prevalence": 0.000301,
            "cnames": [],
            "responseHashes": [
                "e3b0c44298fc1c149afbf4c8996fb92427ae41e4649b934ca495991b7852b855"
            ],
            "type": "Image",
            "firstPartyCookies": {},
            "firstPartyCookiesSent": {},
            "exampleSites": [
                "kbb.ca",
                "www.kbb.com",
                "www.subaru.com"
            ]
        }
    ],
    "categories": [],
    "performance": {},
    "cookies": 0.000402,
    "topInitiators": [
        {
            "domain": "first party",
            "prevalence": 0.7272727272727273
        },
        {
            "domain": "dealer.com",
            "prevalence": 0.2727272727272727
        }
    ],
    "types": {
        "Script": 3,
        "Document": 6,
        "Image": 9
    },
    "nameservers": [
        "ns-1567.awsdns-03.co.uk",
        "ns-613.awsdns-12.net",
        "ns-275.awsdns-34.com",
        "ns-1266.awsdns-30.org"
    ]
}