{
    "domain": "evolok.net",
    "owner": {},
    "source": [
        "DuckDuckGo-US"
    ],
    "prevalence": 0.000123,
    "sites": 18,
    "subdomains": [
        "ndcx",
        "abpn",
        "elp",
        "hol",
        "rcp",
        "syn",
        "lok"
    ],
    "cnames": [],
    "fingerprinting": 0,
    "resources": [
        {
            "rule": "evolok\\.net\\/acd\\/api\\/3\\.0\\/authorize\\/json",
            "cookies": 0.0000681,
            "fingerprinting": 0,
            "subdomains": [
                "ndcx",
                "abpn",
                "elp",
                "hol",
                "rcp",
                "syn"
            ],
            "apis": {},
            "sites": 10,
            "prevalence": 0.0000681,
            "cnames": [],
            "responseHashes": [
                "d1c536d759e1b980d6396c93a8c449156776e72e5e9bbe46365f1b102f1510a4",
                "7152d45548520f72ea633142cea83c2ca79b3a7dd99c3496af85155135008e54",
                "18a2618d5edbc963120098fc6088f8bd07fac200b999777138af016903d83b08",
                "f7a40556eff3ba897f0704d0e926bfc0a40736ed93d8714ac57f68adcddeedbf",
                "ec8e130f4f6df98dcd0b4e47a98e69581b49b519958900087b359d0a1cf125be",
                "3fa9cf41b7fb28602ce091139ebbb5ea9971acb0b38bdb292a55c046877b4323",
                "f83641f1bc94633300a9770b9042b9deaec723edc08015fc37b2cb996502c707",
                "006c6aac97d8aed44a6b3b45bf621b040b2e275c57a4b564c90326001d4297da",
                "ca06c83e5da709bf6857494b4935996d588fdb0725847916c9524db41f0d588a"
            ],
            "type": "XHR",
            "firstPartyCookies": {},
            "firstPartyCookiesSent": {},
            "exampleSites": [
                "lc.nl",
                "marathi.abplive.com",
                "news.abplive.com",
                "www.abplive.com",
                "www.elpais.com.uy",
                "www.hola.com",
                "www.realclearhistory.com",
                "www.realclearmarkets.com",
                "www.realclearscience.com",
                "www.synonymer.se"
            ]
        },
        {
            "rule": "evolok\\.net\\/acd\\/api\\/3\\.0\\/content\\/recommendations",
            "cookies": 0,
            "fingerprinting": 0,
            "subdomains": [
                "lok"
            ],
            "apis": {},
            "sites": 2,
            "prevalence": 0.0000136,
            "cnames": [],
            "responseHashes": [
                "a84cdcdd7b8c303ca48801a02b186733c640789acd315a82f164b76e709601df"
            ],
            "type": "Fetch",
            "firstPartyCookies": {},
            "firstPartyCookiesSent": {},
            "exampleSites": [
                "lokmat.com",
                "m.lokmat.com"
            ]
        },
        {
            "rule": "evolok\\.net\\/acd\\/api\\/3\\.0\\/authorize\\/json",
            "cookies": 0,
            "fingerprinting": 0,
            "subdomains": [
                "abpn",
                "elp"
            ],
            "apis": {},
            "sites": 5,
            "prevalence": 0.000034,
            "cnames": [],
            "responseHashes": [],
            "type": "Preflight",
            "firstPartyCookies": {},
            "firstPartyCookiesSent": {},
            "exampleSites": [
                "abplive.com",
                "marathi.abplive.com",
                "news.abplive.com",
                "www.abplive.com",
                "www.elpais.com.uy"
            ]
        },
        {
            "rule": "evolok\\.net\\/acd\\/api\\/3\\.0\\/widgets\\/templates\\/dwellTime",
            "cookies": 0,
            "fingerprinting": 0,
            "subdomains": [
                "abpn"
            ],
            "apis": {},
            "sites": 3,
            "prevalence": 0.0000204,
            "cnames": [],
            "responseHashes": [],
            "type": "Preflight",
            "firstPartyCookies": {},
            "firstPartyCookiesSent": {},
            "exampleSites": [
                "abplive.com",
                "news.abplive.com",
                "www.abplive.com"
            ]
        },
        {
            "rule": "evolok\\.net\\/acd\\/api\\/3\\.0\\/widgets\\/templates\\/notifier",
            "cookies": 0,
            "fingerprinting": 0,
            "subdomains": [
                "abpn",
                "rcp",
                "syn"
            ],
            "apis": {},
            "sites": 6,
            "prevalence": 0.0000408,
            "cnames": [],
            "responseHashes": [],
            "type": "Preflight",
            "firstPartyCookies": {},
            "firstPartyCookiesSent": {},
            "exampleSites": [
                "abplive.com",
                "news.abplive.com",
                "www.abplive.com",
                "www.realclearhistory.com",
                "www.realclearmarkets.com",
                "www.synonymer.se"
            ]
        },
        {
            "rule": "evolok\\.net\\/acd\\/api\\/3\\.0\\/widgets\\/templates\\/dwellTime",
            "cookies": 0,
            "fingerprinting": 0,
            "subdomains": [
                "abpn"
            ],
            "apis": {},
            "sites": 3,
            "prevalence": 0.0000204,
            "cnames": [],
            "responseHashes": [],
            "type": "Fetch",
            "firstPartyCookies": {},
            "firstPartyCookiesSent": {},
            "exampleSites": [
                "abplive.com",
                "news.abplive.com",
                "www.abplive.com"
            ]
        },
        {
            "rule": "evolok\\.net\\/acd\\/api\\/3\\.0\\/widgets\\/templates\\/notifier",
            "cookies": 0,
            "fingerprinting": 0,
            "subdomains": [
                "abpn"
            ],
            "apis": {},
            "sites": 3,
            "prevalence": 0.0000204,
            "cnames": [],
            "responseHashes": [],
            "type": "Fetch",
            "firstPartyCookies": {},
            "firstPartyCookiesSent": {},
            "exampleSites": [
                "abplive.com",
                "news.abplive.com",
                "www.abplive.com"
            ]
        },
        {
            "rule": "evolok\\.net\\/acd\\/api\\/3\\.0\\/widgets\\/templates\\/notifier",
            "cookies": 0,
            "fingerprinting": 0,
            "subdomains": [
                "rcp",
                "syn"
            ],
            "apis": {},
            "sites": 4,
            "prevalence": 0.0000272,
            "cnames": [],
            "responseHashes": [
                "e3b0c44298fc1c149afbf4c8996fb92427ae41e4649b934ca495991b7852b855"
            ],
            "type": "XHR",
            "firstPartyCookies": {},
            "firstPartyCookiesSent": {},
            "exampleSites": [
                "realclearhistory.com",
                "www.realclearhistory.com",
                "www.realclearmarkets.com",
                "www.synonymer.se"
            ]
        },
        {
            "rule": "evolok\\.net\\/acd\\/api\\/3\\.0\\/widgets\\/templates\\/dwellTime",
            "cookies": 0,
            "fingerprinting": 0,
            "subdomains": [
                "rcp"
            ],
            "apis": {},
            "sites": 2,
            "prevalence": 0.0000136,
            "cnames": [],
            "responseHashes": [
                "e3b0c44298fc1c149afbf4c8996fb92427ae41e4649b934ca495991b7852b855"
            ],
            "type": "XHR",
            "firstPartyCookies": {},
            "firstPartyCookiesSent": {},
            "exampleSites": [
                "realclearhistory.com",
                "www.realclearmarkets.com"
            ]
        }
    ],
    "categories": [],
    "performance": {},
    "cookies": 0.000109,
    "topInitiators": [
        {
            "domain": "first party",