{
    "domain": "flowtype.press",
    "owner": {},
    "source": [
        "DuckDuckGo-US"
    ],
    "prevalence": 0.000191,
    "sites": 28,
    "subdomains": [],
    "cnames": [],
    "fingerprinting": 0,
    "resources": [
        {
            "rule": "flowtype\\.press\\/",
            "cookies": 0,
            "fingerprinting": 0,
            "subdomains": [],
            "apis": {},
            "sites": 26,
            "prevalence": 0.000177,
            "cnames": [],
            "responseHashes": [],
            "type": "Preflight",
            "firstPartyCookies": {},
            "firstPartyCookiesSent": {},
            "exampleSites": [
                "erj.ersjournals.com",
                "oup.com",
                "heart.bmj.com",
                "diabetesjournals.org",
                "royalsocietypublishing.org",
                "newatlas.com",
                "www.zmescience.com",
                "dermnetnz.org",
                "ashpublications.org",
                "www.editage.com",
                "online.ucpress.edu",
                "radiopaedia.org",
                "scitechdaily.com",
                "medicalxpress.com",
                "teachmeanatomy.info",
                "futurism.com",
                "psychnews.psychiatryonline.org",
                "www.ajnr.org",
                "www.science.org",
                "www.bmj.com"
            ]
        },
        {
            "rule": "flowtype\\.press\\/",
            "cookies": 0.000143,
            "fingerprinting": 0,
            "subdomains": [],
            "apis": {},
            "sites": 21,
            "prevalence": 0.000143,
            "cnames": [],
            "responseHashes": [
                "a97c054d3f5b2f8c77cb7dd0a71cb7589fd4bac5c63111478f0e2d26dc709bdb",
                "37d7f4e936a04ade57059a42f6adb491c134b35f6edab190b1482f13476e3713",
                "243da47572998fae8a46f4bc1ad0436aa7a37f260271497e027d9d98013c2f5f",
                "9eac78baf52cc41a9054fec04ab350fa36336f0bcf9c0ce9f4e7c52ea89cc755",
                "f385b2b6637da2337e94886777179122107e6129c47f82ff53409fbb48e6a89f",
                "563795e3051b012542fa1754665635d3c0a1318543f623a2c13d690fa389bf7c",
                "8667be14415341e4f6ab28d51132d3e3f6be4eb4b1e0f1f723aacd24935e3bd4",
                "7e86fe0273e243bca3d170050afa6abea4cfc1448c3d47856024f9514965591e",
                "e9b2b3c52c452a4dd003bcc5d8fe3692f7a6bd25a387dc2ba66dac26a761c67a",
                "c2dac3d49bd04eda7316bb648336d35011542eaf30da5e2d6a7ff97cc7035778",
                "091b88f98d36ac3e952b0b5f02be8a8b2c1253c3ac3832dac0db93ecbfdb84c7",
                "26b24417c54049f45f95c88585d1bd8debd11143f2ebb244e0738afb6ac17310",
                "ddd06fde0f6bfab5bebd5517cb2efa12255a76e6cb7cca0a9d89fc9f4d61b515"
            ],
            "type": "Fetch",
            "firstPartyCookies": {},
            "firstPartyCookiesSent": {},
            "exampleSites": [
                "diabetesjournals.org",
                "phys.org",
                "scitechdaily.com",
                "newatlas.com",
                "www.zmescience.com",
                "teachmeanatomy.info",
                "medicalxpress.com",
                "psychnews.psychiatryonline.org",
                "futurism.com",
                "radiopaedia.org",
                "www.bmj.com",
                "royalsocietypublishing.org",
                "www.ajnr.org",
                "ashpublications.org",
                "oup.com",
                "publications.aap.org",
                "online.ucpress.edu",
                "dermnetnz.org",
                "www.science.org",
                "ps.psychiatryonline.org"
            ]
        },
        {
            "rule": "flowtype\\.press\\/",
            "cookies": 0.000034,
            "fingerprinting": 0,
            "subdomains": [],
            "apis": {},
            "sites": 5,
            "prevalence": 0.000034,
            "cnames": [],
            "responseHashes": [
                "40f056062ed7038a5fcc0a13a8632b7d6bc54b1c5d8ae71c529d0524c843c434",
                "243da47572998fae8a46f4bc1ad0436aa7a37f260271497e027d9d98013c2f5f",
                "38a0c89a6d5a08b5ecf6ccb9bc880a359367093a50c51840afe5bdf2900ecb8f",
                "1d7491f117135705551d0f78ef8c14bcbd0fd224bc484933b4a61c92fe164036"
            ],
            "type": "XHR",
            "firstPartyCookies": {},
            "firstPartyCookiesSent": {},
            "exampleSites": [
                "psychiatryonline.org",
                "bmjopen.bmj.com",
                "casereports.bmj.com",
                "heart.bmj.com",
                "www.editage.com"
            ]
        }
    ],
    "categories": [],
    "performance": {},
    "cookies": 0.000191,
    "topInitiators": [
        {
            "domain": "trendmd.com",
            "prevalence": 0.6428571428571429
        },
        {
            "domain": "first party",
            "prevalence": 0.17857142857142858
        },
        {
            "domain": "trendmd.s3.amazonaws.com",
            "prevalence": 0.14285714285714285
        },
        {
            "domain": "sentry-cdn.com",
            "prevalence": 0.03571428571428571
        }
    ],
    "types": {
        "Preflight": 26,
        "Fetch": 21,
        "XHR": 5
    },
    "nameservers": [
        "dns1.registrar-servers.com",
        "dns2.registrar-servers.com"
    ]
}