{
    "domain": "fotomoto.com",
    "owner": {},
    "source": [
        "DuckDuckGo-US"
    ],
    "prevalence": 0.0000953,
    "sites": 14,
    "subdomains": [
        "www",
        "widget"
    ],
    "cnames": [],
    "fingerprinting": 0,
    "resources": [
        {
            "rule": "fotomoto\\.com\\/analytics\\/toolbar\\.html",
            "cookies": 0,
            "fingerprinting": 0,
            "subdomains": [
                "www"
            ],
            "apis": {},
            "sites": 8,
            "prevalence": 0.0000545,
            "cnames": [],
            "responseHashes": [
                "7243ea95b6a327c78dcf6d651ac4fda9e4024e0b4f09f735a7c0f66f9c2f6c02"
            ],
            "type": "Document",
            "firstPartyCookies": {},
            "firstPartyCookiesSent": {},
            "exampleSites": [
                "thebrunswicknews.com",
                "www.bozemandailychronicle.com",
                "www.dailyherald.com",
                "www.goskagit.com",
                "www.newjerseyhills.com",
                "www.timesargus.com",
                "www.unionleader.com",
                "www.vnews.com"
            ]
        },
        {
            "rule": "fotomoto\\.com\\/cart\\/get_data\\/",
            "cookies": 0,
            "fingerprinting": 0,
            "subdomains": [
                "widget"
            ],
            "apis": {},
            "sites": 8,
            "prevalence": 0.0000545,
            "cnames": [],
            "responseHashes": [
                "8e93349045c292abefc8570cfd48917319ff51e567f1192982e6187d56f8bc13"
            ],
            "type": "Script",
            "firstPartyCookies": {},
            "firstPartyCookiesSent": {
                "fotomoto_cart_skey_5464a0bb0b28f4676d9be7ce32963e64566ac46b": 0.000006807073911208528,
                "fotomoto_cart_skey_097bf01e278585e37d07cdbe4b04d8ae675e2ee6": 0.000006807073911208528,
                "fotomoto_cart_skey_6516d00984933175769c2400a79cb6866b8ee643": 0.000006807073911208528,
                "fotomoto_cart_skey_ae0db44385a7f378016d2631923fe504275b3414": 0.000006807073911208528,
                "fotomoto_cart_skey_326981a3daeafb7b9e3c03347ff2bff58cf985e6": 0.000006807073911208528,
                "fotomoto_cart_skey_41fd1fc3ac9d6f492811c78f61fdf5f779e1b263": 0.000006807073911208528,
                "fotomoto_cart_skey_8f59320cebb30f5d5b33ea83bc46f1b45a911e48": 0.000006807073911208528,
                "fotomoto_cart_skey_fb47e2679c54611a61af98f42fcf9f2d99fde35d": 0.000006807073911208528
            },
            "exampleSites": [
                "thebrunswicknews.com",
                "www.bozemandailychronicle.com",
                "www.dailyherald.com",
                "www.goskagit.com",
                "www.newjerseyhills.com",
                "www.timesargus.com",
                "www.unionleader.com",
                "www.vnews.com"
            ]
        }
    ],
    "categories": [],
    "performance": {},
    "cookies": 0,
    "topInitiators": [
        {
            "domain": "static-fotomoto-com.s3.amazonaws.com",
            "prevalence": 0.45454545454545453
        },
        {
            "domain": "first party",
            "prevalence": 0.42424242424242425
        },
        {
            "domain": "adlightning.com",
            "prevalence": 0.09090909090909091
        },
        {
            "domain": "d3plfjw9uod7ab.cloudfront.net",
            "prevalence": 0.030303030303030304
        }
    ],
    "types": {
        "Document": 8,
        "Script": 8
    },
    "nameservers": [
        "ns-240.awsdns-30.com",
        "ns-1907.awsdns-46.co.uk",
        "ns-910.awsdns-49.net",
        "ns-1098.awsdns-09.org"
    ]
}