{
    "domain": "ftlaunchpad.ai",
    "owner": {},
    "source": [
        "DuckDuckGo-US"
    ],
    "prevalence": 0.000157,
    "sites": 23,
    "subdomains": [],
    "cnames": [],
    "fingerprinting": 0,
    "resources": [
        {
            "rule": "ftlaunchpad\\.ai\\/lptm\\.js",
            "cookies": 0,
            "fingerprinting": 0,
            "subdomains": [],
            "apis": {},
            "sites": 12,
            "prevalence": 0.0000817,
            "cnames": [],
            "responseHashes": [
                "458187113f39d4bbfe4d2a9becaf4d9286b49cc3099e0a47cbc781cab5e2be58",
                "eddcc0a44ad9678dd4a856c4a2dc77631bc8ee34bbf44648a3753f0ed5935d73",
                "4614ddf53f454e8b51371dce8f84913b7590e187027e900caaee423521a9bfb2",
                "352abf9f7e6b8c74b88f160a97ac826a41ee259502e72d408a7e54f298fb2669",
                "b14e48c2674a6a44d0fc85136d7d8797b510427c1b4936b50b5177a84539c220",
                "209b156ae47cf04d5d67d96722cb13dc185421f2d3e0b281804314cf69d12887",
                "b87621d4b75b908eb1985b277ec888bedd9dacaeb0e9af5cd91567585841c401",
                "49c069640d79b77a2218c8f14703d4bc5a4d44f3fe9e81ccce494db81a31c05d",
                "7d1fd512ba68fab58ad55c0ca56c994e13b1aabf1c054b584f4b2e1ecc0882a0",
                "85b64b5b8d16149c7943c2fa2bb4a632e81e798fd8e57d80ccf13ff1f5180f10"
            ],
            "type": "Script",
            "firstPartyCookies": {},
            "firstPartyCookiesSent": {},
            "exampleSites": [
                "alpakagear.com",
                "grasspad.com",
                "insinkerator.emerson.com",
                "store.vioc.com",
                "www.americanfreight.com",
                "www.annuity.org",
                "www.asbestos.com",
                "www.drugwatch.com",
                "www.hughesfcu.org",
                "www.k12.com",
                "www.mitsubishicars.com",
                "www.vioc.com"
            ]
        }
    ],
    "categories": [],
    "performance": {},
    "cookies": 0,
    "topInitiators": [
        {
            "domain": "first party",
            "prevalence": 0.6153846153846154
        },
        {
            "domain": "googletagmanager.com",
            "prevalence": 0.3076923076923077
        },
        {
            "domain": "adobedtm.com",
            "prevalence": 0.07692307692307693
        }
    ],
    "types": {
        "Script": 12
    },
    "nameservers": [
        "ns-1288.awsdns-33.org",
        "ns-1542.awsdns-00.co.uk",
        "ns-800.awsdns-36.net",
        "ns-9.awsdns-01.com"
    ]
}