{
    "domain": "futurehybrid.tech",
    "owner": {},
    "source": [
        "DuckDuckGo-AU"
    ],
    "prevalence": 0.00462,
    "sites": 46,
    "subdomains": [
        "sommelier",
        "metrics"
    ],
    "cnames": [],
    "fingerprinting": 0,
    "resources": [
        {
            "rule": "futurehybrid\\.tech\\/config\\/",
            "cookies": 0,
            "fingerprinting": 0,
            "subdomains": [
                "sommelier"
            ],
            "apis": {},
            "sites": 46,
            "prevalence": 0.00462,
            "cnames": [],
            "responseHashes": [
                "62d6c7a49b8e788d36985e584ab8ec57dfb35ace3742bc52b314832f0f987ff4",
                "44136fa355b3678a1146ad16f7e8649e94fb4fc21fe77e8310c060f61caaff8a",
                "31515ddb93731dc5c7938f40318227ab62fb90db8ed44b93089a876a73f79aed",
                "0ebb8a37ed33653900b2ae4a69a6bfa44d4ed998bfdc1101027b27ab63b6e3d3",
                "8929640001484b48458effd070b79a780b2984ad7d59741f89be41333b47b787",
                "bef4c9ee35aee2f06fa8360078aa11bfc57c772c7e8cf63acaaac20915d9b401",
                "b0cd530bb0d2bb4367359d4652152328053f8ba9867867d2a5a545c4bf83a7cc",
                "162015ea313f9cc84ab8bc636edca4d3a26a23fd160d27b8fb360d715df92f9d",
                "91ff07b48868bb0b92644ae7f6d2f1cc04a3300412f444352d6785b7beb85a4a",
                "041fab07aced11bb5a56bfa36854b3b55c59956c915dfe26c6917e5f20e8af7e",
                "90d9a7f0167d14ac07a8cf75633870e392958ac7b0048c96fc1fe0b97b24c6a9",
                "f4db0789ae0f752b7bddf5c3116266a63cd42e5a577b21f090c6887853dffb6f",
                "404a231b4efdbb22b4b8a279d9f1c7c9763428f4759f4e3ceae840331df2cef5",
                "5f4d8b154530caf73d2e61a39b8b48c8b0e1d128db91fb711cf6df5c398c8696",
                "bed41e3e730686474aae770510fded8aeda4587524ea00bb1ba0720b4a36f81d",
                "47a83a7144bebae5071cfc7dd131844be134973ba65304e62fe044e0920fe5a7",
                "e52bcf762319b271754b0100668a855f4d82076979896cb1fc9224fa62ad4a0b",
                "4a67b87d9594310477c0c51e3beba463f26087e3483b36f2dbbfbe2de0851ecf",
                "bae60b49bb8b2e2a22a8ab375b37c71ad0fb39135441dd0edbe960ca85520e88",
                "03f474f9afeb17769170193002f04b5284f961965e5e94a87514f1ec57c45d0c",
                "d1d2cd8deb184cb952f202500042d19fe230fe78f9f0f9627eacb43f42e0eb4b",
                "c672545363e1afc382d4e61f4814cc8534b52c5a426fbd488375694d22258cf6",
                "ed1bca83445bdc782761120ef13340afd2cca2c92652221cccb3dfd1e35d5586",
                "dc14de06819fea30565dba7a8cb443cd461b72128fd9bff5b4800d67bb314695",
                "cb30d08e8db3368b70480d4307c5ce6088eaac08cd552103305cc0d0a3920e19",
                "8e66dae5f7ab4912bd06e877380b9ed53f2656b4c31ab15d9d07875d15b497d9",
                "655324b172db9c4c2f3bdca945c7810fa77199e35bb8272bb13fcdf7db452fda",
                "e745653a5decdca3ed408d431b9d323ccb9d2b32db9c71420bd944575f776a88",
                "ca34342549895c006d7c8a4e8b968c10549c24c29d74cdf8424772259f4aef1b",
                "2d0c70a2ae09acdb1148d909eb84a03ebf9bbd548e238f38e051cc53df8aed41",
                "2306723150332e3bd331717faeabd808b16a937b677cd0e62b9334b5c330f626",
                "65f0e854b7226dc63cc1ce9d610112654db6716cbd5e67cb38262956bebe09d6",
                "c32a31d0d76bb8e93828406dc335c667ec4f1e3adec21a35dccad2d3abfd8898",
                "a7202fd18469e699afe735f9cf2c2a4320200f644498377a826ee2a5204e7590",
                "72a8d271aa1a93e7b580c7aa459527663ad056f17b00f6c7a2b9e5543c2d8a3d",
                "76bb9a4636afd1f309b1cbf551beffe567109e1398d3e41e564d7c7df7c99753",
                "1e3d19fde6b292e5a2827e9c6507f9a07764e164a6d353448092d3ec52bb44aa",
                "2b06738b0ec13927e3d8153b270f8dcac4c1bd06935d40e38d2fe6cd22872fc9",
                "b15c1abe04e02508847bd1b48fc21b93e6d215765dd12a7241e12bc77cb1936f",
                "c310c60488bf1b1a784d968bc80b08d56e560ee1bff38dc3f8f1fd349a0fa3e0",
                "f0e72fe53001c324cc8db49243dd7e74891002f2483bbdc06192521805f35b33",
                "1dec37d88e4279451e6d3313754040ce7f2a07591b54711fba6dfc0aa2d324c0",
                "f7977292f4658157919b912dab4d9904fc1b6791b8052a2dda7caf899b051642",
                "f534cbf0942d39acf048c9c7cd526724db85e80391a54f618a385d425c4fd3ed",
                "80640e098c989aa43cc9c81e8e3b367378a238b46c8e6e6c4a151e0bbed826bb"
            ],
            "type": "Fetch",
            "firstPartyCookies": {},
            "firstPartyCookiesSent": {
                "_li_dcdm_c": 0.0017068273092369479,
                "lotame_domain_check": 0.00040160642570281126,
                "__pid": 0.00010040160642570282
            },
            "exampleSites": [
                "www.howtogeek.com",
                "www.techradar.com",
                "www.tomshardware.com",
                "www.tomsguide.com",
                "www.digitalcameraworld.com",
                "www.realhomes.com",
                "www.whowhatwear.com",
                "www.space.com",
                "www.gamesradar.com",
                "www.yachtingworld.com",
                "www.livescience.com",
                "www.cinemablend.com",
                "www.pcgamer.com",
                "www.bikeperfect.com",
                "www.loudersound.com",
                "forums.practicalcaravan.com",
                "www.goodto.com",
                "www.womanandhome.com",
                "www.whattowatch.com",
                "www.techspot.com"
            ]
        },
        {
            "rule": "futurehybrid\\.tech\\/future\\/adtech\\/bordeaux\\/v1\\/storeevents",
            "cookies": 0,
            "fingerprinting": 0,
            "subdomains": [
                "metrics"
            ],
            "apis": {},
            "sites": 6,
            "prevalence": 0.000602,
            "cnames": [],
            "responseHashes": [],
            "type": "Ping",
            "firstPartyCookies": {},
            "firstPartyCookiesSent": {},
            "exampleSites": [
                "tomsguide.com",
                "www.gamesradar.com",
                "www.guitarworld.com",
                "www.livescience.com",
                "www.sciencealert.com",
                "www.space.com"
            ]
        }
    ],
    "categories": [],
    "performance": {},
    "cookies": 0,
    "topInitiators": [
        {
            "domain": "futurecdn.net",
            "prevalence": 0.9629629629629629
        },
        {
            "domain": "d4el4parm0zb3.cloudfront.net",
            "prevalence": 0.018518518518518517
        },
        {
            "domain": "first party",
            "prevalence": 0.018518518518518517
        }
    ],
    "types": {
        "Fetch": 46,
        "Ping": 6
    },
    "nameservers": [
        "ns-55.awsdns-06.com",
        "ns-786.awsdns-34.net",
        "ns-1419.awsdns-49.org",
        "ns-1705.awsdns-21.co.uk"
    ]
}