{
    "domain": "future.net.uk",
    "owner": {},
    "source": [
        "DuckDuckGo-AU"
    ],
    "prevalence": 0.00161,
    "sites": 16,
    "subdomains": [
        "search-api.fie"
    ],
    "cnames": [],
    "fingerprinting": 0,
    "resources": [
        {
            "rule": "future\\.net\\.uk\\/merchant-domains\\.php",
            "cookies": 0,
            "fingerprinting": 0,
            "subdomains": [
                "search-api.fie"
            ],
            "apis": {},
            "sites": 16,
            "prevalence": 0.00161,
            "cnames": [],
            "responseHashes": [
                "2721282069d76d01d13eace60a7a8a59d1a129d223947dc8e269791512eae018",
                "ecf4f27a9ec73a5be80f645c2783b89d330b6d94a78e3d4f02878909d502bb77",
                "067f07009b8e9f670211e4e3953d53c89f70490c1db429f16a73362bba2c9023",
                "2906d0b1cf588df5169386d63d5ac113bbeafc35ee0679011158a00f823107dd",
                "d398787487b8e9963299e75fba8d12bd93bb759fcee73ddcdc135d88c901bb6b",
                "7967fbca4c908291827596946be15162889e39d06a1954b058165b1739269f76",
                "60ef92066f6f562becb1c4183f79cb08227668318400755b56ca304990876c9a",
                "f35de413c878912a4f72ce67dca6f97c161b6be3796fc7143427898010b0d58e",
                "8732a48121714f9cef848915d63069a720d99db761f408188d0584e57d9dbe8f",
                "49eb4b6b97dfffeb0e840c6d49e85c6126cbabaff6905912e42d852a04267dfd",
                "e8250347d5295e013987d50f057fcf9625d65978ac5e300feed874f5a215d02d",
                "bb850e6ad63881207dfcff59c1ba322afc4726051015c78f940f92b7c3609b53",
                "adaac0a5d3bc097e3ded80b9dd0b9ff0dcadb40e9e76e47462923c76bc1a26fc",
                "e2e240acbce184305eba410e2c4dec16c66e7e391fe0d8c11d03f9f5d78e2dcc",
                "0bac6a45829230a569d392fa1b9ccfe248b06ece7838555104cc42d2b83de6c2"
            ],
            "type": "Fetch",
            "firstPartyCookies": {},
            "firstPartyCookiesSent": {},
            "exampleSites": [
                "advnture.com",
                "www.androidcentral.com",
                "www.cinemablend.com",
                "www.cyclingnews.com",
                "www.cyclingweekly.com",
                "www.gardeningetc.com",
                "www.golfmonthly.com",
                "www.goodto.com",
                "www.homesandgardens.com",
                "www.imore.com",
                "www.livescience.com",
                "www.marieclaire.com",
                "www.petsradar.com",
                "www.whattowatch.com",
                "www.windowscentral.com",
                "www.womanandhome.com"
            ]
        }
    ],
    "categories": [],
    "performance": {},
    "cookies": 0,
    "topInitiators": [
        {
            "domain": "futurecdn.net",
            "prevalence": 1
        }
    ],
    "types": {
        "Fetch": 16
    },
    "nameservers": [
        "ns-1198.awsdns-21.org",
        "ns-1825.awsdns-36.co.uk",
        "ns-57.awsdns-07.com",
        "ns-615.awsdns-12.net"
    ]
}