{
    "domain": "gdriveplayer.to",
    "owner": {},
    "source": [
        "DuckDuckGo-US"
    ],
    "prevalence": 0.000157,
    "sites": 23,
    "subdomains": [],
    "cnames": [],
    "fingerprinting": 2,
    "resources": [
        {
            "rule": "gdriveplayer\\.to\\/embed2\\.php",
            "cookies": 0.0000817,
            "fingerprinting": 2,
            "subdomains": [],
            "apis": {
                "window.localStorage": 13,
                "Date.prototype.getTime": 16,
                "Document.cookie setter": 12,
                "Navigator.prototype.plugins": 8,
                "Navigator.prototype.userAgent": 14,
                "Document.cookie getter": 13,
                "Screen.prototype.height": 13,
                "Date.prototype.getTimezoneOffset": 16
            },
            "sites": 17,
            "prevalence": 0.000116,
            "cnames": [],
            "responseHashes": [
                "db6f91a07df31e69c57be33ffd6508f888ac755b7722e215e3a1f1e432b357bf",
                "e8454d9e5d915292500bcca345557a2385f16334439d6fdce359d741cf7848fa",
                "ffd6f2fe707680ccb84e9d06cc87efe77a8ffc221b77b7b1e6a54d4f1289d0d7",
                "2edfbc201350a1d3972599381f53791c08a6440ff17610ab7899811de2a71a15",
                "2cf7491e392e0eea78ce18545fcb9ee91af1c60769e9715584c00102a4dfd78f",
                "f2ade7cae26b240d9975aa6ff493c7e03fe0c63707b98191bb3c071577cd1ca1",
                "717d2884f574b9b0578e71f8b3da801a99663a4401ff137577c2a1c4010f4645",
                "17b575c1433be0b611ca60e05d00616798961d86932f7a2dad9617d4c46c3df2",
                "4595028d497fa699d86a9e63a878316dfd5fed1dc8a006e1772b2128af662519",
                "3b4d3430aa61acd233bdb81bf9d8b328108f03cd7acdd864fca8bfdcf2289c15",
                "f0a834eb430103dfcb9a12933805b56d19cec5f0b873273de8bbe908e68af891",
                "0b278bffc931ce71559e45c8431f9a60c191ace29b71a99574992e0bc5caaba3",
                "ef57390381e9da4e1d8eeb9ff4c250acfb1115328fc09a390029e4bf6ffbaa4e",
                "fa9063ec2d1c8a432ca3b480739bda0794032808e89500987f034eb23a8ce760",
                "c70218e371cbf835763622d5ed54349761528dc08b37665f8ed43f6cb31463c2"
            ],
            "type": "Document",
            "firstPartyCookies": {},
            "firstPartyCookiesSent": {},
            "exampleSites": [
                "bokepcuy.guru",
                "bokepcuy.mom",
                "bokepsin.com",
                "bokepsin.guru",
                "bokepsin.ws",
                "dramacute.cyou",
                "indojav.mom",
                "juraganmovie.club",
                "sangetube.live"
            ]
        },
        {
            "rule": "gdriveplayer\\.to\\/file\\.js",
            "cookies": 0,
            "fingerprinting": 2,
            "subdomains": [],
            "apis": {
                "Navigator.prototype.userAgent": 18,
                "PerformanceTiming.prototype.navigationStart": 16,
                "window.localStorage": 16,
                "Navigator.prototype.language": 18,
                "Date.prototype.getTime": 22,
                "HTMLMediaElement.prototype.canPlayType": 22,
                "CanvasRenderingContext2D.prototype.getImageData": 17
            },
            "sites": 22,
            "prevalence": 0.00015,
            "cnames": [],
            "responseHashes": [
                "ee0972f2073d1fb9d628b956edfc46436d9fffff7b6da0c45f28f739434bb87a"
            ],
            "type": "Script",
            "firstPartyCookies": {},
            "firstPartyCookiesSent": {},
            "exampleSites": [
                "18pemersatubangsa.blogspot.com",
                "bokep8.icu",
                "bokepcuy.guru",
                "bokepcuy.mom",
                "bokepsin.com",
                "bokepsin.guru",
                "bokepsin.ws",
                "dramacute.cyou",
                "indojav.mom",
                "javcuy.mom",
                "juraganmovie.club",
                "sangetube.live"
            ]
        },
        {
            "rule": "gdriveplayer\\.to\\/embed\\.php",
            "cookies": 0.0000272,
            "fingerprinting": 2,
            "subdomains": [],
            "apis": {
                "window.localStorage": 4,
                "Date.prototype.getTime": 7,
                "Document.cookie setter": 4,
                "Navigator.prototype.plugins": 4,
                "Navigator.prototype.userAgent": 5,
                "Document.cookie getter": 4,
                "Screen.prototype.height": 4,
                "Date.prototype.getTimezoneOffset": 7
            },
            "sites": 7,
            "prevalence": 0.0000476,
            "cnames": [],
            "responseHashes": [
                "c64e71c02264e76c50e1c3d93b118af8ee1fb4a95f38d68b838e5067b88b1681",
                "6680e6e3bb9f2cc12a2571706a9bff02b77e6fc0ddd484ffeb38b79cf223e0b3",
                "bd63e9d718dd72d15b0bb078b71f9faa6b84539cdc6239af0d5664b7c1590723",
                "6f1320ee9f412073ab0b1a96afe642791f9367a7f769cee937e1cd61103eb179",
                "768d142cd31998256af7e79c5c52fb32b9f7ed008e8380a9a98b3c55106c2a2a",
                "dba1a5040264c9a81b516c67ef5b8bc8dc72a8c17378258abb5f730eca5f9cf9"
            ],
            "type": "Document",
            "firstPartyCookies": {},
            "firstPartyCookiesSent": {},
            "exampleSites": [
                "18pemersatubangsa.blogspot.com",
                "bokep8.icu",
                "javcuy.mom"
            ]
        },
        {
            "rule": "gdriveplayer\\.to\\/embed2\\.php",
            "cookies": 0.0000817,
            "fingerprinting": 2,
            "subdomains": [],
            "apis": {
                "window.localStorage": 13,
                "Date.prototype.getTime": 16,
                "Document.cookie setter": 12,
                "Navigator.prototype.plugins": 8,
                "Navigator.prototype.userAgent": 14,
                "Document.cookie getter": 13,
                "Screen.prototype.height": 13,
                "Date.prototype.getTimezoneOffset": 16
            },
            "sites": 16,
            "prevalence": 0.000109,
            "cnames": [],
            "responseHashes": [
                "e3b0c44298fc1c149afbf4c8996fb92427ae41e4649b934ca495991b7852b855"
            ],
            "type": "XHR",
            "firstPartyCookies": {},
            "firstPartyCookiesSent": {},
            "exampleSites": [
                "bokepcuy.guru",
                "bokepcuy.mom",
                "bokepsin.com",
                "bokepsin.guru",
                "bokepsin.ws",
                "dramacute.cyou",
                "indojav.mom",
                "juraganmovie.club",
                "sangetube.live"
            ]
        },
        {
            "rule": "gdriveplayer\\.to\\/embed\\.php",
            "cookies": 0.0000272,
            "fingerprinting": 2,
            "subdomains": [],
            "apis": {
                "window.localStorage": 4,
                "Date.prototype.getTime": 7,
                "Document.cookie setter": 4,
                "Navigator.prototype.plugins": 4,
                "Navigator.prototype.userAgent": 5,
                "Document.cookie getter": 4,
                "Screen.prototype.height": 4,
                "Date.prototype.getTimezoneOffset": 7
            },
            "sites": 7,
            "prevalence": 0.0000476,
            "cnames": [],
            "responseHashes": [
                "e3b0c44298fc1c149afbf4c8996fb92427ae41e4649b934ca495991b7852b855"
            ],
            "type": "XHR",
            "firstPartyCookies": {},
            "firstPartyCookiesSent": {},
            "exampleSites": [
                "18pemersatubangsa.blogspot.com",
                "bokep8.icu",
                "javcuy.mom"
            ]
        },
        {
            "rule": "gdriveplayer\\.to\\/list\\.png",
            "cookies": 0,
            "fingerprinting": 0,
            "subdomains": [],