{
    "domain": "geotargetly-api-1.com",
    "owner": {},
    "source": [
        "DuckDuckGo-US"
    ],
    "prevalence": 0.0000749,
    "sites": 11,
    "subdomains": [],
    "cnames": [],
    "fingerprinting": 1,
    "resources": [
        {
            "rule": "geotargetly-api-1\\.com\\/gr",
            "cookies": 0,
            "fingerprinting": 1,
            "subdomains": [],
            "apis": {
                "Document.cookie getter": 1
            },
            "sites": 7,
            "prevalence": 0.0000476,
            "cnames": [],
            "responseHashes": [
                "0dfc5366abc185629a9bd78a87d4722615a1a2c35f6e8ea598962a0b98cb80f5",
                "d244431c5444589d0960171fa320f5de67cf7c7ef4d0d8d6d8f8334cf8e5c9bb",
                "6b352b400e16d73cdc405130023c3e12c6be522619286a730952b02dad3fe11c",
                "2ff0259730b412a1a0424d46512c299161f8405bb0636a5117ef3d2971e39291",
                "8b970b0532ca328e7b256a0a468d6a74980f3ec22d917e5b1c4aff5ad5c061b1",
                "90665520d749c68115b2e4b01ca679ad88717500aad7d7b3c296be783b1a6260"
            ],
            "type": "Script",
            "firstPartyCookies": {},
            "firstPartyCookiesSent": {
                "_li_dcdm_c": 0.000006807073911208528,
                "lotame_domain_check": 0.000006807073911208528
            },
            "exampleSites": [
                "autel.com",
                "clubchampion.com",
                "www.aersf.com",
                "www.greenworkstools.com",
                "www.modelousa.com",
                "www.penny-slot-machines.com",
                "www.stereonet.com"
            ]
        }
    ],
    "categories": [],
    "performance": {},
    "cookies": 0,
    "topInitiators": [
        {
            "domain": "first party",
            "prevalence": 1
        }
    ],
    "types": {
        "Script": 7
    },
    "nameservers": [
        "sandra.ns.cloudflare.com",
        "pranab.ns.cloudflare.com"
    ]
}