{
    "domain": "geotargetly.co",
    "owner": {},
    "source": [
        "DuckDuckGo-US"
    ],
    "prevalence": 0.0000204,
    "sites": 3,
    "subdomains": [
        "2d4d344a486d2d686631782d575f703455627a7a",
        "2d4c6e4f37777344455f474f76325a7974353264"
    ],
    "cnames": [],
    "fingerprinting": 0,
    "resources": [
        {
            "rule": "geotargetly\\.co\\/georedirect",
            "cookies": 0,
            "fingerprinting": 0,
            "subdomains": [
                "2d4d344a486d2d686631782d575f703455627a7a",
                "2d4c6e4f37777344455f474f76325a7974353264"
            ],
            "apis": {},
            "sites": 2,
            "prevalence": 0.0000136,
            "cnames": [],
            "responseHashes": [
                "7e1bcc0c157bc63b02ca89c827cce965724d4f6f7290dc8d3137632cf9ebf957"
            ],
            "type": "Script",
            "firstPartyCookies": {},
            "firstPartyCookiesSent": {
                "dy_fs_page": 0.000006807073911208528,
                "IR_gbd": 0.000006807073911208528,
                "_li_dcdm_c": 0.000006807073911208528
            },
            "exampleSites": [
                "blackbox.com",
                "www.untuckit.com"
            ]
        }
    ],
    "categories": [],
    "performance": {},
    "cookies": 0,
    "topInitiators": [
        {
            "domain": "first party",
            "prevalence": 0.6666666666666666
        },
        {
            "domain": "googletagmanager.com",
            "prevalence": 0.3333333333333333
        }
    ],
    "types": {
        "Script": 2
    },
    "nameservers": [
        "mia.ns.cloudflare.com",
        "walt.ns.cloudflare.com"
    ]
}