{
    "domain": "getsitectrl.com",
    "owner": {},
    "source": [
        "DuckDuckGo-AU"
    ],
    "prevalence": 0.00151,
    "sites": 15,
    "subdomains": [
        "events"
    ],
    "cnames": [],
    "fingerprinting": 0,
    "resources": [
        {
            "rule": "getsitectrl\\.com\\/api\\/v1\\/events",
            "cookies": 0,
            "fingerprinting": 0,
            "subdomains": [
                "events"
            ],
            "apis": {},
            "sites": 15,
            "prevalence": 0.00151,
            "cnames": [],
            "responseHashes": [
                "5b59177948834199d31c963faecacc6fb0557cb4a6bcab8e02e937a0a3ba4be2",
                "7e40660f585dd42bcedb9d0f5b67d027c890f8b8620f16b4633273d08e8af462",
                "f07fe7988f14a6b3af631ec72066c9ebda009746ca15a06058a09d21d906f0e5",
                "6a8f84ea7cb6179bcb8a9f94f5e0c98cd3f286d49ead7e390759eda70a4c8d93",
                "59ec746fbf54ac2798baa797d6702900651caee7116715da8484e04f6322faf8",
                "cb2a47e4340cf2acf57fd8d1a0ab67996dbf1ab24900455e52751b09860fbf9e",
                "86f7d679ac607bd3f541f73ed29160cf0c0d6fbb57181bf9965993dd8c091a59",
                "99ea10479067f62e4fee3bc523f284d012c44688ca289260800df9272307373e",
                "0d226ef5658feea123cfc658e028c1f98f9accba293b39197e3041f180dbab67",
                "c9bb74f4d5c800416fb0de5cd8026f7c4d24b146e01c2bc8e5225cf6d795211a",
                "f852f0054b1aa2d09a4406b53dd80d21a006e15919a14cca966bd769a791399c",
                "8e28be1f6319002e75e99eeb73d48f3a7e7a5e6ece13053162080545b714d11e",
                "b1c2e737ae40bbaa4016f5c4b51e0a5d4c500f5bdf8ce626ecf5182e8e653e01",
                "5a405769080fe2a755a5e6068742f68704eb6593bcd18eb20b01de05a222be0b"
            ],
            "type": "Fetch",
            "firstPartyCookies": {},
            "firstPartyCookiesSent": {},
            "exampleSites": [
                "artuk.org",
                "endotaspa.com.au",
                "itsfoss.com",
                "propertyupdate.com.au",
                "startsat60.com",
                "www.camplify.com.au",
                "www.cars24.com",
                "www.cashrewards.com.au",
                "www.iga.com.au",
                "www.inyourpocket.com",
                "www.mygyc.com.au",
                "www.newzealand.com",
                "www.physio-pedia.com",
                "www.tupperware.com.au",
                "www.yarraranges.vic.gov.au"
            ]
        }
    ],
    "categories": [],
    "performance": {},
    "cookies": 0,
    "topInitiators": [
        {
            "domain": "getsitecontrol.com",
            "prevalence": 0.625
        },
        {
            "domain": "first party",
            "prevalence": 0.1875
        },
        {
            "domain": "shopify.com",
            "prevalence": 0.125
        },
        {
            "domain": "d38b8me95wjkbc.cloudfront.net",
            "prevalence": 0.0625
        }
    ],
    "types": {
        "Fetch": 15
    },
    "nameservers": [
        "ns-1552.awsdns-02.co.uk",
        "ns-853.awsdns-42.net",
        "ns-420.awsdns-52.com",
        "ns-1342.awsdns-39.org"
    ]
}