{
    "domain": "goinstore.com",
    "owner": {},
    "source": [
        "DuckDuckGo-GB"
    ],
    "prevalence": 0.000604,
    "sites": 6,
    "subdomains": [
        "gis",
        "static-gis"
    ],
    "cnames": [],
    "fingerprinting": 2,
    "resources": [
        {
            "rule": "goinstore\\.com\\/gis\\/jsapi\\/init-info\\/gisCallbacks\\.initInfo",
            "cookies": 0.000604,
            "fingerprinting": 0,
            "subdomains": [
                "gis"
            ],
            "apis": {},
            "sites": 6,
            "prevalence": 0.000604,
            "cnames": [],
            "responseHashes": [
                "e0fa5fd4dbea1acc38c032d44635292f18e25cb5347a366f29a32ad590b3b6b9",
                "16b1d97fd11416a276265ee0395cc330ee897f11290cff9f16a8a594d6c0bb94",
                "43da5130292d8d71cdf52acfef834b7f9bc7046187f4b65213b3c7f40bd60276",
                "b11db91fe9865f5a1067ead1383e4ff66b7e3428d0ffab225be0df498a18b103",
                "fe5edd8f560115d61090b99d2bfa465516bd07dcab4eec1ecf7eb7849f6e903c"
            ],
            "type": "Script",
            "firstPartyCookies": {},
            "firstPartyCookiesSent": {
                "gpv_url": 0.0002013693113169553,
                "giscalluseruuid": 0.00010068465565847765,
                "gis": 0.0002013693113169553
            },
            "exampleSites": [
                "currys.co.uk",
                "www.carpetright.co.uk",
                "www.currys.co.uk",
                "www.ernestjones.co.uk",
                "www.hsamuel.co.uk",
                "www.ribblecycles.co.uk"
            ]
        },
        {
            "rule": "goinstore\\.com\\/gis\\/css",
            "cookies": 0.000604,
            "fingerprinting": 0,
            "subdomains": [
                "gis"
            ],
            "apis": {},
            "sites": 6,
            "prevalence": 0.000604,
            "cnames": [],
            "responseHashes": [
                "01f24ae541b00066f3d61ac3fce62efbf683b548cd5e0f8e316d21395c9fe493",
                "c0e998d597698fa1996e26e944d689eae68fd3c0bdb8c5cb14197eeb72cbb7ce",
                "7622f452268e2fac059128c05609eea7f1b3c4f90c151b476020a355630d240b",
                "4e57f621a20731130ff0ec43bf9a4dfce00642a2d9a38230ec85535f4d0c7cf4",
                "2c44d0e317d7c7402e261a06d889e0d42bc6e0f41761605f313daf5fb690f369"
            ],
            "type": "Stylesheet",
            "firstPartyCookies": {},
            "firstPartyCookiesSent": {},
            "exampleSites": [
                "currys.co.uk",
                "www.carpetright.co.uk",
                "www.currys.co.uk",
                "www.ernestjones.co.uk",
                "www.hsamuel.co.uk",
                "www.ribblecycles.co.uk"
            ]
        },
        {
            "rule": "goinstore\\.com\\/gis\\/jsapi\\/isClerkAvailable\\/clerkIsAvailable\\/clerkIsNotAvailable",
            "cookies": 0.000604,
            "fingerprinting": 0,
            "subdomains": [
                "gis"
            ],
            "apis": {},
            "sites": 6,
            "prevalence": 0.000604,
            "cnames": [],
            "responseHashes": [
                "0fea0df831035eb3537e7f46864da0d69efba0fecad3359aa9dd3b32b54feb9b",
                "df954db012c7d79eaa2a26637f758ef3c3ecbde0c3b199f3d38084303d2abdac"
            ],
            "type": "Script",
            "firstPartyCookies": {},
            "firstPartyCookiesSent": {
                "gpv_url": 0.0002013693113169553,
                "giscalluseruuid": 0.00010068465565847765,
                "gis": 0.0002013693113169553
            },
            "exampleSites": [
                "currys.co.uk",
                "www.carpetright.co.uk",
                "www.currys.co.uk",
                "www.ernestjones.co.uk",
                "www.hsamuel.co.uk",
                "www.ribblecycles.co.uk"
            ]
        },
        {
            "rule": "goinstore\\.com\\/gis\\/images\\/img\\/cta-logo\\.png",
            "cookies": 0.000403,
            "fingerprinting": 0,
            "subdomains": [
                "gis"
            ],
            "apis": {},
            "sites": 4,
            "prevalence": 0.000403,
            "cnames": [],
            "responseHashes": [
                "6745331a42eac2bbb637c6fe2910cb7859133727d004ce55869a49bfdf60ab30",
                "2b3a9135d08d10fa9e42afdb16282f0021f7c784d1cbe20b14ca7e01f5736980",
                "1f12e5a85e3bf10138780b2f25d922e9f65b154705ac1675827bd046ef7e2489"
            ],
            "type": "Image",
            "firstPartyCookies": {},
            "firstPartyCookiesSent": {},
            "exampleSites": [
                "currys.co.uk",
                "www.carpetright.co.uk",
                "www.currys.co.uk",
                "www.ribblecycles.co.uk"
            ]
        },
        {
            "rule": "goinstore\\.com\\/fonts\\/Roboto\\/roboto-v29-vietnamese_latin-ext_latin_greek-ext_greek_cyrillic-ext_cyrillic-regular\\.woff2",
            "cookies": 0,
            "fingerprinting": 0,
            "subdomains": [
                "static-gis"
            ],
            "apis": {},
            "sites": 2,
            "prevalence": 0.000201,
            "cnames": [],
            "responseHashes": [
                "0c3575d736b4b0a00903974bbe00fafb3fc232581fc37039056f15ee47e06ad9"
            ],
            "type": "Font",
            "firstPartyCookies": {},
            "firstPartyCookiesSent": {},
            "exampleSites": [
                "carpetright.co.uk",
                "www.ribblecycles.co.uk"
            ]
        },
        {
            "rule": "goinstore\\.com\\/gis\\/jsapi\\/all-active-broadcasts\\/broadcastCallback",
            "cookies": 0.000201,
            "fingerprinting": 0,
            "subdomains": [
                "gis"
            ],
            "apis": {},
            "sites": 2,
            "prevalence": 0.000201,
            "cnames": [],
            "responseHashes": [
                "6b56b6eefe841cd7b0523c2794ef48a7fb4c2cd3ea95d4b82e6b36352daed522"
            ],
            "type": "Script",
            "firstPartyCookies": {},
            "firstPartyCookiesSent": {
                "gpv_url": 0.00010068465565847765
            },
            "exampleSites": [
                "currys.co.uk",
                "www.ribblecycles.co.uk"
            ]
        }
    ],
    "categories": [],
    "performance": {},
    "cookies": 0.000604,
    "topInitiators": [
        {
            "domain": "first party",
            "prevalence": 0.8392857142857143
        },
        {
            "domain": "opentok.com",
            "prevalence": 0.14285714285714285
        },
        {
            "domain": "adobedtm.com",
            "prevalence": 0.017857142857142856
        }
    ],
    "types": {
        "Script": 14,
        "Stylesheet": 6,
        "Image": 4,
        "Font": 2
    },
    "nameservers": [
        "ns-655.awsdns-17.net",
        "ns-421.awsdns-52.com",
        "ns-1795.awsdns-32.co.uk",
        "ns-1272.awsdns-31.org"
    ]
}