{
    "domain": "gonnado.com",
    "owner": {},
    "source": [
        "DuckDuckGo-CH"
    ],
    "prevalence": 0.000703,
    "sites": 7,
    "subdomains": [],
    "cnames": [],
    "fingerprinting": 1,
    "resources": [
        {
            "rule": "gonnado\\.com\\/static\\/js\\/pixel\\/pixel-min-ce876f5228\\.js",
            "cookies": 0.000703,
            "fingerprinting": 1,
            "subdomains": [],
            "apis": {
                "Document.cookie getter": 7,
                "Document.cookie setter": 7
            },
            "sites": 7,
            "prevalence": 0.000703,
            "cnames": [],
            "responseHashes": [
                "8e9ad1d4432845a1a6b320fb0ef4c56b0f5c547fcc42ec77e259d358315d3239"
            ],
            "type": "Script",
            "firstPartyCookies": {
                "lc_fa4bfd54": {
                    "ttl": 7464960003,
                    "length": 7,
                    "prevalence": 0.0001004217714400482,
                    "uniqueness": 1
                },
                "lc_76d52c54": {
                    "ttl": 7464960011,
                    "length": 7,
                    "prevalence": 0.0001004217714400482,
                    "uniqueness": 1
                },
                "lc_41b9f498": {
                    "ttl": 7464960004,
                    "length": 7,
                    "prevalence": 0.0001004217714400482,
                    "uniqueness": 1
                },
                "lc_c9306b6f": {
                    "ttl": 7464960002,
                    "length": 7,
                    "prevalence": 0.0001004217714400482,
                    "uniqueness": 1
                },
                "lc_9ebc4d2d": {
                    "ttl": 7464960004,
                    "length": 7,
                    "prevalence": 0.0001004217714400482,
                    "uniqueness": 1
                },
                "lc_e078e584": {
                    "ttl": 7464960007,
                    "length": 7,
                    "prevalence": 0.0001004217714400482,
                    "uniqueness": 1
                },
                "lc_15e5ac2a": {
                    "ttl": 7464960006,
                    "length": 7,
                    "prevalence": 0.0001004217714400482,
                    "uniqueness": 1
                }
            },
            "firstPartyCookiesSent": {},
            "exampleSites": [
                "acs.ch",
                "www.alpamare.ch",
                "www.atzmaennig.ch",
                "www.cardada.ch",
                "www.gidor.ch",
                "www.kellerfahnen.ch",
                "www.technorama.ch"
            ]
        },
        {
            "rule": "gonnado\\.com\\/static\\/js\\/dialog_trigger\\.js",
            "cookies": 0,
            "fingerprinting": 0,
            "subdomains": [],
            "apis": {},
            "sites": 7,
            "prevalence": 0.000703,
            "cnames": [],
            "responseHashes": [
                "af57906f8a9816284b45e2c93b46bd54d3c65d96461fb62aa9c44c04640b113f"
            ],
            "type": "Script",
            "firstPartyCookies": {},
            "firstPartyCookiesSent": {},
            "exampleSites": [
                "acs.ch",
                "www.alpamare.ch",
                "www.atzmaennig.ch",
                "www.cardada.ch",
                "www.gidor.ch",
                "www.kellerfahnen.ch",
                "www.technorama.ch"
            ]
        }
    ],
    "categories": [],
    "performance": {},
    "cookies": 0.000703,
    "topInitiators": [
        {
            "domain": "first party",
            "prevalence": 0.5714285714285714
        },
        {
            "domain": "googletagmanager.com",
            "prevalence": 0.42857142857142855
        }
    ],
    "types": {
        "Script": 14
    },
    "nameservers": [
        "yichun.ns.cloudflare.com",
        "meera.ns.cloudflare.com"
    ]
}