{
    "domain": "goosetension.com",
    "owner": {},
    "source": [
        "DuckDuckGo-US"
    ],
    "prevalence": 0.0000272,
    "sites": 4,
    "subdomains": [],
    "cnames": [],
    "fingerprinting": 1,
    "resources": [
        {
            "rule": "goosetension\\.com\\/bd\\/c5\\/cb\\/bdc5cb8b2e296781c619654a74511b5d\\.js",
            "cookies": 0.0000204,
            "fingerprinting": 1,
            "subdomains": [],
            "apis": {
                "Document.cookie getter": 3,
                "Document.cookie setter": 3,
                "window.innerWidth": 3,
                "Navigator.prototype.languages": 2,
                "Navigator.prototype.language": 1
            },
            "sites": 3,
            "prevalence": 0.0000204,
            "cnames": [],
            "responseHashes": [
                "a92531fac2fdc9cf58829dda05cf89e1e2ec55067379d88c21babab644db3005",
                "5f04d7f73688b33f0ccc0d9ae9c347b4bf563899834309137f85a17459727a6a"
            ],
            "type": "Script",
            "firstPartyCookies": {
                "dom3ic8zudi28v8lr6fgphwffqoz0j6c": {
                    "ttl": 604800,
                    "length": 44,
                    "prevalence": 0.000020421221733625584,
                    "uniqueness": 1
                },
                "sb_page_bdc5cb8b2e296781c619654a74511b5d": {
                    "ttl": 2881,
                    "length": 1,
                    "prevalence": 0.000020421221733625584,
                    "uniqueness": 0.3333333333333333
                },
                "sb_idelay_bdc5cb8b2e296781c619654a74511b5d": {
                    "ttl": 0,
                    "length": 1,
                    "prevalence": 0.000020421221733625584,
                    "uniqueness": 0.3333333333333333
                },
                "sb_delay_bdc5cb8b2e296781c619654a74511b5d": {
                    "ttl": 0,
                    "length": 1,
                    "prevalence": 0.000020421221733625584,
                    "uniqueness": 0.3333333333333333
                },
                "sb_onpage_bdc5cb8b2e296781c619654a74511b5d": {
                    "ttl": null,
                    "length": 1,
                    "prevalence": 0.000020421221733625584,
                    "uniqueness": 0.3333333333333333
                },
                "sb_main_bdc5cb8b2e296781c619654a74511b5d": {
                    "ttl": 2881,
                    "length": 1,
                    "prevalence": 0.000020421221733625584,
                    "uniqueness": 0.3333333333333333
                },
                "sb_count_bdc5cb8b2e296781c619654a74511b5d": {
                    "ttl": 2881,
                    "length": 1,
                    "prevalence": 0.000020421221733625584,
                    "uniqueness": 0.3333333333333333
                },
                "pbpr0tpuw4isk85t8yg3jb2lj5vqf": {
                    "ttl": 11,
                    "length": 16,
                    "prevalence": 0.000020421221733625584,
                    "uniqueness": 1
                }
            },
            "firstPartyCookiesSent": {},
            "exampleSites": [
                "javxxx.me",
                "www4.javxxx.me",
                "www5.javxxx.me"
            ]
        }
    ],
    "categories": [],
    "performance": {},
    "cookies": 0.0000272,
    "topInitiators": [
        {
            "domain": "cloudflare.com",
            "prevalence": 1
        }
    ],
    "types": {
        "Script": 3
    },
    "nameservers": [
        "ns3.publicdnsservice.com",
        "ns2.publicdnsservice.com",
        "ns1.publicdnsservice.com",
        "ns4.publicdnsservice.com"
    ]
}