{
    "domain": "groovinads.com",
    "owner": {},
    "source": [
        "DuckDuckGo-US"
    ],
    "prevalence": 0.000109,
    "sites": 16,
    "subdomains": [
        "ads01"
    ],
    "cnames": [],
    "fingerprinting": 1,
    "resources": [
        {
            "rule": "groovinads\\.com\\/grv\\/track\\/bhpx\\.os",
            "cookies": 0.0000545,
            "fingerprinting": 1,
            "subdomains": [
                "ads01"
            ],
            "apis": {
                "Document.cookie getter": 7
            },
            "sites": 9,
            "prevalence": 0.0000613,
            "cnames": [],
            "responseHashes": [
                "53f9be7dd2f267be70a132eb49323c2e992abfc92456af432582e2042c07397a",
                "df3d27a5aaea45d250b7cb5775ef6c3de6514a7a4a7e3d18d3ced59d90005af2",
                "00d8935bf91fce79f6ecafde869a9f74112500933b09f0853f1fded152fb0250",
                "34d3b167cc93e156f192e31e9a6bb47bb07fb365226142ba4667be244aad5818",
                "f288dea7e470a9e8621af850428d333b965baccaedd2b67421ca66c87a5ada27",
                "009d48128c43d86d492c0601c5a948cc4314fbd1e188e04a17e0ae639ac2bd0a",
                "fe8c41ad25115e2f1302d0c929c325481e91e9d905617bbe87eead207ca89967",
                "6c254b493d214f416e34dcd5d6c9c572da02dd80971df1dab57ab3b4b785e263"
            ],
            "type": "Script",
            "firstPartyCookies": {},
            "firstPartyCookiesSent": {},
            "exampleSites": [
                "argenprop.com",
                "www.argenprop.com",
                "www.cinemarkhoyts.com.ar",
                "www.elektra.mx",
                "www.elpalaciodehierro.com",
                "www.homecenter.com.co",
                "www.homedepot.com.mx",
                "www.imovelweb.com.br",
                "www.liverpool.com.mx"
            ]
        },
        {
            "rule": "groovinads\\.com\\/grv\\/track\\/cm\\.os",
            "cookies": 0.0000545,
            "fingerprinting": 0,
            "subdomains": [
                "ads01"
            ],
            "apis": {},
            "sites": 8,
            "prevalence": 0.0000545,
            "cnames": [],
            "responseHashes": [
                "d346801abbf9bb4e9e9a055239053d4ab5596514304f601a6c70604187acb744"
            ],
            "type": "Image",
            "firstPartyCookies": {},
            "firstPartyCookiesSent": {
                "_ga": 0.00007487781302329381
            },
            "exampleSites": [
                "cinemarkhoyts.com.ar",
                "www.cinemarkhoyts.com.ar",
                "www.elektra.mx",
                "www.elpalaciodehierro.com",
                "www.fravega.com",
                "www.homecenter.com.co",
                "www.imovelweb.com.br",
                "www.liverpool.com.mx"
            ]
        },
        {
            "rule": "groovinads\\.com\\/grv\\/track\\/bhpx\\.os",
            "cookies": 0.0000136,
            "fingerprinting": 0,
            "subdomains": [
                "ads01"
            ],
            "apis": {},
            "sites": 2,
            "prevalence": 0.0000136,
            "cnames": [],
            "responseHashes": [
                "d346801abbf9bb4e9e9a055239053d4ab5596514304f601a6c70604187acb744"
            ],
            "type": "Image",
            "firstPartyCookies": {},
            "firstPartyCookiesSent": {},
            "exampleSites": [
                "fravega.com",
                "www.homedepot.com.mx"
            ]
        }
    ],
    "categories": [],
    "performance": {},
    "cookies": 0.000102,
    "topInitiators": [
        {
            "domain": "googletagmanager.com",
            "prevalence": 0.4666666666666667
        },
        {
            "domain": "first party",
            "prevalence": 0.36666666666666664
        },
        {
            "domain": "storage.googleapis.com",
            "prevalence": 0.06666666666666667
        },
        {
            "domain": "gbqofs.com",
            "prevalence": 0.06666666666666667
        },
        {
            "domain": "adobedtm.com",
            "prevalence": 0.03333333333333333
        }
    ],
    "types": {
        "Script": 9,
        "Image": 10
    },
    "nameservers": [
        "pete.ns.cloudflare.com",
        "olga.ns.cloudflare.com"
    ]
}