{
    "domain": "grxchange.gr",
    "owner": {},
    "source": [
        "DuckDuckGo-US"
    ],
    "prevalence": 0.000204,
    "sites": 30,
    "subdomains": [
        "x"
    ],
    "cnames": [],
    "fingerprinting": 0,
    "resources": [
        {
            "rule": "grxchange\\.gr\\/ads",
            "cookies": 0,
            "fingerprinting": 0,
            "subdomains": [
                "x"
            ],
            "apis": {},
            "sites": 16,
            "prevalence": 0.000109,
            "cnames": [],
            "responseHashes": [
                "6becf7c7181bbdc83199670293bad61d4302e3c8e0d24d44b1e861d7d19e5aff",
                "0e960df7ffb27c82c6d5ebf084d79dea8b964ed07b3d0c25d66307b5cf68f87e",
                "e623bd454c6e489b1b5508551e5efe7ffed8b81fd2a53ecb07890a6af76fa7e8",
                "4a02eda6270b855546493a4faeb9dd4b436dc67cac125212c626a665fa536779",
                "0af31f740756bf887fc6e3be19b9a1b9e825c7dae0c4456b2b10188bffa0b153",
                "ce9480203c3e1bbb8aba2de11bcfe00725b8d2245ffe88d052986d5346a6be6b",
                "fca0e0ac6c6abb99d3d4c783f403f8d1f7fff3e67ebbbfe9df5c5043315d14c9",
                "ad205c1c468210d2dfa38f2932cfe89b3cd7124c0260fc1092f693f16c26d617",
                "58439951c2358ef766dad3686681ca7f0f4d1214859c9b37103c8571fda05215",
                "667173a9ff44b3c2b6c9f9e7ae1899aa657a4d75efd5a1b1131dca3c49b76deb",
                "d02d51c97aa3b050d2f3e2794e39d3a8f27ce58c82e60022103ac010a180ec15",
                "9085165c0bdf16562429beded894cb6d289b2a66387f4ab5fde504cd014fe6a1",
                "1513c191413a0b1fabcf483c4691f9420c213feb5b5fedb1ec54fdf341206de8",
                "d57d3e3fa4a73a0ae1a7bb6aef81c75044d682af0427e0b3911e1d4f09a80a41"
            ],
            "type": "XHR",
            "firstPartyCookies": {},
            "firstPartyCookiesSent": {
                "cookies.js_dtest": 0.000013614147822417056,
                "parsely_uuid": 0.000013614147822417056,
                "lotame_domain_check": 0.00003403536955604264
            },
            "exampleSites": [
                "meteo.gr",
                "www.athensvoice.gr",
                "www.athensmagazine.gr",
                "www.car.gr",
                "www.enikos.gr",
                "www.iatropedia.gr",
                "www.iefimerida.gr",
                "www.lifo.gr",
                "www.meteo.gr",
                "www.news247.gr",
                "www.olivemagazine.gr",
                "www.pentapostagma.gr",
                "www.sport-fm.gr",
                "www.sport24.gr",
                "www.thetoc.gr",
                "www.zougla.gr"
            ]
        }
    ],
    "categories": [],
    "performance": {},
    "cookies": 0,
    "topInitiators": [
        {
            "domain": "adman.gr",
            "prevalence": 0.9795918367346939
        },
        {
            "domain": "first party",
            "prevalence": 0.02040816326530612
        }
    ],
    "types": {
        "XHR": 16
    },
    "nameservers": [
        "dnsdt.phaistosnetworks.gr",
        "onderon.phaistosnetworks.gr",
        "phaistos.phaistosnetworks.gr"
    ]
}