{
    "domain": "h5v.eu",
    "owner": {},
    "source": [
        "DuckDuckGo-CH"
    ],
    "prevalence": 0.00161,
    "sites": 16,
    "subdomains": [
        "prebid-server",
        "frag-mutti",
        "yield"
    ],
    "cnames": [],
    "fingerprinting": 2,
    "resources": [
        {
            "rule": "h5v\\.eu\\/cookie_sync",
            "cookies": 0,
            "fingerprinting": 0,
            "subdomains": [
                "prebid-server"
            ],
            "apis": {},
            "sites": 8,
            "prevalence": 0.000803,
            "cnames": [],
            "responseHashes": [
                "b868c8e6eb24d7faa3304a77490b0cd0c3d62b5bc59b3b874b585479ba70f2f6",
                "7db7eb937398babfd7276c8e508129e6372563de305638561f4bd55ab5df375f",
                "502237133dfc1a3f10475538da97fc0afdc26a6c9f9751aa757687bf8bb13d62",
                "0cfe05647f7dd616e0f6e2b535df2b43c36663789e2d231adc973f445dd232cc",
                "d78509b58cd86e31ce8098612c3ae3413ec701f4e6cfe38a0a0d1d283ddead7f",
                "7eef6c37d4b7ade5877a5f6d1418e4ddf0f1e9ecbbda6cb0fd5a3fc5bc860334",
                "ae2a18dea3ee989d185f38c92845c6ddb5474af5cc5b4b020336cbca73e05b3d"
            ],
            "type": "XHR",
            "firstPartyCookies": {},
            "firstPartyCookiesSent": {},
            "exampleSites": [
                "anderes-wort.de",
                "forum.frag-mutti.de",
                "www.dogforum.de",
                "www.frag-mutti.de",
                "www.helpster.de",
                "www.lovelybooks.de",
                "www.speisekarte.de",
                "www.testedich.de"
            ]
        },
        {
            "rule": "h5v\\.eu\\/openrtb2\\/auction",
            "cookies": 0,
            "fingerprinting": 0,
            "subdomains": [
                "prebid-server"
            ],
            "apis": {},
            "sites": 8,
            "prevalence": 0.000803,
            "cnames": [],
            "responseHashes": [
                "2c7f087b19778f52b07dede4894a5f9d3425823c0bbbc1c94488c4c9cfa0fafb",
                "42d657acede486d1e3526afbd2bbda8aee855c4fe870056c0dc9b641a358d2f5",
                "d0d2b4ff345f5e21ce1305ad397bc4bf05d2fc358785b4417366ec9cf311e6bf",
                "c53b689560de1c18e1e66639b2d68c8218393011c3ac4255f6520df80b772f65",
                "6037915585739432c1063ced02bea562f256c693b6655eeb4319f69c9270932a",
                "9a0a5fbe3e2ff3ca8b6953792f3ab646c5b73419564e57be5d6a0c48d58946f6",
                "9fd7e55933c938e354186ea86711b189c28008ba930a93c077609c1a9ad84cdb"
            ],
            "type": "XHR",
            "firstPartyCookies": {},
            "firstPartyCookiesSent": {},
            "exampleSites": [
                "anderes-wort.de",
                "forum.frag-mutti.de",
                "www.dogforum.de",
                "www.frag-mutti.de",
                "www.helpster.de",
                "www.lovelybooks.de",
                "www.speisekarte.de",
                "www.testedich.de"
            ]
        },
        {
            "rule": "h5v\\.eu\\/setuid",
            "cookies": 0.000904,
            "fingerprinting": 0,
            "subdomains": [
                "prebid-server"
            ],
            "apis": {},
            "sites": 9,
            "prevalence": 0.000904,
            "cnames": [],
            "responseHashes": [
                "c956a8bbf43bb56f60d1beefcc5a70f2cb0725083a00e8a0daf423176509fd18",
                "e3b0c44298fc1c149afbf4c8996fb92427ae41e4649b934ca495991b7852b855"
            ],
            "type": "Image",
            "firstPartyCookies": {},
            "firstPartyCookiesSent": {},
            "exampleSites": [
                "anderes-wort.de",
                "ein.anderes-wort.de",
                "forum.frag-mutti.de",
                "www.dogforum.de",
                "www.frag-mutti.de",
                "www.helpster.de",
                "www.lovelybooks.de",
                "www.speisekarte.de",
                "www.testedich.de"
            ]
        },
        {
            "rule": "h5v\\.eu\\/161\\/moli_2ccbc54c4b291e4ccc3f\\.min\\.mjs",
            "cookies": 0.000201,
            "fingerprinting": 2,
            "subdomains": [
                "frag-mutti"
            ],
            "apis": {
                "Navigator.prototype.userAgent": 2,
                "window.sessionStorage": 2,
                "Navigator.prototype.appName": 2,
                "Date.prototype.getTime": 2,
                "window.localStorage": 2,
                "Navigator.prototype.cookieEnabled": 2,
                "Document.cookie getter": 2,
                "Document.cookie setter": 2,
                "NavigatorUAData.prototype.getHighEntropyValues": 2,
                "window.innerWidth": 2,
                "window.innerHeight": 2,
                "Navigator.prototype.doNotTrack": 2,
                "Navigator.prototype.language": 2,
                "Screen.prototype.width": 2,
                "Screen.prototype.height": 2,
                "Date.prototype.getTimezoneOffset": 2,
                "PerformanceTiming.prototype.navigationStart": 2,
                "Navigator.prototype.connection": 2,
                "window.name": 2
            },
            "sites": 2,
            "prevalence": 0.000201,
            "cnames": [],
            "responseHashes": [
                "54a4fd55329a6f30483949c793f9a76bb08cb9fa61cb9f68a6bfce68663ac374"
            ],
            "type": "Script",
            "firstPartyCookies": {
                "_pbjs_userid_consent_data": {
                    "ttl": 2592004,
                    "length": 16,
                    "prevalence": 0.0002008435428800964,
                    "uniqueness": 0.5
                }
            },
            "firstPartyCookiesSent": {},
            "exampleSites": [
                "frag-mutti.de",
                "www.frag-mutti.de"
            ]
        },
        {
            "rule": "h5v\\.eu\\/config\\/frag_mutti",
            "cookies": 0,
            "fingerprinting": 0,
            "subdomains": [
                "yield"
            ],
            "apis": {},
            "sites": 2,
            "prevalence": 0.000201,
            "cnames": [],
            "responseHashes": [],
            "type": "Preflight",
            "firstPartyCookies": {},
            "firstPartyCookiesSent": {},
            "exampleSites": [
                "frag-mutti.de",
                "www.frag-mutti.de"
            ]
        },
        {
            "rule": "h5v\\.eu\\/config\\/frag_mutti",
            "cookies": 0,
            "fingerprinting": 0,
            "subdomains": [
                "yield"
            ],
            "apis": {},
            "sites": 2,
            "prevalence": 0.000201,
            "cnames": [],
            "responseHashes": [
                "e9aabbf7970442585909acb7b2525b54fe3b7e1e68fdb8eca94fe36929820c89"
            ],
            "type": "Fetch",
            "firstPartyCookies": {},
            "firstPartyCookiesSent": {},
            "exampleSites": [
                "frag-mutti.de",
                "www.frag-mutti.de"
            ]
        }
    ],
    "categories": [],
    "performance": {},
    "cookies": 0.000803,
    "topInitiators": [
        {
            "domain": "first party",
            "prevalence": 0.8378378378378378
        },
        {
            "domain": "casalemedia.com",
            "prevalence": 0.05405405405405406
        },
        {
            "domain": "googletagmanager.com",
            "prevalence": 0.05405405405405406
        },
        {
            "domain": "pubmatic.com",
            "prevalence": 0.02702702702702703
        },
        {
            "domain": "adscale.de",
            "prevalence": 0.02702702702702703
        }
    ],
    "types": {
        "XHR": 16,
        "Image": 9,
        "Script": 2,
        "Preflight": 2,
        "Fetch": 2
    },