{
    "domain": "hatenaapis.com",
    "owner": {},
    "source": [
        "DuckDuckGo-US"
    ],
    "prevalence": 0.000157,
    "sites": 23,
    "subdomains": [
        "bookmark"
    ],
    "cnames": [],
    "fingerprinting": 0,
    "resources": [
        {
            "rule": "hatenaapis\\.com\\/count\\/entry",
            "cookies": 0,
            "fingerprinting": 0,
            "subdomains": [
                "bookmark"
            ],
            "apis": {},
            "sites": 17,
            "prevalence": 0.000116,
            "cnames": [],
            "responseHashes": [
                "b87dd0255c8ff2b8e031e4e4ebdcca9329ff4a7ed32e253fb4f7812bb482a38a",
                "40cf1206161a432ddc708d2e7f160d0821ad56955125f206ce92431334ed701b",
                "1f9e95842e56eddea61722f402182638d0e399bdb628d670d0565dd35726868a",
                "3e04ea3842cde65c7897be3b8c8be5a1177b548012fde32648239e101dc03010",
                "f86602f4c341b62582c643d58ad769ce92d8aed1ccca535c46c912aa7ce481df",
                "48f437f56e8d07f54e8cbf217ddc6f5a128479df8d12dcc01faeb3368bee400e",
                "c87e23097727fd166f926b366a1bc6a75fe4a91262264007a41292e010673ccd",
                "0dbcb4bcabcad1be54a6ecd4b5cb5dcb326fdfe19c387d26485da780e04cda2e",
                "56b1a1b511a33b71f585055807c9e195d78c2bc14d70663c5719b90f3a5f466d",
                "6f7bf5ade6e74b490b9db911122d7f01d276282aef4ed0b318ba5801426c736e",
                "9a8e1e2dca428225744a651e790eae106c1fdedd3cf5dead52a2b0f4648e8a8b",
                "be17dc079026e9f88fb86af88fe2e80ced308fb7ac8b673762de11d3e0f1818b",
                "05c7c147b6d9ae43c2e2e3d78828d1065ba189a841d218836b3e54e98eb4ec81",
                "ad96fe8b2219a1566b2d4144583c59fa43ea6d698cc728470b05a7720b28c44b",
                "990e7f804639d595e2d475763808c6e5817512750c54e873f73eb216f2e2c1be",
                "f1fa6e997c3eb8ef39418e2ebf0ede0ab8fe64eb407d83d7f0e45cb78bfe5ed3"
            ],
            "type": "Script",
            "firstPartyCookies": {},
            "firstPartyCookiesSent": {
                "__pid": 0.000006807073911208528
            },
            "exampleSites": [
                "itmedia.co.jp",
                "bunshun.jp",
                "crystalmark.info",
                "gamingpcs.jp",
                "gendai.media",
                "getnews.jp",
                "happymail.co.jp",
                "hugkum.sho.jp",
                "macrobiotic-daisuki.jp",
                "mognavi.jp",
                "nlab.itmedia.co.jp",
                "president.jp",
                "ure.pia.co.jp",
                "withnews.jp",
                "world-fusigi.net",
                "www.asahi.com",
                "www.itmedia.co.jp"
            ]
        },
        {
            "rule": "hatenaapis\\.com\\/count\\/entries",
            "cookies": 0,
            "fingerprinting": 0,
            "subdomains": [
                "bookmark"
            ],
            "apis": {},
            "sites": 3,
            "prevalence": 0.0000204,
            "cnames": [],
            "responseHashes": [
                "b48712acb1ecf8265d4f3d2921a637f770cd115e0552da8fad94d1b67d40b8ff",
                "6dd5c5549dfe1489a076176f62754e7f20747635313e158408622c0d9333b6d2"
            ],
            "type": "Script",
            "firstPartyCookies": {},
            "firstPartyCookiesSent": {},
            "exampleSites": [
                "front-row.jp",
                "logmi.jp",
                "tokusengai.com"
            ]
        }
    ],
    "categories": [],
    "performance": {},
    "cookies": 0,
    "topInitiators": [
        {
            "domain": "first party",
            "prevalence": 0.6060606060606061
        },
        {
            "domain": "ajax.googleapis.com",
            "prevalence": 0.2727272727272727
        },
        {
            "domain": "ismcdn.jp",
            "prevalence": 0.030303030303030304
        },
        {
            "domain": "flux-cdn.com",
            "prevalence": 0.030303030303030304
        },
        {
            "domain": "i2i.jp",
            "prevalence": 0.030303030303030304
        },
        {
            "domain": "asahicom.jp",
            "prevalence": 0.030303030303030304
        }
    ],
    "types": {
        "Script": 20
    },
    "nameservers": [
        "ns-1853.awsdns-39.co.uk",
        "ns-1161.awsdns-17.org",
        "ns-426.awsdns-53.com",
        "ns-819.awsdns-38.net"
    ]
}