{
    "domain": "helixbi.io",
    "owner": {},
    "source": [
        "DuckDuckGo-US"
    ],
    "prevalence": 0.0000408,
    "sites": 6,
    "subdomains": [
        "sdk",
        "gw"
    ],
    "cnames": [],
    "fingerprinting": 1,
    "resources": [
        {
            "rule": "helixbi\\.io\\/cd\\.js",
            "cookies": 0.0000272,
            "fingerprinting": 1,
            "subdomains": [
                "sdk"
            ],
            "apis": {
                "Date.prototype.getTime": 4,
                "Document.cookie getter": 4,
                "Document.cookie setter": 4,
                "Screen.prototype.width": 4,
                "Screen.prototype.height": 4
            },
            "sites": 4,
            "prevalence": 0.0000272,
            "cnames": [],
            "responseHashes": [
                "ff256f499b91c4ad86b6e387d8ef7f8917bb2c9b9387bbc01eae5ff14e1d14e1"
            ],
            "type": "Script",
            "firstPartyCookies": {
                "100707_ps": {
                    "ttl": 31536006,
                    "length": 190,
                    "prevalence": 0.000013614147822417056,
                    "uniqueness": 1
                },
                "100707_ss": {
                    "ttl": null,
                    "length": 15,
                    "prevalence": 0.000013614147822417056,
                    "uniqueness": 0.5
                },
                "100707_cs": {
                    "ttl": 31536006,
                    "length": 21,
                    "prevalence": 0.000013614147822417056,
                    "uniqueness": 0.5
                },
                "100773_ps": {
                    "ttl": 31536003,
                    "length": 190,
                    "prevalence": 0.000006807073911208528,
                    "uniqueness": 1
                },
                "100773_ss": {
                    "ttl": null,
                    "length": 15,
                    "prevalence": 0.000006807073911208528,
                    "uniqueness": 1
                },
                "100773_cs": {
                    "ttl": 31536003,
                    "length": 21,
                    "prevalence": 0.000006807073911208528,
                    "uniqueness": 1
                },
                "100728_ps": {
                    "ttl": 31536001,
                    "length": 190,
                    "prevalence": 0.000006807073911208528,
                    "uniqueness": 1
                },
                "100728_ss": {
                    "ttl": null,
                    "length": 15,
                    "prevalence": 0.000006807073911208528,
                    "uniqueness": 1
                },
                "100728_cs": {
                    "ttl": 31536001,
                    "length": 21,
                    "prevalence": 0.000006807073911208528,
                    "uniqueness": 1
                }
            },
            "firstPartyCookiesSent": {},
            "exampleSites": [
                "greatwolf.com",
                "www.greatwolf.com",
                "www.optavia.com",
                "www.thehartford.com"
            ]
        },
        {
            "rule": "helixbi\\.io\\/gw",
            "cookies": 0,
            "fingerprinting": 0,
            "subdomains": [
                "gw"
            ],
            "apis": {},
            "sites": 4,
            "prevalence": 0.0000272,
            "cnames": [],
            "responseHashes": [
                "10f9bfa42bb96c99729c9b2fee669803ad9c6fcd434d8d7d60a8dc8f5f7cc331"
            ],
            "type": "Image",
            "firstPartyCookies": {},
            "firstPartyCookiesSent": {},
            "exampleSites": [
                "greatwolf.com",
                "www.greatwolf.com",
                "www.optavia.com",
                "www.thehartford.com"
            ]
        }
    ],
    "categories": [],
    "performance": {},
    "cookies": 0.0000408,
    "topInitiators": [
        {
            "domain": "tiqcdn.com",
            "prevalence": 0.6666666666666666
        },
        {
            "domain": "googletagmanager.com",
            "prevalence": 0.3333333333333333
        }
    ],
    "types": {
        "Script": 4,
        "Image": 4
    },
    "nameservers": [
        "ns-962.awsdns-56.net",
        "ns-44.awsdns-05.com",
        "ns-1095.awsdns-08.org",
        "ns-2024.awsdns-61.co.uk"
    ]
}