{
    "domain": "imdserve.com",
    "owner": {},
    "source": [
        "DuckDuckGo-US"
    ],
    "prevalence": 0.000102,
    "sites": 15,
    "subdomains": [
        "related-content-production.headless"
    ],
    "cnames": [],
    "fingerprinting": 0,
    "resources": [
        {
            "rule": "imdserve\\.com\\/",
            "cookies": 0,
            "fingerprinting": 0,
            "subdomains": [
                "related-content-production.headless"
            ],
            "apis": {},
            "sites": 16,
            "prevalence": 0.000109,
            "cnames": [],
            "responseHashes": [
                "2c0e6beaedd77e0daf54389c88c2c052d7b3232dbf9aac558c1bed71608d9ec0",
                "d698e6d9b0f248f8b96f01f8edc53df840be45810fc504f4ef8b93edc9fc4bcf",
                "83032b715ae02ba68e040a02ee7280326a54962e56569ff2892cb0f9c7c98718",
                "b9d17ba8f0b6fdc111b689f9c0c7be4ed31094f621e7e00275700d0296c19b26",
                "15245d5e70001abe56e05c1ea64aa6c2a63820d851d97ad15cefbb5080e3ed6f",
                "9de191eedd98f5030f15abe5811dcb8b0c95252161ad9ac18db7f39f48db7c93",
                "56014f7d9726be14ee9f66b5c02977bf1657505c857912c95f118c6da65d0576",
                "03313c43c537d5ab110333fdbfeb565dada064b72904b75703b8e56f14819347",
                "539ac146262133f364f1d029d06ccc9221227cce0c07a07a994f28113ca02a5b",
                "c83fed2e7caf6c8849139bc8e18ee3347310b33d1fc5e6d3afa8fdfe73d89c1d",
                "951b6d59b276182d21609f602bab43856b2c6939c70a9e43022c651935ce9505",
                "d074959d60accc413dbb91327c0502083c446f4155564251ecfcf7082a9edf0e",
                "b9a7c7beb816bfa7c3775fe18a55f9c68e133bfe567ba8cdea84191a76fe3f7a",
                "2ad852892f7f7698a366327d15fc843ac17d2e69cf0d33ad9743d50923028d15",
                "da36821dcf5210ad8b5b427fba5148b13e3d93cf2929e65830f71260029ad6ba"
            ],
            "type": "Fetch",
            "firstPartyCookies": {},
            "firstPartyCookiesSent": {},
            "exampleSites": [
                "220triathlon.com",
                "www.220triathlon.com",
                "www.bbcgoodfood.com",
                "www.bikeradar.com",
                "www.classical-music.com",
                "www.countryfile.com",
                "www.discoverwildlife.com",
                "www.gardenersworld.com",
                "www.gardensillustrated.com",
                "www.gathered.how",
                "www.historyextra.com",
                "www.madeformums.com",
                "www.olivemagazine.com",
                "www.radiotimes.com",
                "www.sciencefocus.com",
                "www.skyatnightmagazine.com"
            ]
        }
    ],
    "categories": [],
    "performance": {},
    "cookies": 0,
    "topInitiators": [
        {
            "domain": "first party",
            "prevalence": 1
        }
    ],
    "types": {
        "Fetch": 16
    },
    "nameservers": [
        "ns1.imdserve.com",
        "ns2.imdserve.com",
        "ns3.imdserve.com",
        "ns4.imdserve.com",
        "ns5.imdserve.com",
        "ns6.imdserve.com"
    ]
}