{
    "domain": "impressionmedia.cz",
    "owner": {},
    "source": [
        "DuckDuckGo-US"
    ],
    "prevalence": 0.0000817,
    "sites": 12,
    "subdomains": [
        "hb"
    ],
    "cnames": [],
    "fingerprinting": 0,
    "resources": [
        {
            "rule": "impressionmedia\\.cz\\/statistics\\/bidderRequestsShortAuctionSum\\.php",
            "cookies": 0,
            "fingerprinting": 0,
            "subdomains": [
                "hb"
            ],
            "apis": {},
            "sites": 6,
            "prevalence": 0.0000408,
            "cnames": [],
            "responseHashes": [
                "7e97de9a2e25099e7c6c41c25cf4b46e20774cdc245ec5a4e8c5e87ba612f0fe",
                "a96357441fafe3f523c10634c12279951d0b8884ba0f418b7588110140c0f053",
                "b996cdc8ebd72655837eb5e7dc6926cef26e23cf35429ed4be585835e943894b",
                "8ec8085ba7fdf3a297a1397c09eb471666b640910bd05143e351d27d1272ba9a",
                "2da6dd3aba01bf8d1aebe03300ea87de229308533e8bad49f090adb048342af0"
            ],
            "type": "XHR",
            "firstPartyCookies": {},
            "firstPartyCookiesSent": {},
            "exampleSites": [
                "pisnicky-akordy.cz",
                "www.cesky-jazyk.cz",
                "www.fdb.cz",
                "www.in-pocasi.cz",
                "www.meteocentrum.cz",
                "www.toprecepty.cz"
            ]
        },
        {
            "rule": "impressionmedia\\.cz\\/statistics\\/cmpTimeout\\.php",
            "cookies": 0,
            "fingerprinting": 0,
            "subdomains": [
                "hb"
            ],
            "apis": {},
            "sites": 6,
            "prevalence": 0.0000408,
            "cnames": [],
            "responseHashes": [
                "9d3f9f2ed86d9ee99fcc9b2860ea215fd0750427270985a4f09472baf0957a4c",
                "2555de394c3ca17131ac4ed7a42013c9f3c76d92e829b7f680840994d9cd00f9",
                "56ea50d0e5a7fd039199d0e73b5becd2bf4f9d4fa3ce2c35f5aa00e2586c9086",
                "0701560ba168fda0ca9b1a6343e51ba5c3fa0afc4a951bc061d6243d353a8528",
                "1f6309a2520840b407c9f61b750d2eadf620109b193f300495697254d3bc4dd6"
            ],
            "type": "XHR",
            "firstPartyCookies": {},
            "firstPartyCookiesSent": {},
            "exampleSites": [
                "cesky-jazyk.cz",
                "www.cesky-jazyk.cz",
                "www.extra.cz",
                "www.in-pocasi.cz",
                "www.meteocentrum.cz",
                "www.toprecepty.cz"
            ]
        },
        {
            "rule": "impressionmedia\\.cz\\/statistics\\/bidsReceived\\.php",
            "cookies": 0,
            "fingerprinting": 0,
            "subdomains": [
                "hb"
            ],
            "apis": {},
            "sites": 5,
            "prevalence": 0.000034,
            "cnames": [],
            "responseHashes": [
                "36a8c43afa10b870077f6427252b3c65b5e683d571eee78e70a2ec8eb343a088",
                "e28382580d918f3cdef62784780f79543d94e0ac3a9ef23f629627022b17659b",
                "71fa64ab6ce2673e36358105415126de8f67c201ec43edee45189d14b1d7e190",
                "816a9f7ace275c1df6159415e3449d6afea50ffae554a8e47ffb150d111097d7"
            ],
            "type": "XHR",
            "firstPartyCookies": {},
            "firstPartyCookiesSent": {},
            "exampleSites": [
                "cesky-jazyk.cz",
                "www.fdb.cz",
                "www.in-pocasi.cz",
                "www.meteocentrum.cz",
                "www.toprecepty.cz"
            ]
        },
        {
            "rule": "impressionmedia\\.cz\\/statistics\\/allWithoutWon2\\.php",
            "cookies": 0,
            "fingerprinting": 0,
            "subdomains": [
                "hb"
            ],
            "apis": {},
            "sites": 2,
            "prevalence": 0.0000136,
            "cnames": [],
            "responseHashes": [
                "cb388ac41163a5aafd3bd54666030265c09b1c164142a080477d6dc736bcae2f"
            ],
            "type": "Document",
            "firstPartyCookies": {},
            "firstPartyCookiesSent": {},
            "exampleSites": [
                "extra.cz",
                "www.extra.cz"
            ]
        },
        {
            "rule": "impressionmedia\\.cz\\/statistics\\/bidsWon\\.php",
            "cookies": 0,
            "fingerprinting": 0,
            "subdomains": [
                "hb"
            ],
            "apis": {},
            "sites": 2,
            "prevalence": 0.0000136,
            "cnames": [],
            "responseHashes": [
                "a1b1a5b3792bc19738c329c1b654b44e0275a6f6c0080622031f00cee55bb0bd"
            ],
            "type": "XHR",
            "firstPartyCookies": {},
            "firstPartyCookiesSent": {},
            "exampleSites": [
                "extra.cz",
                "www.in-pocasi.cz"
            ]
        }
    ],
    "categories": [],
    "performance": {},
    "cookies": 0,
    "topInitiators": [
        {
            "domain": "jsdelivr.net",
            "prevalence": 0.9696969696969697
        },
        {
            "domain": "first party",
            "prevalence": 0.030303030303030304
        }
    ],
    "types": {
        "XHR": 19,
        "Document": 2
    },
    "nameservers": [
        "ns1.lbox.cz",
        "dns1.impressionmedia.cz"
    ]
}