{
    "domain": "incrementxserv.com",
    "owner": {},
    "source": [
        "DuckDuckGo-US"
    ],
    "prevalence": 0.00015,
    "sites": 22,
    "subdomains": [
        "banner",
        "cookie",
        "imp"
    ],
    "cnames": [],
    "fingerprinting": 3,
    "resources": [
        {
            "rule": "incrementxserv\\.com\\/scripts\\/pageads\\.js",
            "cookies": 0.000102,
            "fingerprinting": 2,
            "subdomains": [
                "banner"
            ],
            "apis": {
                "window.screenY": 15,
                "window.innerHeight": 15,
                "window.innerWidth": 15,
                "Document.cookie getter": 9,
                "window.outerWidth": 9
            },
            "sites": 15,
            "prevalence": 0.000102,
            "cnames": [],
            "responseHashes": [
                "b366b16ee53d1449658c1c7b0e6d680c7da75bd5d910a7c033429e91e61f5988",
                "a1d7918bfb0a022bfa92a6c1ded523d791b0f11394289fc98106d0e171c3577e",
                "8d3d8696c438e4a922cda81ba1b0e7fb6b5deef89728d8789a57e3173a89cb32",
                "f5249f64ce240499919e3ffcd3b4478aa0d7e5537ce1ea637d038b5e47d719df",
                "99340955146e320e4f0b8e2272c28eed70b4ff15da85797ca130c2a6a937e1d5",
                "31dccd8607ab3bd575f212ddfa5b3a5b038589cb412e914ed0629669436398a0",
                "edd63f77f3f676ccab9c06ee80cc11c914b986068a7860beb2c5f107a0872d42",
                "c0045ffc41031cac8c87ce99e9ee0e64d40e6693b594b6a98a38055d3d47803d",
                "32c6ff66bb0573976c232f587853f7570627613dbb110570a00b02fed2aef935",
                "7265e44db6927a203c43a9654afd31b638384cd6c008a980b73c4474889fb709",
                "4e610613d07ddd2af7b021f12e54310a3bf1c38c21bed5a4837d2968c8e72bc1",
                "3b01b905ef16aee0cd60c736d246416eafea3c2ae44c21fe34f459b7cb080c33",
                "c36537fc52effc3582a695a6829d1e92b023c63d002ea1d15da52604ada2df75",
                "fc4f8a06959f78ae6e1951d11da1401282c8f4f34425a3953a58e2bb7a778081"
            ],
            "type": "Script",
            "firstPartyCookies": {},
            "firstPartyCookiesSent": {},
            "exampleSites": [
                "oneindia.com",
                "hindi.oneindia.com",
                "mathrubhumi.com",
                "tamil.filmibeat.com",
                "tamil.oneindia.com",
                "telugu.oneindia.com",
                "www.24h.com.vn",
                "www.drivespark.com",
                "www.filmibeat.com",
                "www.gizbot.com",
                "www.goodreturns.in",
                "www.manilatimes.net",
                "www.mykhel.com",
                "www.nst.com.my",
                "www.oneindia.com"
            ]
        },
        {
            "rule": "incrementxserv\\.com\\/scripts\\/ad",
            "cookies": 0.000102,
            "fingerprinting": 1,
            "subdomains": [
                "banner"
            ],
            "apis": {
                "Date.prototype.getTime": 9,
                "Navigator.prototype.appVersion": 8,
                "Navigator.prototype.userAgent": 8,
                "Navigator.prototype.appName": 8
            },
            "sites": 15,
            "prevalence": 0.000102,
            "cnames": [],
            "responseHashes": [
                "88c7173df4efa1f42849597d3e1e374609e769cb2872ca74277e71be6b7f00af",
                "1e25130f4b872274fa6b55f7ede709269bf50dddf5ac54ed6adba02e59d2d5ca",
                "dde7409792c01249c26bec10c524a6ad1f8271c1fac2895677be298880a74a41",
                "a7f1610f2a071041bc4ae0d5bf62080a1b8bb94cb919cbd05d16a973844947d3",
                "f24972f9c3c14eaa8660b6d14e997b04c94bf33341f3735af2da4071bbe36b02",
                "81a0705abf726f953d8ede246fe506c6939f95fe8582c54ada232ca24e4fe6e1",
                "ebc6485ee95b5b365144f5e6a7d3e332cdba7e8411d2daa940dfbaedcfc22164",
                "1598c1a04a85ab912564509c85d79316a62db2e44c7f5b654a3dc0639b5e97b2",
                "118b4d558d52363c1342e6ce8f49988d9eabc6d1bc50cccfb839744a3e050d8a",
                "e793853f890cdae08a3cbd6ef70c70045ba590ed663b6f0542b4a81e2d532d7b",
                "43990cae4ed162cc8a9a9c4cf5d86f3e6a6d1f34db7a91d89d42a8a9d69eef84",
                "6523e2835cc1c1fde2fd74b5ffaf139e5efc4cecea58b15949f52515eb8b7c92",
                "ab2320be262eaafa5fc3a958d1b090791a64b96f3bcfa5e4765b1452e52e42ae",
                "bbfe4722e181174b6a32d23935ba19713079a2551e7c725c1d367e3d9ba85cd9"
            ],
            "type": "Script",
            "firstPartyCookies": {},
            "firstPartyCookiesSent": {
                "_li_dcdm_c": 0.00004084244346725117,
                "lotame_domain_check": 0.000020421221733625584
            },
            "exampleSites": [
                "oneindia.com",
                "hindi.oneindia.com",
                "mathrubhumi.com",
                "tamil.filmibeat.com",
                "tamil.oneindia.com",
                "telugu.oneindia.com",
                "www.24h.com.vn",
                "www.drivespark.com",
                "www.filmibeat.com",
                "www.gizbot.com",
                "www.goodreturns.in",
                "www.manilatimes.net",
                "www.mykhel.com",
                "www.nst.com.my",
                "www.oneindia.com"
            ]
        },
        {
            "rule": "incrementxserv\\.com\\/pixel\\/js\\/csync\\.js",
            "cookies": 0,
            "fingerprinting": 0,
            "subdomains": [
                "cookie"
            ],
            "apis": {},
            "sites": 15,
            "prevalence": 0.000102,
            "cnames": [],
            "responseHashes": [
                "e4f2415afd3edd4db9c6974510fcdca136a5ccd8ae630e49eb7f630836b6ba08"
            ],
            "type": "Script",
            "firstPartyCookies": {},
            "firstPartyCookiesSent": {},
            "exampleSites": [
                "oneindia.com",
                "hindi.oneindia.com",
                "mathrubhumi.com",
                "tamil.filmibeat.com",
                "tamil.oneindia.com",
                "telugu.oneindia.com",
                "www.24h.com.vn",
                "www.drivespark.com",
                "www.filmibeat.com",
                "www.gizbot.com",
                "www.goodreturns.in",
                "www.manilatimes.net",
                "www.mykhel.com",
                "www.nst.com.my",
                "www.oneindia.com"
            ]
        },
        {
            "rule": "incrementxserv\\.com\\/empty\\.gif",
            "cookies": 0,
            "fingerprinting": 0,
            "subdomains": [
                "imp"
            ],
            "apis": {},
            "sites": 15,
            "prevalence": 0.000102,
            "cnames": [],
            "responseHashes": [
                "ad1eaeafde714b48cb15678bf92e82cdcb0ba1ca559b69e376639dfbe916fd2e"
            ],
            "type": "Image",
            "firstPartyCookies": {},
            "firstPartyCookiesSent": {},
            "exampleSites": [
                "oneindia.com",
                "hindi.oneindia.com",
                "mathrubhumi.com",
                "tamil.filmibeat.com",
                "tamil.oneindia.com",
                "telugu.oneindia.com",
                "www.24h.com.vn",
                "www.drivespark.com",
                "www.filmibeat.com",
                "www.gizbot.com",
                "www.goodreturns.in",
                "www.manilatimes.net",
                "www.mykhel.com",
                "www.nst.com.my",
                "www.oneindia.com"
            ]
        },
        {
            "rule": "incrementxserv\\.com\\/pixel\\/js\\/pubmatic\\.js",
            "cookies": 0,
            "fingerprinting": 0,
            "subdomains": [
                "cookie"
            ],
            "apis": {},
            "sites": 12,
            "prevalence": 0.0000817,
            "cnames": [],