{
    "domain": "intelliad.de",
    "owner": {},
    "source": [
        "DuckDuckGo-DE"
    ],
    "prevalence": 0.000402,
    "sites": 4,
    "subdomains": [
        "t13",
        "t23"
    ],
    "cnames": [],
    "fingerprinting": 1,
    "resources": [
        {
            "rule": "intelliad\\.de\\/hfpc\\.min\\.js",
            "cookies": 0.000301,
            "fingerprinting": 1,
            "subdomains": [
                "t13"
            ],
            "apis": {
                "Document.cookie getter": 3,
                "Date.prototype.getTime": 3,
                "Document.cookie setter": 3
            },
            "sites": 3,
            "prevalence": 0.000301,
            "cnames": [],
            "responseHashes": [
                "b95aa3f47aa13e07f6874689ff02c2a7757bd71dd61177c9ebbb55508fc7bb7d"
            ],
            "type": "Script",
            "firstPartyCookies": {
                "ia-5333437323236323131303": {
                    "ttl": 2592003,
                    "length": 110,
                    "prevalence": 0.00010040160642570282,
                    "uniqueness": 1
                },
                "ia-5323435373136323131303": {
                    "ttl": 2592006,
                    "length": 110,
                    "prevalence": 0.00010040160642570282,
                    "uniqueness": 1
                },
                "ia-8333636373136323131303": {
                    "ttl": 2592004,
                    "length": 110,
                    "prevalence": 0.00010040160642570282,
                    "uniqueness": 1
                }
            },
            "firstPartyCookiesSent": {},
            "exampleSites": [
                "astroshop.de",
                "www.bankofscotland.de",
                "www.tonerpartner.de"
            ]
        },
        {
            "rule": "intelliad\\.de\\/crossdevice\\.php",
            "cookies": 0.000301,
            "fingerprinting": 0,
            "subdomains": [
                "t23"
            ],
            "apis": {},
            "sites": 3,
            "prevalence": 0.000301,
            "cnames": [],
            "responseHashes": [
                "b0190a41bddf432037e753a5559264d4b04b143a50fe037467b2d8a1f731bbde",
                "5f1258d7d2cc661e03444d9dd5584ba41ce4e26054f7527965ca76a219a0f824"
            ],
            "type": "Script",
            "firstPartyCookies": {},
            "firstPartyCookiesSent": {},
            "exampleSites": [
                "astroshop.de",
                "www.bankofscotland.de",
                "www.tonerpartner.de"
            ]
        },
        {
            "rule": "intelliad\\.de\\/bnc\\.php",
            "cookies": 0.000301,
            "fingerprinting": 0,
            "subdomains": [
                "t23"
            ],
            "apis": {},
            "sites": 3,
            "prevalence": 0.000301,
            "cnames": [],
            "responseHashes": [
                "d346801abbf9bb4e9e9a055239053d4ab5596514304f601a6c70604187acb744"
            ],
            "type": "Image",
            "firstPartyCookies": {},
            "firstPartyCookiesSent": {
                "ia-5333437323236323131303": 0.00010040160642570282,
                "ia-5323435373136323131303": 0.00010040160642570282,
                "ia-8333636373136323131303": 0.00010040160642570282
            },
            "exampleSites": [
                "astroshop.de",
                "www.bankofscotland.de",
                "www.tonerpartner.de"
            ]
        },
        {
            "rule": "intelliad\\.de\\/mct\\.php",
            "cookies": 0.000301,
            "fingerprinting": 0,
            "subdomains": [
                "t23"
            ],
            "apis": {},
            "sites": 3,
            "prevalence": 0.000301,
            "cnames": [],
            "responseHashes": [
                "d346801abbf9bb4e9e9a055239053d4ab5596514304f601a6c70604187acb744"
            ],
            "type": "Image",
            "firstPartyCookies": {},
            "firstPartyCookiesSent": {
                "ia-5333437323236323131303": 0.00010040160642570282,
                "ia-5323435373136323131303": 0.00010040160642570282,
                "ia-8333636373136323131303": 0.00010040160642570282
            },
            "exampleSites": [
                "astroshop.de",
                "www.bankofscotland.de",
                "www.tonerpartner.de"
            ]
        },
        {
            "rule": "intelliad\\.de\\/c2\\.php",
            "cookies": 0.000301,
            "fingerprinting": 0,
            "subdomains": [
                "t23"
            ],
            "apis": {},
            "sites": 3,
            "prevalence": 0.000301,
            "cnames": [],
            "responseHashes": [
                "d346801abbf9bb4e9e9a055239053d4ab5596514304f601a6c70604187acb744"
            ],
            "type": "Image",
            "firstPartyCookies": {},
            "firstPartyCookiesSent": {
                "ia-5333437323236323131303": 0.00010040160642570282,
                "ia-5323435373136323131303": 0.00010040160642570282,
                "ia-8333636373136323131303": 0.00010040160642570282
            },
            "exampleSites": [
                "astroshop.de",
                "www.bankofscotland.de",
                "www.tonerpartner.de"
            ]
        }
    ],
    "categories": [],
    "performance": {},
    "cookies": 0.000402,
    "topInitiators": [
        {
            "domain": "usercentrics.eu",
            "prevalence": 0.5
        },
        {
            "domain": "first party",
            "prevalence": 0.2
        },
        {
            "domain": "wt-safetag.com",
            "prevalence": 0.2
        },
        {
            "domain": "tiqcdn.com",
            "prevalence": 0.1
        }
    ],
    "types": {
        "Script": 6,
        "Image": 9
    },
    "nameservers": [
        "ns01.v-dns.de",
        "ns04.v-dns.de",
        "ns03.v-dns.de",
        "ns02.v-dns.de"
    ]
}