{
    "domain": "kanade-ad.net",
    "owner": {
        "name": "KYOCERA Communication Systems Co., Ltd.",
        "displayName": "KYOCERA Communication Systems"
    },
    "source": [
        "DuckDuckGo-US"
    ],
    "prevalence": 0.000116,
    "sites": 17,
    "subdomains": [
        "cf04",
        "kdex005",
        "kdex003",
        "mark001",
        "kdex004",
        "kcs"
    ],
    "cnames": [],
    "fingerprinting": 1,
    "resources": [
        {
            "rule": "kanade-ad\\.net\\/contents\\/js\\/KcDeqwasAgent-1\\.0\\.js",
            "cookies": 0,
            "fingerprinting": 1,
            "subdomains": [
                "cf04"
            ],
            "apis": {
                "Date.prototype.getTime": 9,
                "Document.cookie getter": 9
            },
            "sites": 9,
            "prevalence": 0.0000613,
            "cnames": [],
            "responseHashes": [
                "f96649121a41ab91df199da300fb69cd78a29ca7a7ee54082693a26f334640c0"
            ],
            "type": "Script",
            "firstPartyCookies": {},
            "firstPartyCookiesSent": {},
            "exampleSites": [
                "boxil.jp",
                "doda.jp",
                "en-gage.net",
                "jp.iherb.com",
                "www.agaroot.jp",
                "www.baitoru.com",
                "www.irisplaza.co.jp",
                "www.nitori-net.jp",
                "www.smbc.co.jp"
            ]
        },
        {
            "rule": "kanade-ad\\.net\\/common\\/Collection\\.aspx",
            "cookies": 0.0000749,
            "fingerprinting": 0,
            "subdomains": [
                "kdex005",
                "kdex003",
                "mark001",
                "kdex004"
            ],
            "apis": {},
            "sites": 11,
            "prevalence": 0.0000749,
            "cnames": [],
            "responseHashes": [
                "7f0fc6e06f3a7e7f88d3c7076edb913fc6749827a810b049f342bb0126432735",
                "1dc87ad6a304804be866683b6077730ee8853a2cc51fe2d3784699636816bda9",
                "5f43449d76598c4a123ab9b209adb787dc4b54e0316a535518c3d6cb140fa502",
                "0e0efe80ff468425050ce4c7c00e7833f9695b1dd09156e117fa6d1df8fc6a19",
                "070bf3c15db1c4b206b4bb66a56070e0d13d150501a114836db9b67f7eb2450c",
                "2cabf9986322325a7bff0c861e8814921bdbe1f2aa389670345dcff0bff026df",
                "81ded6f83af82a959bd1d3e2de7a735e25a60063be651386526389d186f513a5",
                "b4eca6410c5bce71f4e126f01cedbaad32a8aaaca707a49ba9f6b7444afcc4af",
                "d4ea8e7b09acfd72e49b82ed7665a8bbf71f257dc04ed43cdb1ecbc1d8ab1a9f",
                "5157aae849d3d3d4aff07036658d88347ce62e5dd43228279a113a3413e3d3d0"
            ],
            "type": "Document",
            "firstPartyCookies": {},
            "firstPartyCookiesSent": {
                "cr_job_id": 0.000006807073911208528,
                "_li_dcdm_c": 0.000006807073911208528,
                "lotame_domain_check": 0.000006807073911208528
            },
            "exampleSites": [
                "boxil.jp",
                "doda.jp",
                "en-gage.net",
                "jp.iherb.com",
                "okwave.jp",
                "store.world.co.jp",
                "www.agaroot.jp",
                "www.baitoru.com",
                "www.irisplaza.co.jp",
                "www.nitori-net.jp",
                "www.smbc.co.jp"
            ]
        },
        {
            "rule": "kanade-ad\\.net\\/js\\/rtbsync-2\\.2\\.7\\.js",
            "cookies": 0.0000476,
            "fingerprinting": 1,
            "subdomains": [
                "cf04"
            ],
            "apis": {
                "Navigator.prototype.cookieEnabled": 11,
                "Document.cookie getter": 7,
                "Document.cookie setter": 7
            },
            "sites": 11,
            "prevalence": 0.0000749,
            "cnames": [],
            "responseHashes": [
                "0f77ed00a0a2e1886c67072e904eab27e4425d20638cab6ce016967e7907f394"
            ],
            "type": "Script",
            "firstPartyCookies": {
                "deqwas_rtbsync_td": {
                    "ttl": 86400,
                    "length": 2,
                    "prevalence": 0.00004764951737845969,
                    "uniqueness": 0.14285714285714285
                },
                "deqwas_rtbsync": {
                    "ttl": 1209600,
                    "length": 2,
                    "prevalence": 0.00004764951737845969,
                    "uniqueness": 0.14285714285714285
                }
            },
            "firstPartyCookiesSent": {},
            "exampleSites": [
                "boxil.jp",
                "doda.jp",
                "en-gage.net",
                "jp.iherb.com",
                "okwave.jp",
                "store.world.co.jp",
                "www.agaroot.jp",
                "www.baitoru.com",
                "www.irisplaza.co.jp",
                "www.nitori-net.jp",
                "www.smbc.co.jp"
            ]
        },
        {
            "rule": "kanade-ad\\.net\\/RealTimeUserService\\/Collection\\.aspx",
            "cookies": 0.0000681,
            "fingerprinting": 0,
            "subdomains": [
                "kcs"
            ],
            "apis": {},
            "sites": 10,
            "prevalence": 0.0000681,
            "cnames": [],
            "responseHashes": [
                "10f9bfa42bb96c99729c9b2fee669803ad9c6fcd434d8d7d60a8dc8f5f7cc331"
            ],
            "type": "Image",
            "firstPartyCookies": {},
            "firstPartyCookiesSent": {
                "cr_job_id": 0.000006807073911208528,
                "_li_dcdm_c": 0.000006807073911208528,
                "lotame_domain_check": 0.000006807073911208528
            },
            "exampleSites": [
                "boxil.jp",
                "doda.jp",
                "en-gage.net",
                "jp.iherb.com",
                "store.world.co.jp",
                "www.agaroot.jp",
                "www.baitoru.com",
                "www.irisplaza.co.jp",
                "www.nitori-net.jp",
                "www.smbc.co.jp"
            ]
        }
    ],
    "categories": [],
    "performance": {},
    "cookies": 0.000116,
    "topInitiators": [
        {
            "domain": "deqwas.net",
            "prevalence": 0.6
        },
        {
            "domain": "first party",
            "prevalence": 0.4
        }
    ],
    "types": {
        "Script": 20,
        "Document": 11,
        "Image": 10
    },
    "nameservers": [
        "ns-1878.awsdns-42.co.uk",
        "ns-949.awsdns-54.net",
        "ns-102.awsdns-12.com",
        "ns-1380.awsdns-44.org"
    ]
}