{
    "domain": "kdmttk.com",
    "owner": {},
    "source": [
        "DuckDuckGo-US"
    ],
    "prevalence": 0.000191,
    "sites": 28,
    "subdomains": [],
    "cnames": [],
    "fingerprinting": 0,
    "resources": [
        {
            "rule": "kdmttk\\.com\\/get_data",
            "cookies": 0.0000749,
            "fingerprinting": 0,
            "subdomains": [],
            "apis": {},
            "sites": 17,
            "prevalence": 0.000116,
            "cnames": [],
            "responseHashes": [
                "2fe0659a19857fee63c279b0c5e6fa7289c0c8b233e99edd16c3c23e27e7c618",
                "e3b0c44298fc1c149afbf4c8996fb92427ae41e4649b934ca495991b7852b855",
                "8d450578591cded2c7f1ecf0790759c87e9732dec161bce635a4f4d8964aae54",
                "1227c1b8f6832d93cec1c1acc86647b01b1a57d3cde5f3e5d3fa7278433bb7e9",
                "6bb54c5d15c29368d3711f863cd504d12d64233b1b6fe77c0c2921119fcd6039",
                "043c18273dfe35f4cbe20fce39ae5f57c28925171a2498b9854a62769f80836a",
                "190af0a936f6a032208af9a441d3b8dcc4b730f4b301a1137d9b653987bd42a0",
                "168217b3f823a7c24f7f089112e51404c6c02bc25cb7981c445987b38f627a0b",
                "43a8408b78919151b15d2ea9c93448da2f0085bc0a06c97884e15299e2e5f28d",
                "4d5a23ad627c80a8b1f628ffd8c27e1e743d4806ac96b7a18f50f6067138a976",
                "bd3316f44d10e39d484556fd47268d123d2b59789751845ea5d3851b778c6ddd"
            ],
            "type": "XHR",
            "firstPartyCookies": {},
            "firstPartyCookiesSent": {},
            "exampleSites": [
                "avtika.ru",
                "cont.ws",
                "doramatv.live",
                "felomena.com",
                "fermilon.ru",
                "freesoft.ru",
                "litrekon.ru",
                "losst.pro",
                "mozaiyka.ru",
                "muzrecord.com",
                "mysmsbox.ru",
                "nardar.ru",
                "orfographia.ru",
                "proeveryday.ru",
                "tastysite.ru",
                "union-z.ru",
                "www.list-org.com"
            ]
        },
        {
            "rule": "kdmttk\\.com\\/setuid",
            "cookies": 0.0000136,
            "fingerprinting": 0,
            "subdomains": [],
            "apis": {},
            "sites": 2,
            "prevalence": 0.0000136,
            "cnames": [],
            "responseHashes": [
                "1ee70acbd3b0edaf32c0d04341fe602fb7fd51d8924cd737287696b26f0ecae3"
            ],
            "type": "Image",
            "firstPartyCookies": {},
            "firstPartyCookiesSent": {},
            "exampleSites": [
                "losst.pro",
                "orfographia.ru"
            ]
        }
    ],
    "categories": [],
    "performance": {},
    "cookies": 0.000123,
    "topInitiators": [
        {
            "domain": "yandex.ru",
            "prevalence": 1
        }
    ],
    "types": {
        "XHR": 17,
        "Image": 2
    },
    "nameservers": [
        "pns104.cloudns.net",
        "pns102.cloudns.net",
        "pns103.cloudns.net",
        "pns101.cloudns.net"
    ]
}