{
    "domain": "leadintel.io",
    "owner": {},
    "source": [
        "DuckDuckGo-AU"
    ],
    "prevalence": 0.000502,
    "sites": 5,
    "subdomains": [],
    "cnames": [],
    "fingerprinting": 0,
    "resources": [
        {
            "rule": "leadintel\\.io\\/login-check",
            "cookies": 0,
            "fingerprinting": 0,
            "subdomains": [],
            "apis": {},
            "sites": 5,
            "prevalence": 0.000502,
            "cnames": [],
            "responseHashes": [
                "92405b708e5bb0164e5423c763a1739964d8ac9ee51da38d2e45c389d4d9698b",
                "d600dd343d523908392205243c52f8cf2b09e75995a58aa265ee8009a7238506",
                "599e09a7b07d32059a3ad5c68fcf86171a253e1aa3a5faefa4f75fa7cdf553a6"
            ],
            "type": "Script",
            "firstPartyCookies": {},
            "firstPartyCookiesSent": {
                "cookies.js_dtest": 0.00020080321285140563,
                "parsely_uuid": 0.00020080321285140563,
                "dnsDisplayed": 0.00010040160642570282,
                "signedLspa": 0.00010040160642570282
            },
            "exampleSites": [
                "ybw.com",
                "www.decanter.com",
                "www.getprice.com.au",
                "www.whathifi.com",
                "www.yachtingworld.com"
            ]
        },
        {
            "rule": "leadintel\\.io\\/track",
            "cookies": 0.000502,
            "fingerprinting": 0,
            "subdomains": [],
            "apis": {},
            "sites": 5,
            "prevalence": 0.000502,
            "cnames": [],
            "responseHashes": [
                "94d1f56276787b3a305c33d4a2d77bee3f96ebae877588acdaaa4f19926cd3e7",
                "ff86779a5ed3865b1f21be86dbc6f8be0ec14c1c1fca57216ee4affb40234951",
                "51f93ab722fea27b477d0984b7ff45218d9867b0cb9e76556941a367350aa26b",
                "1ed701194494d1a2a1967ed8c130a96eb28d4bec36e075149bbd93b0c423d301"
            ],
            "type": "Script",
            "firstPartyCookies": {},
            "firstPartyCookiesSent": {
                "cookies.js_dtest": 0.00020080321285140563,
                "parsely_uuid": 0.00020080321285140563,
                "__pid": 0.00010040160642570282,
                "dnsDisplayed": 0.00010040160642570282,
                "signedLspa": 0.00010040160642570282,
                "_li_dcdm_c": 0.00010040160642570282
            },
            "exampleSites": [
                "ybw.com",
                "www.decanter.com",
                "www.getprice.com.au",
                "www.whathifi.com",
                "www.yachtingworld.com"
            ]
        }
    ],
    "categories": [],
    "performance": {},
    "cookies": 0.000502,
    "topInitiators": [
        {
            "domain": "d39ion77s0ucuz.cloudfront.net",
            "prevalence": 0.8
        },
        {
            "domain": "d4el4parm0zb3.cloudfront.net",
            "prevalence": 0.2
        }
    ],
    "types": {
        "Script": 10
    },
    "nameservers": [
        "ns-31.awsdns-03.com",
        "ns-887.awsdns-46.net",
        "ns-1508.awsdns-60.org",
        "ns-1841.awsdns-38.co.uk"
    ]
}