{
    "domain": "linkconnector.com",
    "owner": {
        "name": "LinkConnector Corporation",
        "displayName": "LinkConnector"
    },
    "source": [
        "DuckDuckGo-AU"
    ],
    "prevalence": 0.000703,
    "sites": 7,
    "subdomains": [
        "www"
    ],
    "cnames": [],
    "fingerprinting": 1,
    "resources": [
        {
            "rule": "linkconnector\\.com\\/uts_lp\\.php",
            "cookies": 0.000602,
            "fingerprinting": 1,
            "subdomains": [
                "www"
            ],
            "apis": {
                "Document.cookie getter": 6,
                "window.localStorage": 6,
                "Date.prototype.getTime": 6,
                "Document.cookie setter": 6
            },
            "sites": 6,
            "prevalence": 0.000602,
            "cnames": [],
            "responseHashes": [
                "7214ee0ed72107952ffda0653673238c7560398cad9468715b16ba7632d453f5",
                "0a6552fd828beaa304d0b5b23b325c215e93b8016a1f9a0fe36f9da9926ce827",
                "30c58efbc1ec643b5e15198a196b031ed189e57d0430d664a763826e40b63789",
                "2737262cfee0afb03733aaac1d91d77be8a4a2685eddc9f152220174e5a7d83f",
                "f1c60cb87c3abf79f96b8fe1130f48449e6dfc83f4e200f9644133b13aa7bc1b"
            ],
            "type": "Script",
            "firstPartyCookies": {
                "uts_id": {
                    "ttl": 157680008,
                    "length": 17,
                    "prevalence": 0.000502008032128514,
                    "uniqueness": 1
                },
                "LCUTS_UID_900133": {
                    "ttl": 3609,
                    "length": 6,
                    "prevalence": 0.00030120481927710846,
                    "uniqueness": 0.3333333333333333
                },
                "LCUTS_UID_901602": {
                    "ttl": 3604,
                    "length": 6,
                    "prevalence": 0.00010040160642570282,
                    "uniqueness": 1
                },
                "LCUTS_UID_901609": {
                    "ttl": 3608,
                    "length": 6,
                    "prevalence": 0.00010040160642570282,
                    "uniqueness": 1
                }
            },
            "firstPartyCookiesSent": {
                "LCUTS_UID_900133": 0.00030120481927710846,
                "LCUTS_UID_901209": 0.00010040160642570282,
                "LCUTS_UID_901602": 0.00010040160642570282,
                "LCUTS_UID_901609": 0.00010040160642570282
            },
            "exampleSites": [
                "wondershare.com",
                "mobiletrans.wondershare.com",
                "recoverit.wondershare.com",
                "www.halloweencostumes.com.au",
                "www.minitool.com",
                "www.videoproc.com"
            ]
        },
        {
            "rule": "linkconnector\\.com\\/tu\\.php",
            "cookies": 0.000301,
            "fingerprinting": 0,
            "subdomains": [
                "www"
            ],
            "apis": {},
            "sites": 3,
            "prevalence": 0.000301,
            "cnames": [],
            "responseHashes": [
                "942fa519ebb6234f59c3d8c8c66c6b2671b69364c1c31a6788f722e4baca9a94"
            ],
            "type": "Image",
            "firstPartyCookies": {},
            "firstPartyCookiesSent": {
                "_gcl_au": 0.00030120481927710846,
                "srcSite": 0.00030120481927710846,
                "_ga_24WTSJBD5B": 0.00030120481927710846,
                "_ga": 0.0006024096385542169,
                "_gid": 0.00030120481927710846,
                "_uetsid": 0.00030120481927710846,
                "_uetvid": 0.00030120481927710846,
                "IR_gbd": 0.00030120481927710846
            },
            "exampleSites": [
                "wondershare.com",
                "mobiletrans.wondershare.com",
                "recoverit.wondershare.com"
            ]
        },
        {
            "rule": "linkconnector\\.com\\/js\\/uts_uid\\.php",
            "cookies": 0.000301,
            "fingerprinting": 0,
            "subdomains": [
                "www"
            ],
            "apis": {},
            "sites": 3,
            "prevalence": 0.000301,
            "cnames": [],
            "responseHashes": [
                "942fa519ebb6234f59c3d8c8c66c6b2671b69364c1c31a6788f722e4baca9a94"
            ],
            "type": "Image",
            "firstPartyCookies": {},
            "firstPartyCookiesSent": {
                "LCUTS_UID_900133": 0.00030120481927710846
            },
            "exampleSites": [
                "wondershare.com",
                "mobiletrans.wondershare.com",
                "recoverit.wondershare.com"
            ]
        },
        {
            "rule": "linkconnector\\.com\\/uts_clickcounts\\.php",
            "cookies": 0,
            "fingerprinting": 0,
            "subdomains": [
                "www"
            ],
            "apis": {},
            "sites": 4,
            "prevalence": 0.000402,
            "cnames": [],
            "responseHashes": [
                "e3b0c44298fc1c149afbf4c8996fb92427ae41e4649b934ca495991b7852b855"
            ],
            "type": "Script",
            "firstPartyCookies": {},
            "firstPartyCookiesSent": {
                "site_initializing": 0.00010040160642570282,
                "53kf_72351991_from_host": 0.00010040160642570282,
                "LCUTS_UID_901209": 0.00010040160642570282,
                "LCUTS_UID_901602": 0.00010040160642570282,
                "LCUTS_UID_901609": 0.00010040160642570282
            },
            "exampleSites": [
                "clevguard.com",
                "www.halloweencostumes.com.au",
                "www.minitool.com",
                "www.videoproc.com"
            ]
        }
    ],
    "categories": [],
    "performance": {},
    "cookies": 0.000602,
    "topInitiators": [
        {
            "domain": "googletagmanager.com",
            "prevalence": 0.5714285714285714
        },
        {
            "domain": "first party",
            "prevalence": 0.42857142857142855
        }
    ],
    "types": {
        "Script": 10,
        "Image": 6
    },
    "nameservers": [
        "edna.ns.cloudflare.com",
        "sri.ns.cloudflare.com"
    ]
}