{
    "domain": "listhub.net",
    "owner": {
        "name": "Listhub",
        "displayName": "Listhub"
    },
    "source": [
        "DuckDuckGo-US"
    ],
    "prevalence": 0.000177,
    "sites": 26,
    "subdomains": [
        "tracking"
    ],
    "cnames": [],
    "fingerprinting": 1,
    "resources": [
        {
            "rule": "listhub\\.net\\/scripts\\/la\\.js",
            "cookies": 0.0000204,
            "fingerprinting": 1,
            "subdomains": [
                "tracking"
            ],
            "apis": {
                "Date.prototype.getTime": 1
            },
            "sites": 3,
            "prevalence": 0.0000204,
            "cnames": [],
            "responseHashes": [
                "f30bb43b08e61027329299914cca4258625fb0bfd08e87a614b1e2554492ff01",
                "c449982d97e594ee1b71acd56fef51711ddd9bf315e14c151064df2b22354c5e"
            ],
            "type": "Script",
            "firstPartyCookies": {},
            "firstPartyCookiesSent": {},
            "exampleSites": [
                "century21.com",
                "commercial.century21.com",
                "www.century21.com"
            ]
        },
        {
            "rule": "listhub\\.net\\/la\\.min\\.js",
            "cookies": 0.000102,
            "fingerprinting": 1,
            "subdomains": [
                "tracking"
            ],
            "apis": {
                "Date.prototype.getTime": 8
            },
            "sites": 15,
            "prevalence": 0.000102,
            "cnames": [],
            "responseHashes": [
                "de52023d9c15cff8ac0b6c894ffdbece9964b4b5e72e4b5a8a0a3e722244335f",
                "e739d4c11249281c505d21779e6ef2a78f543020bcd6bbfa729a7be06c2f68da",
                "0cefc3ff557474b05c492b938b6f1d1a34ae58bf0da9245eaaa6bc168e348686",
                "620d4518576787976c7b1484bcf43f53a6e589a5a481cdde13216e2fc61a49f7",
                "d2cb32d910dc24bf059e26096c04ff3239a7043aa57827ab1d599888f15d4c9b",
                "86c0c4cca34af049faf7c0178ffd0691241644f01ec2d1e2c06f9f5bb706022b",
                "f4ec48400f6e461f789c4aa80b0aa506a8deb2a3b1e1249b0acaa2cfd26ff0d0",
                "71cc9c1ba5bdad0b539c8d49687be25ecca2052918014b0bfc4f9d332ae0f11e",
                "4b5a785ac4520c4b5f2201b63bfa2e75f79ef2aca432f47667a9fbd977effc85",
                "912a0a49519d110bc920f3dc39a0b05aaad267da6f6e64e6537a5e31eeb16ae2",
                "86b274d9175b22e842b9f6d52e83bea48106300ce236c60ae4cadcbd31eecf74",
                "943ea770686d2fd92f2269026e2ba604a6f10115e5668cf9edad3e1af560507c",
                "145942d37ed2453b5bf8939bc234be5bc21335a0370a93ea36b6ba86560ba720",
                "739232a8650d6362008564e027954b6fe329f215325a02e301cdaa20d6224824"
            ],
            "type": "Script",
            "firstPartyCookies": {},
            "firstPartyCookiesSent": {},
            "exampleSites": [
                "landandfarm.com",
                "uphomes.com",
                "www.beachhouse.com",
                "www.golfhomes.com",
                "www.lakehouse.com",
                "www.land.com",
                "www.landandfarm.com",
                "www.landwatch.com",
                "www.longandfoster.com",
                "www.mercurynews.com",
                "www.mobilehome.net",
                "www.point2homes.com",
                "www.properstar.com",
                "www.realestatebook.com",
                "www.rentals.com"
            ]
        },
        {
            "rule": "listhub\\.net\\/tracker",
            "cookies": 0.0000476,
            "fingerprinting": 0,
            "subdomains": [
                "tracking"
            ],
            "apis": {},
            "sites": 7,
            "prevalence": 0.0000476,
            "cnames": [],
            "responseHashes": [
                "77b1d2c0857d4e95d4c2ae7aa0abc5aaafa6bd4581b31203d1592759c26f5c44"
            ],
            "type": "Image",
            "firstPartyCookies": {},
            "firstPartyCookiesSent": {
                "lotame_domain_check": 0.000006807073911208528
            },
            "exampleSites": [
                "uphomes.com",
                "www.century21.com",
                "www.landsearch.com",
                "www.landwatch.com",
                "www.longandfoster.com",
                "www.mobilehome.net",
                "www.rentals.com"
            ]
        },
        {
            "rule": "listhub\\.net\\/batch",
            "cookies": 0.0000272,
            "fingerprinting": 0,
            "subdomains": [
                "tracking"
            ],
            "apis": {},
            "sites": 4,
            "prevalence": 0.0000272,
            "cnames": [],
            "responseHashes": [
                "e3b0c44298fc1c149afbf4c8996fb92427ae41e4649b934ca495991b7852b855"
            ],
            "type": "XHR",
            "firstPartyCookies": {},
            "firstPartyCookiesSent": {},
            "exampleSites": [
                "beachhouse.com",
                "www.golfhomes.com",
                "www.lakehouse.com",
                "www.point2homes.com"
            ]
        }
    ],
    "categories": [],
    "performance": {},
    "cookies": 0.000177,
    "topInitiators": [
        {
            "domain": "first party",
            "prevalence": 0.8813559322033898
        },
        {
            "domain": "googletagmanager.com",
            "prevalence": 0.1016949152542373
        },
        {
            "domain": "enclosuresites.com",
            "prevalence": 0.01694915254237288
        }
    ],
    "types": {
        "Script": 18,
        "Image": 7,
        "XHR": 4
    },
    "nameservers": [
        "ns-244.awsdns-30.com",
        "ns-563.awsdns-06.net",
        "ns-1307.awsdns-35.org",
        "ns-1995.awsdns-57.co.uk"
    ]
}