{
    "domain": "listtrac.com",
    "owner": {},
    "source": [
        "DuckDuckGo-US"
    ],
    "prevalence": 0.000116,
    "sites": 17,
    "subdomains": [
        "code"
    ],
    "cnames": [],
    "fingerprinting": 1,
    "resources": [
        {
            "rule": "listtrac\\.com\\/monitor\\.ashx",
            "cookies": 0.0000817,
            "fingerprinting": 1,
            "subdomains": [
                "code"
            ],
            "apis": {
                "Date.prototype.getTime": 9,
                "Navigator.prototype.userAgent": 5
            },
            "sites": 12,
            "prevalence": 0.0000817,
            "cnames": [],
            "responseHashes": [
                "7c22c6a233d97a599895f18231c701e1e01d71f4170c71b318789bb27f2d1dcd",
                "511a2eb5e5d5f27b2dcd8b3dd15f655e5c7f033f285e5a7d8d573bccba22772d",
                "47e598d630e8a12e9ed2bdd0a638fc7fe201de177a14bec402697fd07da3f5e6",
                "38c5384a900f6c4c650c0c39bebd6ed6d934c536a5c7e93f5bf4781c07ce9154",
                "8266067604984d7ea258be4f15410042dbd352b20bd7352ebb11df26d531629c",
                "eb309ebf2dfb664d0c46df1ae4ec7f42fa2e3f8b5f8bd24aa2b3b17dd7ea6270",
                "3d2da7250c2a93ef68c19e68ec725e3c8b75913f11834f46e6656c32a32f3940",
                "9cc3eaf42513d3ed3cb562e3b509baf3f8c2f7b695f5c3dfcc37a596ad0cbfa3",
                "53dbc6893631ea4af10dee7da85c63ab40340639d79621906f736eca5d2b0bb7",
                "56253c33b7acabfadf1dc982730a965d8a2de0d38b2f3444736ffa26e6b9a1d1",
                "4ac5a1c0ef314b57c24d975b8b9df1c7c8cf4f1007ce4e643827487a6b75dadf"
            ],
            "type": "Script",
            "firstPartyCookies": {},
            "firstPartyCookiesSent": {},
            "exampleSites": [
                "century21.com",
                "commercial.century21.com",
                "www.century21.com",
                "www.christiesrealestate.com",
                "www.coldwellbanker.com",
                "www.georgiamls.com",
                "www.lakehomes.com",
                "www.land.com",
                "www.properstar.com",
                "www.remax.ca",
                "www.sothebysrealty.com",
                "www.valleymls.com"
            ]
        },
        {
            "rule": "listtrac\\.com\\/",
            "cookies": 0,
            "fingerprinting": 0,
            "subdomains": [
                "code"
            ],
            "apis": {},
            "sites": 4,
            "prevalence": 0.0000272,
            "cnames": [],
            "responseHashes": [
                "12ae32cb1ec02d01eda3581b127c1fee3b0dc53572ed6baf239721a03d82e126"
            ],
            "type": "XHR",
            "firstPartyCookies": {},
            "firstPartyCookiesSent": {},
            "exampleSites": [
                "century21.com",
                "www.coldwellbanker.com",
                "www.land.com",
                "www.remax.ca"
            ]
        }
    ],
    "categories": [],
    "performance": {},
    "cookies": 0.000116,
    "topInitiators": [
        {
            "domain": "first party",
            "prevalence": 0.4583333333333333
        },
        {
            "domain": "googletagmanager.com",
            "prevalence": 0.375
        },
        {
            "domain": "gtsstatic.net",
            "prevalence": 0.08333333333333333
        },
        {
            "domain": "static-ziprealty.com",
            "prevalence": 0.08333333333333333
        }
    ],
    "types": {
        "Script": 12,
        "XHR": 4
    },
    "nameservers": [
        "ns1-02.azure-dns.com",
        "ns2-02.azure-dns.net",
        "ns3-02.azure-dns.org",
        "ns4-02.azure-dns.info"
    ]
}