{
    "domain": "livemarketshoppers.com",
    "owner": {},
    "source": [
        "DuckDuckGo-US"
    ],
    "prevalence": 0.000238,
    "sites": 35,
    "subdomains": [
        "app",
        "hits3"
    ],
    "cnames": [],
    "fingerprinting": 1,
    "resources": [
        {
            "rule": "livemarketshoppers\\.com\\/fullthrottlelims\\.js",
            "cookies": 0.0000476,
            "fingerprinting": 1,
            "subdomains": [
                "app"
            ],
            "apis": {
                "Document.cookie getter": 7,
                "Date.prototype.getTime": 7,
                "Document.cookie setter": 7,
                "Navigator.prototype.userAgent": 7,
                "Navigator.prototype.language": 7,
                "Date.prototype.getTimezoneOffset": 7
            },
            "sites": 15,
            "prevalence": 0.000102,
            "cnames": [],
            "responseHashes": [
                "46dfc263c0455a529b8deda37f6873947fbc36dcd95283ab85aa35f80ee559ac",
                "608b1011e8a040897e482c21c5da31d42c5049ba7707a929f19681ec4d71c4ba",
                "f7436b857493faa8bb9173b7cba25212c1e1fb83545d02681d9389370eca85e2",
                "95898dc0ce8f287ba6521f1ab199c89b9c2a3f73beb72fe01faa22b23ad79e4c",
                "8d5aa16f43727349070ccca0c3ee77c97f4e0379c3472107694bad77173fac4a",
                "6ff7a6b17f2191e47de0f6b5ca0ceb1a9bc8295fcfd948757defdb5af5a4fc60",
                "d51d587db0226c4fb3c65c92cab3b2169333d8b35437fffb9e431ade1d11d92f"
            ],
            "type": "Script",
            "firstPartyCookies": {
                "fullthrottlelims_t2": {
                    "ttl": 630720003,
                    "length": 10,
                    "prevalence": 0.00004764951737845969,
                    "uniqueness": 1
                },
                "r": {
                    "ttl": 7203,
                    "length": 1,
                    "prevalence": 0.00004764951737845969,
                    "uniqueness": 0.14285714285714285
                }
            },
            "firstPartyCookiesSent": {},
            "exampleSites": [
                "alpakagear.com",
                "grasspad.com",
                "insinkerator.emerson.com",
                "mhsrv.com",
                "store.vioc.com",
                "www.alamo.edu",
                "www.americanfreight.com",
                "www.hughesfcu.org",
                "www.k12.com",
                "www.lonestar.edu",
                "www.masterspas.com",
                "www.members1st.org",
                "www.mitsubishicars.com",
                "www.vioc.com",
                "www.visitpensacola.com"
            ]
        },
        {
            "rule": "livemarketshoppers\\.com\\/fullthrottlelims_pxl\\.gif",
            "cookies": 0,
            "fingerprinting": 0,
            "subdomains": [
                "hits3"
            ],
            "apis": {},
            "sites": 10,
            "prevalence": 0.0000681,
            "cnames": [],
            "responseHashes": [
                "f4eef8263281c0b26486637831251059757bc3fdc4c3a48045a8ef8646b36e8f"
            ],
            "type": "Image",
            "firstPartyCookies": {},
            "firstPartyCookiesSent": {
                "fullthrottlelims_t2": 0.00006807073911208527
            },
            "exampleSites": [
                "grasspad.com",
                "insinkerator.emerson.com",
                "www.americanfreight.com",
                "www.annuity.org",
                "www.asbestos.com",
                "www.drugwatch.com",
                "www.hughesfcu.org",
                "www.k12.com",
                "www.mitsubishicars.com",
                "www.visitpensacola.com"
            ]
        }
    ],
    "categories": [],
    "performance": {},
    "cookies": 0.0000885,
    "topInitiators": [
        {
            "domain": "ftlaunchpad.ai",
            "prevalence": 0.42105263157894735
        },
        {
            "domain": "googletagmanager.com",
            "prevalence": 0.3157894736842105
        },
        {
            "domain": "1pdata.app",
            "prevalence": 0.15789473684210525
        },
        {
            "domain": "first party",
            "prevalence": 0.10526315789473684
        }
    ],
    "types": {
        "Script": 15,
        "Image": 10
    },
    "nameservers": [
        "ns-432.awsdns-54.com",
        "ns-1996.awsdns-57.co.uk",
        "ns-945.awsdns-54.net",
        "ns-1172.awsdns-18.org"
    ]
}