{
    "domain": "logbor.com",
    "owner": {},
    "source": [
        "DuckDuckGo-FR"
    ],
    "prevalence": 0.00121,
    "sites": 12,
    "subdomains": [
        "u"
    ],
    "cnames": [],
    "fingerprinting": 1,
    "resources": [
        {
            "rule": "logbor\\.com\\/p\\/",
            "cookies": 0.000101,
            "fingerprinting": 1,
            "subdomains": [
                "u"
            ],
            "apis": {
                "Document.cookie getter": 1,
                "window.localStorage": 1,
                "Date.prototype.getTime": 5,
                "Document.cookie setter": 1
            },
            "sites": 12,
            "prevalence": 0.00121,
            "cnames": [],
            "responseHashes": [
                "0e72daf366a8d9128a5c839b0d34f57566cf987dc675c9d47b717e5ed9255767",
                "bfe3ac55070f5c4d643ddfcab62a58b4005ba7ba707a7351779894331e345952",
                "3ce84f8ebc464e751f2e66c07be978b9e35ea39f565c08cfefc0f23285d9bea1",
                "6973aa1afca98ed143a48d76d2d432d672444b80b8d29bf72cd5a92f37f9b267",
                "e4879fe7d76f4592b72bc2d1f923e817578576fa35d5c9ad552aab179d0a33ad",
                "a3722b077117a0456b266adebc547265001f8334b1a6a6949d8e3f4c89dfa70c",
                "f9ee42f6d6e1531c278b8e000d500eadf8a754110ce8bad4174e398b805a856d",
                "20f941648c5c6770e7b43deb644c8fc18a6bf2800efc766ba61927f52fd395a7",
                "293d3486d60da4a7b13bc6a525dd6b82ec9569b0e99ef2d72c6cb225c11a9bb0",
                "517738457462527c6aeda0cada8495944355a6c9962d5a03d1f75ce473f0bd1f"
            ],
            "type": "Script",
            "firstPartyCookies": {
                "__bx": {
                    "ttl": 31536006,
                    "length": 36,
                    "prevalence": 0.0001005126143330988,
                    "uniqueness": 1
                }
            },
            "firstPartyCookiesSent": {},
            "exampleSites": [
                "20minutes.fr",
                "datascientest.com",
                "fr.eni.com",
                "fr.luko.eu",
                "ignrando.fr",
                "www.ducati.com",
                "www.easybourse.com",
                "www.efl.fr",
                "www.fram.fr",
                "www.lelo.com",
                "www.spliiit.com",
                "www.promovacances.com"
            ]
        },
        {
            "rule": "logbor\\.com\\/tcs",
            "cookies": 0,
            "fingerprinting": 0,
            "subdomains": [
                "u"
            ],
            "apis": {},
            "sites": 12,
            "prevalence": 0.00121,
            "cnames": [],
            "responseHashes": [
                "e3b0c44298fc1c149afbf4c8996fb92427ae41e4649b934ca495991b7852b855",
                "092505f28949e72992834e8eeee26f1fc49bdfa9be1deee428d638687e002ed2",
                "f6b1415ccb9a1d2d562dc83aeb0db1762fe1de64de11cc188585bd694b032f6d",
                "b20fd56abe830c44e35a22d3b9356374018136e0d719989acb2500a234033ddb",
                "ccce56b2439349dd9640e948ae605a4afc16b696823a85512b168f78e9acc405",
                "7716b058fd21a2462624a2e0c3708925f51a295b12f088ac46020d3dbc30e686"
            ],
            "type": "Script",
            "firstPartyCookies": {},
            "firstPartyCookiesSent": {},
            "exampleSites": [
                "20minutes.fr",
                "datascientest.com",
                "fr.eni.com",
                "fr.luko.eu",
                "ignrando.fr",
                "www.ducati.com",
                "www.easybourse.com",
                "www.efl.fr",
                "www.fram.fr",
                "www.lelo.com",
                "www.spliiit.com",
                "www.promovacances.com"
            ]
        }
    ],
    "categories": [],
    "performance": {},
    "cookies": 0.000101,
    "topInitiators": [
        {
            "domain": "first party",
            "prevalence": 0.5882352941176471
        },
        {
            "domain": "googletagmanager.com",
            "prevalence": 0.35294117647058826
        },
        {
            "domain": "tiqcdn.com",
            "prevalence": 0.058823529411764705
        }
    ],
    "types": {
        "Script": 24
    },
    "nameservers": [
        "ns-245-a.gandi.net",
        "ns-202-b.gandi.net",
        "ns-253-c.gandi.net"
    ]
}