{
    "domain": "mailplus.nl",
    "owner": {},
    "source": [
        "DuckDuckGo-NL"
    ],
    "prevalence": 0.00341,
    "sites": 34,
    "subdomains": [
        "static",
        "m16",
        "m19",
        "m9",
        "m18",
        "m7",
        "m5",
        "m1",
        "m3",
        "m11",
        "m17",
        "m15",
        "m6"
    ],
    "cnames": [],
    "fingerprinting": 1,
    "resources": [
        {
            "rule": "mailplus\\.nl\\/jq\\/jquery\\.validate\\.min\\.js",
            "cookies": 0,
            "fingerprinting": 0,
            "subdomains": [
                "static"
            ],
            "apis": {},
            "sites": 3,
            "prevalence": 0.000301,
            "cnames": [],
            "responseHashes": [
                "a931d758e10b5f646f42e4b1100ee31b7ce4cdf5a86d59133424b65c8802788b"
            ],
            "type": "Script",
            "firstPartyCookies": {},
            "firstPartyCookiesSent": {},
            "exampleSites": [
                "gezondnu.nl",
                "qwic.nl",
                "www.alzheimer-nederland.nl"
            ]
        },
        {
            "rule": "mailplus\\.nl\\/genericservice\\/code\\/servlet\\/React",
            "cookies": 0,
            "fingerprinting": 0,
            "subdomains": [
                "m16",
                "m19",
                "m9",
                "m18",
                "m7",
                "m5",
                "m1",
                "m3",
                "m11",
                "m17",
                "m15",
                "m6"
            ],
            "apis": {},
            "sites": 22,
            "prevalence": 0.00221,
            "cnames": [],
            "responseHashes": [
                "3bbc907fbffb3269c01bfd7f95cdf714dff2f4efde288727b714f709d03808fe",
                "5f76d428448fb8c5ad197ffdf1ecb8b967244fe845f5a2002bf5b8c91d08ac77",
                "d5eec285e23eda0c42d772ca0ee5b1c40a847b49ace545f12ca52e61231a14a6",
                "ecb787396f466488f6156d1491fe8afad900c28498b073e2a94d2d5c66d4eb46",
                "bb7d32c2d8a7f2336c677dde692aa41ef1d47cb500a43358124a41ce25f23adc",
                "65ff51c5facfce5193f7b7ffd0ab16e96f5ce5313991cd85baa946e1ceb9a23b",
                "4451bde61832efae4b163d48bf1a65b3e4784001ab716f39dd12b4d3287932a6",
                "7f772eddab6825edd1e30763e68a843b829d2554cfe0c5df7b5ef21f1ace9c8a",
                "5e2d17e08b976d5aae4343c8a88aa32e368ee072bb54fee0e5db7f1bb8fc9faf",
                "31954a53088ef30234ff0e5e86a919c269807c0174bc3bd9f604210c156b67e4",
                "13f3abe08e6672ea6c50d9f5203fda365678f37dcaaacd3661b89a86f5d04d71",
                "4555dddf6c40240ee703a0d5ccf363d0e5bfcc69ca3a24f4f5f3b170a6547a01",
                "74b9bf0711c4a727294f81a4cf15810d2c32adfeed72a23ee89838b3bad15add",
                "14021c9716575a9cf053ac4f9b01708ea2005b3cb9377b2d29df4e9a59636ae0",
                "467b3b60c89f3e6bb7604fef0ea11edc57238206c92de05627853d339746b711",
                "667cf018801c4f18a1e5e722e11f9d81d011961ab68241b9abc50761a7d1daa7",
                "27280ca78f0c603f8d267496a69f2042bfc160f1b7a653595aa2d20d9482cbe6",
                "bacb5d9f35460cd4414115655264b7579ef80618555a7e5f80bb6f7512e5e9c5",
                "73cf84a20f9ab153a84efa51d317d8863e114c1c115a622c93b4455b6a7f77e5",
                "4fab91c7ef2ef07ef150d9a20f4b43dfd502bc122b72b8bb86f66bd09b5cb0cd",
                "045b5dfc0b28cd915eca079697762b983a0651bff211ef3c5c2046550542dd14"
            ],
            "type": "Script",
            "firstPartyCookies": {},
            "firstPartyCookiesSent": {},
            "exampleSites": [
                "www.dr-jetskeultee.nl",
                "www.dirckiii.nl",
                "www.weekend-online.nl",
                "www.vriendin.nl",
                "www.diergaardeblijdorp.nl",
                "www.provinciegroningen.nl",
                "www.rotterdamthehagueairport.nl",
                "www.onlineverf.nl",
                "www.nvve.nl",
                "www.sante.nl",
                "www.dementie.nl",
                "qwic.nl",
                "hulpmiddelenwijzer.nl",
                "www.amikappers.nl",
                "www.naturescanner.nl",
                "www.tergooi.nl",
                "www.oppad.nl",
                "www.surf.nl",
                "www.alzheimer-nederland.nl",
                "gezondnu.nl"
            ]
        },
        {
            "rule": "mailplus\\.nl\\/jq\\/jquery-3\\.6\\.0\\.min\\.js",
            "cookies": 0,
            "fingerprinting": 1,
            "subdomains": [
                "static"
            ],
            "apis": {
                "Event.prototype.timeStamp": 2,
                "Element.prototype.getClientRects": 1
            },
            "sites": 4,
            "prevalence": 0.000402,
            "cnames": [],
            "responseHashes": [
                "6c5553217c782b518e313cb40a8de37438437a417df3f61e0cf020eadfd64f15"
            ],
            "type": "Script",
            "firstPartyCookies": {},
            "firstPartyCookiesSent": {},
            "exampleSites": [
                "hulpmiddelenwijzer.nl",
                "www.dr-jetskeultee.nl",
                "www.flinders.nl",
                "www.onlineverf.nl"
            ]
        },
        {
            "rule": "mailplus\\.nl\\/jq\\/jquery\\.validate\\.1\\.19\\.3\\.min\\.js",
            "cookies": 0,
            "fingerprinting": 0,
            "subdomains": [
                "static"
            ],
            "apis": {},
            "sites": 9,
            "prevalence": 0.000904,
            "cnames": [],
            "responseHashes": [
                "4c0cc637858d6503cba9262f8be75740c29e853605a153a7bde46a6e2e367eb0"
            ],
            "type": "Script",
            "firstPartyCookies": {},
            "firstPartyCookiesSent": {},
            "exampleSites": [
                "hulpmiddelenwijzer.nl",
                "www.diergaardeblijdorp.nl",
                "www.dr-jetskeultee.nl",
                "www.flinders.nl",
                "www.naturescanner.nl",
                "www.onlineverf.nl",
                "www.rotterdamthehagueairport.nl",
                "www.surf.nl",
                "www.tergooi.nl"
            ]
        },
        {
            "rule": "mailplus\\.nl\\/jq\\/ui\\/jquery-ui-1\\.12\\.1\\.custom\\.min\\.css",
            "cookies": 0,
            "fingerprinting": 0,
            "subdomains": [
                "static"
            ],
            "apis": {},
            "sites": 9,
            "prevalence": 0.000904,
            "cnames": [],
            "responseHashes": [
                "a6b1400a65e1a2239c24ff4c3cff290eb15e3e50d606333aa31d7239ca5059ee"
            ],
            "type": "Stylesheet",
            "firstPartyCookies": {},
            "firstPartyCookiesSent": {},
            "exampleSites": [
                "hulpmiddelenwijzer.nl",
                "www.alzheimer-nederland.nl",
                "www.amikappers.nl",
                "www.dirckiii.nl",
                "www.dr-jetskeultee.nl",
                "www.leraar24.nl",
                "www.onlineverf.nl",
                "www.provinciegroningen.nl",
                "www.tergooi.nl"
            ]
        },
        {
            "rule": "mailplus\\.nl\\/jq\\/ui\\/jquery-ui-1\\.12\\.1\\.custom\\.min\\.js",
            "cookies": 0,
            "fingerprinting": 1,
            "subdomains": [
                "static"
            ],
            "apis": {
                "Date.prototype.getTime": 9
            },
            "sites": 9,
            "prevalence": 0.000904,
            "cnames": [],
            "responseHashes": [
                "5949863f924f483829560aa03a378ab63fc2cd8d47967c05b4b928ac2d05727b"
            ],
            "type": "Script",
            "firstPartyCookies": {},
            "firstPartyCookiesSent": {},