{
    "domain": "mcppsh.com",
    "owner": {},
    "source": [
        "DuckDuckGo-AU"
    ],
    "prevalence": 0.0011,
    "sites": 11,
    "subdomains": [],
    "cnames": [],
    "fingerprinting": 0,
    "resources": [
        {
            "rule": "mcppsh\\.com\\/get\\/",
            "cookies": 0,
            "fingerprinting": 0,
            "subdomains": [],
            "apis": {},
            "sites": 11,
            "prevalence": 0.0011,
            "cnames": [],
            "responseHashes": [
                "9bbe7329498aa7cc2d78ef0e28c1bd76b6ab3d8c0d66a351efdf259c004ad87c",
                "a0b98ac9de4eb6ac4a73a4b15eace6a8f91c62e90637b61b67738b086cbcbc60",
                "da4b11208c853900114b6decd8bc5ad9342709e839a26ca1add4905cba03b9a1",
                "b47cfd0a596924ee51039fe1939015935e5ff6796514cf2ce2753d7e8d048f70",
                "4dc7ba8a3568b705aa4c818e082b93dd4e3ef5af33a4b92d8037d3b61761c57e",
                "6c67e505d46072da715c3b79576ec77972f0b180811f943baf09fdbf22febd8e",
                "b98639a05d5d98d0437e3527289617d4b20cab535dea8b0af90c4c1a1ad523db",
                "86c92d0d7622d3fc5b504111d34ad1fcc418f173f0fc1ba7e377a37ae01c8de2",
                "85bf635e2e5e9186be05fdfed1fab3da11b746b22c497624abda6fdb2b32a0a8",
                "dfbb93098f03b2dccee527a2fe21b915547b45a79d655fd09dba0a82362cef58"
            ],
            "type": "Fetch",
            "firstPartyCookies": {},
            "firstPartyCookiesSent": {},
            "exampleSites": [
                "bestgore.fun",
                "chaturflix.cam",
                "hdzog.com",
                "tubepornclassic.com",
                "txxx.com",
                "upornia.com",
                "vjav.com",
                "voyeurhit.com",
                "watchporn.to",
                "www.pornhits.com",
                "youngtube.tw"
            ]
        }
    ],
    "categories": [],
    "performance": {},
    "cookies": 0,
    "topInitiators": [
        {
            "domain": "first party",
            "prevalence": 0.7272727272727273
        },
        {
            "domain": "6ce0a3adc4.com",
            "prevalence": 0.18181818181818182
        },
        {
            "domain": "capndr.com",
            "prevalence": 0.09090909090909091
        }
    ],
    "types": {
        "Fetch": 11
    },
    "nameservers": [
        "ns1.digitalocean.com",
        "ns2.digitalocean.com",
        "ns3.digitalocean.com"
    ]
}