{
    "domain": "mediaweaver.jp",
    "owner": {
        "name": "Japan Business Press Co.,Ltd.",
        "displayName": "Japan Business Press"
    },
    "source": [
        "DuckDuckGo-US"
    ],
    "prevalence": 0.0000681,
    "sites": 10,
    "subdomains": [],
    "cnames": [],
    "fingerprinting": 1,
    "resources": [
        {
            "rule": "mediaweaver\\.jp\\/oo\\/uu\\/ua\\.cgi",
            "cookies": 0.000034,
            "fingerprinting": 1,
            "subdomains": [],
            "apis": {
                "Date.prototype.getTime": 5,
                "Document.cookie setter": 5
            },
            "sites": 5,
            "prevalence": 0.000034,
            "cnames": [],
            "responseHashes": [
                "5c655bce6e7a99d9759240ed4cafce4629ad7543dfa8ac4044f46a3d23c30924",
                "f9fba29b211bec737ab449ede1be5601c381411e21e152e1a4e8c726c12878d4",
                "1203879b44d684c8bdf370edcbb1fde821f19aa5a0524a00dd393fc9ead437bb",
                "594be0090a6586e064d0ae0a6f1be725aeeb3b0c1959a494e75830f0d47f20d6"
            ],
            "type": "Script",
            "firstPartyCookies": {
                "ismua": {
                    "ttl": 63072007,
                    "length": 36,
                    "prevalence": 0.00003403536955604264,
                    "uniqueness": 1
                }
            },
            "firstPartyCookiesSent": {},
            "exampleSites": [
                "gendai.media",
                "jbpress.ismedia.jp",
                "president.jp",
                "toyokeizai.net",
                "www.jprime.jp"
            ]
        },
        {
            "rule": "mediaweaver\\.jp\\/oo\\/uu\\/cl\\.cgi",
            "cookies": 0,
            "fingerprinting": 0,
            "subdomains": [],
            "apis": {},
            "sites": 5,
            "prevalence": 0.000034,
            "cnames": [],
            "responseHashes": [
                "acaacd897143794c06855d6a49bd5eac522dbcfe63bbb48d3cdc9b7a0a19eec9",
                "dba68372834951f0af9bbbc462d2967fe7fb5a60523466ba929720f378ca5a47",
                "569454759e6126c1410f7309a7f30e8c0e6f8671f91cdb52c1ea73cdda863131",
                "f944474f52644de8608a419a50c9985d276f4cb9f391c7bea1ac55cf4a735329"
            ],
            "type": "Script",
            "firstPartyCookies": {},
            "firstPartyCookiesSent": {},
            "exampleSites": [
                "gendai.media",
                "jbpress.ismedia.jp",
                "president.jp",
                "toyokeizai.net",
                "www.jprime.jp"
            ]
        }
    ],
    "categories": [],
    "performance": {},
    "cookies": 0.0000681,
    "topInitiators": [
        {
            "domain": "first party",
            "prevalence": 1
        }
    ],
    "types": {
        "Script": 10
    },
    "nameservers": [
        "ns001-j2i4709tos6e4lah.j.d-53.info",
        "ns001-j2i4709tos6e4lah.j.d-53.net",
        "ns001-j2i4709tos6e4lah.j.d-53.jp"
    ]
}