{
    "domain": "minutemedia-prebid.com",
    "owner": {},
    "source": [
        "DuckDuckGo-AU"
    ],
    "prevalence": 0.00994,
    "sites": 99,
    "subdomains": [
        "cs-rtb",
        "hb",
        "cs"
    ],
    "cnames": [],
    "fingerprinting": 0,
    "resources": [
        {
            "rule": "minutemedia-prebid\\.com\\/sync-iframe",
            "cookies": 0.00552,
            "fingerprinting": 0,
            "subdomains": [
                "cs-rtb"
            ],
            "apis": {},
            "sites": 60,
            "prevalence": 0.00602,
            "cnames": [],
            "responseHashes": [
                "617796652fff7572d9687e45934cbac9a4f0871a68b0f39578033210af087325",
                "b55774eefb6da57bdfe98cae6a3e85a8fecb456a3f2ca6ed51899ada660a4777",
                "7d851d1f3e538af3f553e98055d78380cb04aa21c0577d0958e4fe8fb4253a0d",
                "2bd95932e9dc27a08e8fe244bc8f23d3f3d2797aff7f6ed54ff00a8d5b30a5cf",
                "131c948f1b9bf583c7970d22803dbd27a676b18b15aa99f0871205a765d6d432",
                "956247ec9a96687add5f40bca92e333dd4634f910656c84f1b2762eb008f4322",
                "05d53e9044eaa7e1e5c4349a3cc68a3f1919955fd4d18a30a9eeb24dbc792356",
                "47d5b832a66cf2495aa0b998cedb9fbdfb195280e8d69d5668bb18bc08267844",
                "28945486d2b16ef9a43d6dc3370d7015760e42d3de1fab0109dbdfa7eda7a04c",
                "6b8f0e6ffd10de2c1980838155c2256eddfd1d1f776aefa76eba82d7b5e3f831",
                "860284f0a7a0ef7d2e0f934407b4185f58fe8eb99b92056ed2907fe4349ae405",
                "9ef8d875ad2a813040b15e0097c501f0e7c19a785304b947ff264ff72acd655d",
                "129fcf83d1ac307880ca61307f8bac7967305047ea3253f7015318499b5ed548",
                "b377146fdea3f9f5296682684b1635bf8fd744243b8c3c312bd0bb1d1f21b50c",
                "0f8997ec0245e02c3b194fa59ad70888b960b3d742157cd11227d302448ce274",
                "eb322fe169d738cc8d769f6b41a2526069a50616b9258e133faf13d7ac5190d9",
                "2ed236880f9415259756e7d41c55693f16bbe091539f6a3685a633446cd98072",
                "2a41134708baed4be9f869fe29aa1396d96d2fb7d489c1cd4af6c8a14330e3af",
                "436cc1399e003bc3db51ef0c1e1dbcbbf8a159de1e993c3f405b7af826aa339a",
                "e0dea2640e3258f6cbd6ed8e15dfcc311f6a854ae5998fa7173262178240ce9f",
                "1971189596bd773ee1ac7c8290fa5411b6381bb3db72f25a367bb08481b4d484",
                "af51a6953cfed3e0cf56ddfde043c3d3f0100f47021db277eaf00e3414e6167b",
                "0c9cbe760d08b79c48729f7ef2793d9ad0ae30f882aa6b8ac6c78231837d2788",
                "9e64f208084da5c8df9ce47fd4d9e8aa4826d68aeb71eb3a9dbb06d96767d5be",
                "83589cb842d3ebaeac2851fa81c1c41d89682c755f602e8a8d4c9ac341ab7fb5",
                "e9f82c4b928008c0eda71c70e5b7e6825f88c2b3bb0047049268edf37e92b32d"
            ],
            "type": "Document",
            "firstPartyCookies": {},
            "firstPartyCookiesSent": {},
            "exampleSites": [
                "biblehub.com",
                "cplusplus.com",
                "www.speedtest.net",
                "www.techwalla.com",
                "www.pinkvilla.com",
                "discord.me",
                "demon-fall.fandom.com",
                "www.smogon.com",
                "wiggles.fandom.com",
                "framed.wtf",
                "www.psu.com",
                "www.mumsnet.com",
                "wh40k.lexicanum.com",
                "www.whosampled.com",
                "letterboxd.com",
                "minecraft.fandom.com",
                "www.furaffinity.net",
                "www.mtggoldfish.com",
                "notices.nzherald.co.nz",
                "oldschool.runescape.wiki"
            ]
        },
        {
            "rule": "minutemedia-prebid\\.com\\/hb-mm-multi",
            "cookies": 0,
            "fingerprinting": 0,
            "subdomains": [
                "hb"
            ],
            "apis": {},
            "sites": 43,
            "prevalence": 0.00432,
            "cnames": [],
            "responseHashes": [
                "3714579e9bb7674e05c267952e164234db217205f56799fa753e704baf5f16c0",
                "620729b684666d06ec2a5f8786d20b05e1de98dce743ae44fe8827d09fd20e78",
                "988cc30531d2345d002de375aecb4200190279869838ef3b7f6352caf376dd0c",
                "c6c99e8ecf1be79d6dc77a670d31b73dd0824393de73c934b53ae7c7a9f8a59c",
                "03cd88b013c131ffed5e5ae5c1b0ee54fbfd9c1a93adceed0a423ab8e307ada2",
                "9044917033d18eecbc604ec26f4bfab8171ee1ce6a720ca1862ea3e3a55e4c87",
                "bcff026ff207722d8df4c67ec5aeb3cac817fff2d50f8fd6e101ff1ec7d4c4d3",
                "eb0045550a54126e5dc0774755e635f4056151c968efbec88493b2f17e614f5c",
                "ee961dcf806ab04a0ebfb4638cbd24635fe4e5dc7b319904b764f9483cc5bb04",
                "a0d347971682062c17c4be4767572cbeea0cecdd43c853a7bb3b1642dd2f5157",
                "76c43bd90cfbad7a8649c911aa02d8887c2fb20e9b2448e2a0ca28fa82af28fb",
                "f3b2828930f939d7c01fae96ca57e8dc501b66c0afe19e22b764ee80dc5af089",
                "2a301ec1f779f570364868231d4a9dce199f127219decb69fa607ab2f7ad1aaf",
                "66fdce122e900656bd5a0af2e45eb5c46ad7c2fe8c89bef509b39d9c018f4134",
                "8f0a8c30de9737dde3d4b23dbcbbf03b58ee89ac9b9e96027412550ca422d8ad",
                "1b94443f756ec1e1040a867918ee921819e5434854e11d742eae547a62c62790",
                "8d7a0ee94ae66e24e2d3afdddd46bc9a56680cf4cc7619859b4b3bd7e54e7922",
                "ee0f725a48c0e662607bbcd2d6fe380ce70705dd2dd3a8d0f4b7b7d094ab4c41",
                "7292df4b77e605a2fcec050a414bd26f023c6be71f49898db96f7d6ddeb8db04",
                "e21b5c05915709786836f5feed34f8e22754eb31c1eeb96ccfb6fc8abb2d1ad2",
                "968fe5ea65cabdacb579dcf394471974a88e43d1680fa190a87b8beccfafe7b2",
                "0afc0853c306d8e51cc4c37f6b1d2b8c180d0aa46aca997e9a4a3edc46f0684d",
                "d9aabe3ba83acbdf8a55ef0605283637514405193bc1be3f1abe8105dc528eca",
                "edcaeb12266a597df7fac2f160bfe61b328340b454044f5d820530551d4ded89",
                "ad670ba6c23608f19956f3ccac4b6ddb5f54972b2261e0ccca3683ded747f1be",
                "a01d33d71aa3702a3e021c6afbf5e45bdee90b8ef830f331bdc7003db5aa4563",
                "74234bf2ee650632644cd2b5cc8bab47344ca285e7023bd290365424b7eec2d9",
                "f3218023ca39fef2112fae3c7df30aa3f9942e49561a3ad7e23bab8b02c822c1",
                "31a8cefb57240074ecb2f40966c17ecd3cf313dbd6529fb26d64a3d5927a2509"
            ],
            "type": "XHR",
            "firstPartyCookies": {},
            "firstPartyCookiesSent": {},
            "exampleSites": [
                "community.spiceworks.com",
                "www.dailydot.com",
                "www.drugs.com",
                "www.makeuseof.com",
                "www.mapsofworld.com",
                "www.xda-developers.com",
                "loudwire.com",
                "insideevs.com",
                "hiddenremote.com",
                "ftw.usatoday.com",
                "netflixlife.com",
                "www.thetravel.com",
                "framed.wtf",
                "www.koreaboo.com",
                "www.dexerto.com",
                "www.nba.com",
                "perezhilton.com",
                "www.jpost.com",
                "exceljet.net",
                "www.timesofisrael.com"
            ]
        },
        {
            "rule": "minutemedia-prebid\\.com\\/cs",
            "cookies": 0,
            "fingerprinting": 0,
            "subdomains": [
                "cs"
            ],
            "apis": {},
            "sites": 24,
            "prevalence": 0.00241,
            "cnames": [],
            "responseHashes": [
                "e3b0c44298fc1c149afbf4c8996fb92427ae41e4649b934ca495991b7852b855"
            ],
            "type": "Image",
            "firstPartyCookies": {},
            "firstPartyCookiesSent": {},