{
    "domain": "mobylog.jp",
    "owner": {},
    "source": [
        "DuckDuckGo-US"
    ],
    "prevalence": 0.0000681,
    "sites": 10,
    "subdomains": [
        "log1"
    ],
    "cnames": [],
    "fingerprinting": 1,
    "resources": [
        {
            "rule": "mobylog\\.jp\\/_tag_mobylog\\.js",
            "cookies": 0.000034,
            "fingerprinting": 1,
            "subdomains": [
                "log1"
            ],
            "apis": {
                "Document.cookie getter": 6,
                "window.localStorage": 6,
                "Date.prototype.getTime": 5,
                "Document.cookie setter": 5
            },
            "sites": 6,
            "prevalence": 0.0000408,
            "cnames": [],
            "responseHashes": [
                "38dc89af49acb6da098700209be4f3d9ee91e2a305d56668b44be121289b67eb"
            ],
            "type": "Script",
            "firstPartyCookies": {
                "MOBYLOGTracking_Params_u_500575": {
                    "ttl": 157680008,
                    "length": 40,
                    "prevalence": 0.000006807073911208528,
                    "uniqueness": 1
                },
                "MOBYLOGTracking_Params_t_500575": {
                    "ttl": 1808,
                    "length": 40,
                    "prevalence": 0.000006807073911208528,
                    "uniqueness": 1
                },
                "MOBYLOG_ra_500575": {
                    "ttl": 157680008,
                    "length": 1,
                    "prevalence": 0.000006807073911208528,
                    "uniqueness": 1
                },
                "MOBYLOG_sv_500575": {
                    "ttl": null,
                    "length": 16,
                    "prevalence": 0.000006807073911208528,
                    "uniqueness": 1
                },
                "MOBYLOGTracking_Params_u_500738": {
                    "ttl": 157680014,
                    "length": 40,
                    "prevalence": 0.000006807073911208528,
                    "uniqueness": 1
                },
                "MOBYLOGTracking_Params_t_500738": {
                    "ttl": 1814,
                    "length": 40,
                    "prevalence": 0.000006807073911208528,
                    "uniqueness": 1
                },
                "MOBYLOG_ra_500738": {
                    "ttl": 157680015,
                    "length": 1,
                    "prevalence": 0.000006807073911208528,
                    "uniqueness": 1
                },
                "MOBYLOG_sv_500738": {
                    "ttl": null,
                    "length": 16,
                    "prevalence": 0.000006807073911208528,
                    "uniqueness": 1
                },
                "MOBYLOGTracking_Params_u_500789": {
                    "ttl": 157680007,
                    "length": 40,
                    "prevalence": 0.000006807073911208528,
                    "uniqueness": 1
                },
                "MOBYLOGTracking_Params_t_500789": {
                    "ttl": 1807,
                    "length": 40,
                    "prevalence": 0.000006807073911208528,
                    "uniqueness": 1
                },
                "MOBYLOG_ra_500789": {
                    "ttl": 157680007,
                    "length": 1,
                    "prevalence": 0.000006807073911208528,
                    "uniqueness": 1
                },
                "MOBYLOG_sv_500789": {
                    "ttl": null,
                    "length": 16,
                    "prevalence": 0.000006807073911208528,
                    "uniqueness": 1
                },
                "MOBYLOGTracking_Params_u_500293": {
                    "ttl": 157680008,
                    "length": 40,
                    "prevalence": 0.000006807073911208528,
                    "uniqueness": 1
                },
                "MOBYLOGTracking_Params_t_500293": {
                    "ttl": 1808,
                    "length": 40,
                    "prevalence": 0.000006807073911208528,
                    "uniqueness": 1
                },
                "MOBYLOG_ra_500293": {
                    "ttl": 157680008,
                    "length": 1,
                    "prevalence": 0.000006807073911208528,
                    "uniqueness": 1
                },
                "MOBYLOG_sv_500293": {
                    "ttl": null,
                    "length": 16,
                    "prevalence": 0.000006807073911208528,
                    "uniqueness": 1
                }
            },
            "firstPartyCookiesSent": {},
            "exampleSites": [
                "rekordbox.com",
                "www.able.co.jp",
                "www.bellemaison.jp",
                "www.digimart.net",
                "www.kaldi.co.jp",
                "www.suntory-kenko.com"
            ]
        },
        {
            "rule": "mobylog\\.jp\\/xd_plugin\\.js",
            "cookies": 0.00000681,
            "fingerprinting": 1,
            "subdomains": [
                "log1"
            ],
            "apis": {
                "Document.cookie setter": 1
            },
            "sites": 5,
            "prevalence": 0.000034,
            "cnames": [],
            "responseHashes": [
                "4e1488b19c8d0171b04df424d4d001d285105acfcca1be665d3c356a4d55ac5e"
            ],
            "type": "Script",
            "firstPartyCookies": {
                "xdLoginStatus": {
                    "ttl": -1681888614,
                    "length": 1,
                    "prevalence": 0.000006807073911208528,
                    "uniqueness": 1
                }
            },
            "firstPartyCookiesSent": {},
            "exampleSites": [
                "rekordbox.com",
                "www.bellemaison.jp",
                "www.digimart.net",
                "www.kaldi.co.jp",
                "www.suntory-kenko.com"
            ]
        },
        {
            "rule": "mobylog\\.jp\\/msb\\.php",
            "cookies": 0,
            "fingerprinting": 0,
            "subdomains": [
                "log1"
            ],
            "apis": {},
            "sites": 4,
            "prevalence": 0.0000272,
            "cnames": [],
            "responseHashes": [
                "3b9ce17b83a191c7a87647a945a6c997dce0c2692f3601f95cd7166c0a2b96e5",
                "05ce4d6c72d621154a7fb4ea00a3c0873be388d7fcc4efe2beee024312732132",
                "5ca111d28ee70164c8456e0a7e016ca563c895efcb31d102198f81f641524852"
            ],
            "type": "Script",
            "firstPartyCookies": {},
            "firstPartyCookiesSent": {},
            "exampleSites": [
                "rekordbox.com",
                "www.digimart.net",
                "www.kaldi.co.jp",
                "www.suntory-kenko.com"
            ]
        },
        {
            "rule": "mobylog\\.jp\\/dot\\.php",
            "cookies": 0.000034,
            "fingerprinting": 0,
            "subdomains": [
                "log1"
            ],
            "apis": {},
            "sites": 5,
            "prevalence": 0.000034,
            "cnames": [],
            "responseHashes": [
                "25479a250fbceb448aa566218c2098a0c371bc72d8bb65023b4a019a6a0b04c1"
            ],
            "type": "Image",
            "firstPartyCookies": {},
            "firstPartyCookiesSent": {},
            "exampleSites": [
                "rekordbox.com",
                "www.able.co.jp",
                "www.digimart.net",
                "www.kaldi.co.jp",
                "www.suntory-kenko.com"
            ]
        },
        {
            "rule": "mobylog\\.jp\\/__xdtc\\/500437\\.js",
            "cookies": 0,
            "fingerprinting": 1,
            "subdomains": [
                "log1"
            ],
            "apis": {
                "Document.cookie getter": 2,
                "window.localStorage": 2
            },