{
    "domain": "mountain.com",
    "owner": {
        "name": "Mountain Digital, Inc.",
        "displayName": "Mountain Digital"
    },
    "source": [
        "DuckDuckGo-AU"
    ],
    "prevalence": 0.000904,
    "sites": 9,
    "subdomains": [
        "dx",
        "px",
        "gs"
    ],
    "cnames": [],
    "fingerprinting": 1,
    "resources": [
        {
            "rule": "mountain\\.com\\/spx",
            "cookies": 0,
            "fingerprinting": 1,
            "subdomains": [
                "dx"
            ],
            "apis": {
                "Document.cookie getter": 6
            },
            "sites": 8,
            "prevalence": 0.000803,
            "cnames": [],
            "responseHashes": [
                "7ec538c89be82f1c7105d742849a644b5436696e09a58a6ec3b3ae5d4e9fccad",
                "8be9a493ba6f13d184ce66f434d1840551e790d17043398069262e57ff7db568",
                "17394163554867a3d41340c24b770390239a117cca8564a89d498efba6af325d",
                "3353ef703e4a5d30193c4dff3324e85a00c4f58794bc49825aec3d112fd4d11c",
                "906deb0a22bca8e9d9d9aa7e7dc7c21740cbde17acade434fc3dee8c7728ab4b",
                "4181e7bc74c02af079580589a4d8fd8fe588ac0008c7d2764daeb710d078fe64",
                "50fb800f5caeaf4aeaa711b9dcc59f114024fce25acf86bf1307f7180bf16144"
            ],
            "type": "Script",
            "firstPartyCookies": {},
            "firstPartyCookiesSent": {
                "gpv_pn": 0.00010040160642570282
            },
            "exampleSites": [
                "bitwarden.com",
                "food52.com",
                "www.fijiairways.com",
                "www.fortinet.com",
                "www.hipcamp.com",
                "www.plannedparenthood.org",
                "www.polarpro.com",
                "www.wiley.com"
            ]
        },
        {
            "rule": "mountain\\.com\\/st",
            "cookies": 0.000803,
            "fingerprinting": 0,
            "subdomains": [
                "px"
            ],
            "apis": {},
            "sites": 8,
            "prevalence": 0.000803,
            "cnames": [],
            "responseHashes": [
                "927f113d5f6198854e64a4f10fa4cf9545b0553452499c7cd73401438fd11298",
                "a4ecb4fd8c2f100870c54034e280fa72cd4787ac503c6c3f393540feb38d6d7a",
                "bfa9b6c5fe80932c439c4adcd2890536456f24c184c2ea67d7d52bebc4813352",
                "bca83567fb1c9a6aa9503e03a138bae5f2534ea7394fca07d444e3e8e97d8fe2",
                "f6b7d208af6d9dcbd4e97decb77bf5c648104df7e7d0bfa0af4d1070db86dd50",
                "eb669402ea9e030de46c66a16190a8fdc83a3f850b57aeda4d438359fb19be72",
                "1cb114d3ef27cc28ef775b3a75f13154ecc0807b22622dd6837a9ad32abaae40"
            ],
            "type": "Script",
            "firstPartyCookies": {},
            "firstPartyCookiesSent": {
                "_ga": 0.0007028112449799197,
                "reference": 0.00010040160642570282,
                "gpv_pn": 0.00010040160642570282
            },
            "exampleSites": [
                "bitwarden.com",
                "food52.com",
                "www.fijiairways.com",
                "www.fortinet.com",
                "www.hipcamp.com",
                "www.plannedparenthood.org",
                "www.polarpro.com",
                "www.wiley.com"
            ]
        },
        {
            "rule": "mountain\\.com\\/gs",
            "cookies": 0,
            "fingerprinting": 0,
            "subdomains": [
                "gs"
            ],
            "apis": {},
            "sites": 8,
            "prevalence": 0.000803,
            "cnames": [],
            "responseHashes": [
                "d220d798cbbc6eb97ef4c2b5baa5bf6141bfe443d6f5c24acbde37482e2bcf69",
                "b62503b96b73405f80574f79f34282fe83c573da1fd1b9bc4b4affc9f5bdfeb6",
                "a75ab6d021582b07989afe4e6f760723de4a6d024c057430e6afefb8664f268a",
                "2d2a7bd31ca74b1291315bf2122282569d204438b3ab9776c6ce8835c7748543",
                "8d8bf4b1232fa041ac4671662038c821de5e5ec899a515f2a618965b57671a10",
                "6306e71975abf363e1ad0f37360aa601ad94291e529df627af6b72c9fe45d827"
            ],
            "type": "Script",
            "firstPartyCookies": {},
            "firstPartyCookiesSent": {},
            "exampleSites": [
                "bitwarden.com",
                "food52.com",
                "www.fijiairways.com",
                "www.fortinet.com",
                "www.hipcamp.com",
                "www.plannedparenthood.org",
                "www.polarpro.com",
                "www.wiley.com"
            ]
        }
    ],
    "categories": [],
    "performance": {},
    "cookies": 0.000904,
    "topInitiators": [
        {
            "domain": "first party",
            "prevalence": 0.4166666666666667
        },
        {
            "domain": "osano.com",
            "prevalence": 0.3333333333333333
        },
        {
            "domain": "transcend.io",
            "prevalence": 0.125
        },
        {
            "domain": "googletagmanager.com",
            "prevalence": 0.08333333333333333
        },
        {
            "domain": "adobedtm.com",
            "prevalence": 0.041666666666666664
        }
    ],
    "types": {
        "Script": 24
    },
    "nameservers": [
        "ns-845.awsdns-41.net",
        "ns-1916.awsdns-47.co.uk",
        "ns-1508.awsdns-60.org",
        "ns-116.awsdns-14.com"
    ]
}