{
    "domain": "mrf.io",
    "owner": {
        "name": "Marfeel Solutions, S.L.",
        "displayName": "Marfeel"
    },
    "source": [
        "DuckDuckGo-AU"
    ],
    "prevalence": 0.00131,
    "sites": 13,
    "subdomains": [
        "sdk",
        "marfeelexperimentsexperienceengine"
    ],
    "cnames": [],
    "fingerprinting": 1,
    "resources": [
        {
            "rule": "mrf\\.io\\/statics\\/marfeel-sdk\\.js",
            "cookies": 0.000904,
            "fingerprinting": 1,
            "subdomains": [
                "sdk"
            ],
            "apis": {
                "window.localStorage": 13,
                "Navigator.prototype.userAgent": 13,
                "window.sessionStorage": 13,
                "Document.cookie getter": 13,
                "Date.prototype.getTime": 13,
                "Document.cookie setter": 9,
                "window.innerHeight": 1,
                "window.innerWidth": 1
            },
            "sites": 13,
            "prevalence": 0.00131,
            "cnames": [],
            "responseHashes": [
                "6a9fe5fc12a4435f95274d0467bf1fa973818eba4d05426ccf210ff2cdcdedc9",
                "57452ae9fe64af93ddfc931d30275842dfabd503cab816b9b3e5713002aaf137",
                "993eca4a1ef0d4e2ee7d05ac5d48881a29c1ee72b2b6f1b51d4daa95753a3842",
                "785b962394205133e305d440b8347fa43140009580d7e5e365de5e2107241117",
                "1aeb5791eadb155b2d095640b64bd2a3e2ea015614199a70efb217d44775371a",
                "bb6247f496de021e592366711d16a7a689440faef3510a7b1e31ef3ddb5098c1",
                "b0419b718c852d980def60313cc89b774104107f9e5666aba9bca0d44beaf509",
                "54a35cef837e673c4505a8f834f694167ecbfbc85c1ac6b2efa73e7d8b4c3196"
            ],
            "type": "Script",
            "firstPartyCookies": {
                "___nrbic": {
                    "ttl": null,
                    "length": 315,
                    "prevalence": 0.0009036144578313253,
                    "uniqueness": 1
                },
                "___nrbi": {
                    "ttl": 15811211,
                    "length": 189,
                    "prevalence": 0.0009036144578313253,
                    "uniqueness": 1
                },
                "compass_uid": {
                    "ttl": 15811211,
                    "length": 36,
                    "prevalence": 0.0009036144578313253,
                    "uniqueness": 1
                }
            },
            "firstPartyCookiesSent": {},
            "exampleSites": [
                "cleantechnica.com",
                "heavy.com",
                "interestingengineering.com",
                "steptohealth.com",
                "techcrunch.com",
                "www.bizpacreview.com",
                "www.ghacks.net",
                "www.ginx.tv",
                "www.komando.com",
                "www.marca.com",
                "www.netmums.com",
                "www.newstatesman.com",
                "www.thegatewaypundit.com"
            ]
        },
        {
            "rule": "mrf\\.io\\/experimentsexperience\\/render",
            "cookies": 0,
            "fingerprinting": 0,
            "subdomains": [
                "marfeelexperimentsexperienceengine"
            ],
            "apis": {},
            "sites": 2,
            "prevalence": 0.000201,
            "cnames": [],
            "responseHashes": [
                "9d62387bed7c4546c75947c13818d9f6b48dca6ad17a3f6f1f345573452eada6"
            ],
            "type": "Script",
            "firstPartyCookies": {},
            "firstPartyCookiesSent": {},
            "exampleSites": [
                "techcrunch.com",
                "www.marca.com"
            ]
        }
    ],
    "categories": [],
    "performance": {},
    "cookies": 0.000904,
    "topInitiators": [
        {
            "domain": "first party",
            "prevalence": 0.7142857142857143
        },
        {
            "domain": "googletagmanager.com",
            "prevalence": 0.21428571428571427
        },
        {
            "domain": "tiqcdn.com",
            "prevalence": 0.07142857142857142
        }
    ],
    "types": {
        "Script": 15
    },
    "nameservers": [
        "ns-105.awsdns-13.com",
        "ns-1457.awsdns-54.org",
        "ns-1834.awsdns-37.co.uk",
        "ns-655.awsdns-17.net"
    ]
}