{
    "domain": "myvisitors.se",
    "owner": {},
    "source": [
        "DuckDuckGo-NO"
    ],
    "prevalence": 0.000905,
    "sites": 9,
    "subdomains": [
        "t"
    ],
    "cnames": [],
    "fingerprinting": 2,
    "resources": [
        {
            "rule": "myvisitors\\.se\\/js",
            "cookies": 0.000905,
            "fingerprinting": 2,
            "subdomains": [
                "t"
            ],
            "apis": {
                "window.sessionStorage": 8,
                "window.localStorage": 8,
                "Document.cookie getter": 8,
                "Date.prototype.getTime": 8,
                "Document.cookie setter": 8,
                "Screen.prototype.width": 8,
                "Screen.prototype.height": 8,
                "Navigator.prototype.language": 8
            },
            "sites": 9,
            "prevalence": 0.000905,
            "cnames": [],
            "responseHashes": [
                "06900755509302b15139bfb7a0c95f2684cd46269d18df5a4a8b246acfcafec5",
                "e3b0c44298fc1c149afbf4c8996fb92427ae41e4649b934ca495991b7852b855",
                "ac433b7740b079b04bee1e30b628658d67bb1b1f128c74691d9334657dbf0090"
            ],
            "type": "Script",
            "firstPartyCookies": {
                "fpv_405571": {
                    "ttl": 1205,
                    "length": 1,
                    "prevalence": 0.00010055304172951231,
                    "uniqueness": 1
                },
                "_mtruid": {
                    "ttl": 34214406,
                    "length": 10,
                    "prevalence": 0.0008044243338360985,
                    "uniqueness": 1
                },
                "fpv_884096": {
                    "ttl": 1205,
                    "length": 1,
                    "prevalence": 0.00010055304172951231,
                    "uniqueness": 1
                },
                "fpv_539213": {
                    "ttl": 1206,
                    "length": 1,
                    "prevalence": 0.00010055304172951231,
                    "uniqueness": 1
                },
                "fpv_694956": {
                    "ttl": 1206,
                    "length": 1,
                    "prevalence": 0.00010055304172951231,
                    "uniqueness": 1
                },
                "fpv_675045": {
                    "ttl": 1207,
                    "length": 1,
                    "prevalence": 0.00010055304172951231,
                    "uniqueness": 1
                },
                "fpv_754156": {
                    "ttl": 1205,
                    "length": 1,
                    "prevalence": 0.00010055304172951231,
                    "uniqueness": 1
                },
                "fpv_709653": {
                    "ttl": 1205,
                    "length": 1,
                    "prevalence": 0.00010055304172951231,
                    "uniqueness": 1
                },
                "fpv_770389": {
                    "ttl": 1207,
                    "length": 1,
                    "prevalence": 0.00010055304172951231,
                    "uniqueness": 1
                }
            },
            "firstPartyCookiesSent": {},
            "exampleSites": [
                "bubbleroom.no",
                "www.getinspired.no",
                "www.megaflis.no",
                "www.mekonomen.se",
                "www.nordicnest.com",
                "www.nordicnest.no",
                "www.nwt.se",
                "www.realtid.se",
                "www.stormberg.com"
            ]
        },
        {
            "rule": "myvisitors\\.se\\/t",
            "cookies": 0.000905,
            "fingerprinting": 0,
            "subdomains": [
                "t"
            ],
            "apis": {},
            "sites": 9,
            "prevalence": 0.000905,
            "cnames": [],
            "responseHashes": [
                "b54791e32a9e4bc597c69f064f529694b8357c24098d4749ae32f2232847bfec"
            ],
            "type": "Script",
            "firstPartyCookies": {},
            "firstPartyCookiesSent": {
                "_mtruid": 0.0009049773755656109
            },
            "exampleSites": [
                "bubbleroom.no",
                "www.bubbleroom.no",
                "www.getinspired.no",
                "www.megaflis.no",
                "www.nordicnest.com",
                "www.nordicnest.no",
                "www.nwt.se",
                "www.realtid.se",
                "www.stormberg.com"
            ]
        }
    ],
    "categories": [],
    "performance": {},
    "cookies": 0.000905,
    "topInitiators": [
        {
            "domain": "googletagmanager.com",
            "prevalence": 0.6
        },
        {
            "domain": "first party",
            "prevalence": 0.4
        }
    ],
    "types": {
        "Script": 18
    },
    "nameservers": [
        "ivy.ns.cloudflare.com",
        "art.ns.cloudflare.com"
    ]
}