{
    "domain": "nativery.com",
    "owner": {},
    "source": [
        "DuckDuckGo-US"
    ],
    "prevalence": 0.000102,
    "sites": 15,
    "subdomains": [
        "cdn",
        "w",
        "cdnimg"
    ],
    "cnames": [],
    "fingerprinting": 1,
    "resources": [
        {
            "rule": "nativery\\.com\\/widget\\/js\\/nat\\.js",
            "cookies": 0,
            "fingerprinting": 0,
            "subdomains": [
                "cdn"
            ],
            "apis": {},
            "sites": 10,
            "prevalence": 0.0000681,
            "cnames": [],
            "responseHashes": [
                "e3cdbbf75b20d499c4fcc9d5dfa1d473a674c39782b959d21605f5dd982612ac"
            ],
            "type": "Script",
            "firstPartyCookies": {},
            "firstPartyCookiesSent": {},
            "exampleSites": [
                "sportando.basketball",
                "www.cognomix.it",
                "www.ideegreen.it",
                "www.ilparagone.it",
                "www.ilturista.info",
                "www.lantidiplomatico.it",
                "www.maurizioblondet.it",
                "www.targatocn.it",
                "www.teamworld.it",
                "www.zazoom.it"
            ]
        },
        {
            "rule": "nativery\\.com\\/delivery",
            "cookies": 0,
            "fingerprinting": 0,
            "subdomains": [
                "w"
            ],
            "apis": {},
            "sites": 10,
            "prevalence": 0.0000681,
            "cnames": [],
            "responseHashes": [
                "93a8cc39a74582bd6fea59100012aa527315cd3116d82012270a9f79cabc8153",
                "821912a17f3bd192f568a63dbb4bd9e583d8bde9e897cce787562a4bb4d7b5b6",
                "9bd82812273ca0848ca7f6aab29d9cc0a13e92535183449d6f71efd1a27c4162",
                "e26cae8bb7cb24a4931c8d3cefec422f187804af84f0e478eff701cc628b6bb0",
                "3512bbc7e2a510c35a43cd0d1352249fc5487644ad0fafd70d1b0845e7b04b16",
                "2e5fd66d839a1d44c05b79b362c1d85064709d9b9c2136b399763a77c5da8fd8",
                "46485d175ef881bb1078c078c2bd6cab1e1547b297cb2a93bf650a6996930e05",
                "9c327821bc7f520b45c97ebcbcbf47bba010b3f78cf6a4315b0b63b7fa597eb6",
                "e3b0c44298fc1c149afbf4c8996fb92427ae41e4649b934ca495991b7852b855"
            ],
            "type": "Fetch",
            "firstPartyCookies": {},
            "firstPartyCookiesSent": {
                "lotame_domain_check": 0.00004084244346725117
            },
            "exampleSites": [
                "sportando.basketball",
                "www.cognomix.it",
                "www.ideegreen.it",
                "www.ilparagone.it",
                "www.ilturista.info",
                "www.maurizioblondet.it",
                "www.oroscopissimi.it",
                "www.targatocn.it",
                "www.teamworld.it",
                "www.zazoom.it"
            ]
        },
        {
            "rule": "nativery\\.com\\/widget\\/js\\/prebid\\.js",
            "cookies": 0,
            "fingerprinting": 1,
            "subdomains": [
                "cdn"
            ],
            "apis": {
                "window.sessionStorage": 7,
                "Date.prototype.getTime": 7,
                "Navigator.prototype.userAgent": 6,
                "Navigator.prototype.cookieEnabled": 6
            },
            "sites": 7,
            "prevalence": 0.0000476,
            "cnames": [],
            "responseHashes": [
                "0545bc01109df0c4acc11053f46422ea2ec20106ac422230b18043e4c230711d"
            ],
            "type": "Script",
            "firstPartyCookies": {},
            "firstPartyCookiesSent": {},
            "exampleSites": [
                "sportando.basketball",
                "www.cognomix.it",
                "www.ilparagone.it",
                "www.ilturista.info",
                "www.maurizioblondet.it",
                "www.targatocn.it",
                "www.teamworld.it"
            ]
        },
        {
            "rule": "nativery\\.com\\/prebid",
            "cookies": 0,
            "fingerprinting": 0,
            "subdomains": [
                "w"
            ],
            "apis": {},
            "sites": 8,
            "prevalence": 0.0000545,
            "cnames": [],
            "responseHashes": [
                "b6260d0860df42c3045bc71d69cc566b6deac8fde71f51072e1d417c10201ebf",
                "2928c47e8c5f4d89b877956ec2e69e31179e4af086e8b6b81f7812e6460a837c",
                "2cd8ab1317db0d395a92643d007e74b84aca1d8861d016346017b23343947321",
                "85ea027275f6a004d679042390ba7cad49eaf58d3700a65a30ce96210e98db8a",
                "c3a1dc85b531d7fa1c533fda860108a4ede52153991ac08e70035d6c4679078d",
                "7472290a14c10b32f8c21b62912e44d9a70a8779743266f69f6290df42f31acd",
                "dd57eb4a29581c95ac82e7e9b4920370522ae718d25794a27e3f4ee0d0c36877"
            ],
            "type": "XHR",
            "firstPartyCookies": {},
            "firstPartyCookiesSent": {},
            "exampleSites": [
                "sportando.basketball",
                "www.cognomix.it",
                "www.ilparagone.it",
                "www.ilturista.info",
                "www.maurizioblondet.it",
                "www.oroscopissimi.it",
                "www.targatocn.it",
                "www.teamworld.it"
            ]
        },
        {
            "rule": "nativery\\.com\\/r",
            "cookies": 0,
            "fingerprinting": 0,
            "subdomains": [
                "w"
            ],
            "apis": {},
            "sites": 9,
            "prevalence": 0.0000613,
            "cnames": [],
            "responseHashes": [
                "f4eef8263281c0b26486637831251059757bc3fdc4c3a48045a8ef8646b36e8f"
            ],
            "type": "Fetch",
            "firstPartyCookies": {},
            "firstPartyCookiesSent": {
                "lotame_domain_check": 0.000027228295644834112
            },
            "exampleSites": [
                "sportando.basketball",
                "www.cognomix.it",
                "www.ideegreen.it",
                "www.ilparagone.it",
                "www.ilturista.info",
                "www.maurizioblondet.it",
                "www.oroscopissimi.it",
                "www.targatocn.it",
                "www.teamworld.it"
            ]
        },
        {
            "rule": "nativery\\.com\\/images\\/logo\\.png",
            "cookies": 0,
            "fingerprinting": 0,
            "subdomains": [
                "cdnimg"
            ],
            "apis": {},
            "sites": 7,
            "prevalence": 0.0000476,
            "cnames": [],
            "responseHashes": [
                "c1afc7f0615b3bb3fb670ab7443c40f89f85b433c21bee156e2b2aa75cff0491"
            ],
            "type": "Image",
            "firstPartyCookies": {},
            "firstPartyCookiesSent": {},
            "exampleSites": [
                "cognomix.it",
                "www.ilparagone.it",
                "www.ilturista.info",
                "www.maurizioblondet.it",
                "www.oroscopissimi.it",
                "www.targatocn.it",
                "www.teamworld.it"
            ]
        },
        {
            "rule": "nativery\\.com\\/300-150\\/wsimages\\/62dfabe59b69c61d182afea8\\/62dfac509b69c61d182b0024\\.jpeg",
            "cookies": 0,
            "fingerprinting": 0,
            "subdomains": [
                "cdnimg"
            ],
            "apis": {},
            "sites": 2,
            "prevalence": 0.0000136,
            "cnames": [],
            "responseHashes": [
                "da5f39073d1312a86de528d4019a647d76d12eea558558111c8895e79d175903"
            ],
            "type": "Image",
            "firstPartyCookies": {},
            "firstPartyCookiesSent": {},