{
    "domain": "needle.com",
    "owner": {},
    "source": [
        "DuckDuckGo-US"
    ],
    "prevalence": 0.000136,
    "sites": 20,
    "subdomains": [
        "turtlebeach",
        "pyramydair",
        "barenecessities",
        "bushnell",
        "cdw",
        "footjoy",
        "gigaparts",
        "herroom",
        "titleist"
    ],
    "cnames": [],
    "fingerprinting": 1,
    "resources": [
        {
            "rule": "needle\\.com\\/needle_service\\.js",
            "cookies": 0.0000613,
            "fingerprinting": 1,
            "subdomains": [
                "turtlebeach",
                "pyramydair",
                "barenecessities",
                "bushnell",
                "cdw",
                "footjoy",
                "gigaparts",
                "herroom",
                "titleist"
            ],
            "apis": {
                "Date.prototype.getTime": 11,
                "window.localStorage": 9,
                "window.sessionStorage": 9,
                "Document.cookie getter": 9,
                "Document.cookie setter": 9,
                "window.name": 9
            },
            "sites": 11,
            "prevalence": 0.0000749,
            "cnames": [],
            "responseHashes": [
                "396b82ad758dfcb45912985a23c1ca0f7d9ac68fdb9f0d143cb6e1291592f0b8",
                "36d174cccf81285dd91d2903bb62abf8162ec1888b6f9872c54eda6f7f0e1c3c",
                "6215fafc30f14b7d27f4f740a6d2eb665250d911868ab0b2e3bb874acb5d5859",
                "202f15b873e8da5c25f74fe1de35a57468c92a8cce18782bf4970fc39332d78e",
                "971224024190e0869a982fd73a9f1366dd0a5ef1fb1d5d7170aede59662390c8",
                "f7a548feb7561a3d4ef527bc5c8e2ff237cbbd13ecd2249c4fe392795a5156e1",
                "1eb177cebd78719130b423218d8ce0a4f8d2f6139665151c423c3531ba10c4b1",
                "16606923135cb8a37d6ab1a78d1da7ffb4842b7f693e0105564ed7b564529090",
                "2acaab16648c0b6a16fb98ce6c64940e9ef3556e8620fb7532adb781242c835f"
            ],
            "type": "Script",
            "firstPartyCookies": {
                "needlepin": {
                    "ttl": 15552005,
                    "length": 104,
                    "prevalence": 0.00006126366520087675,
                    "uniqueness": 1
                }
            },
            "firstPartyCookiesSent": {},
            "exampleSites": [
                "turtlebeach.com",
                "blog.turtlebeach.com",
                "www.airgundepot.com",
                "www.barenecessities.com",
                "www.bushnellgolf.com",
                "www.cdw.com",
                "www.footjoy.com",
                "www.gigaparts.com",
                "www.herroom.com",
                "www.titleist.com",
                "www.turtlebeach.com"
            ]
        },
        {
            "rule": "needle\\.com\\/pageload",
            "cookies": 0,
            "fingerprinting": 0,
            "subdomains": [
                "turtlebeach",
                "pyramydair",
                "barenecessities",
                "bushnell",
                "cdw",
                "footjoy",
                "gigaparts",
                "herroom",
                "titleist"
            ],
            "apis": {},
            "sites": 11,
            "prevalence": 0.0000749,
            "cnames": [],
            "responseHashes": [
                "d9f8dca546940abbb430f63d28d0256d1f9012fb342fe242569f7553a681044e",
                "981391aab2c059269dd0b4bf8781ca18d4aa93675b326b41493024525c2cb846",
                "7492ff8d74b5ea93be91161b9d3251002a819a1be404e927b7569ab5271f4f7a",
                "f1062d80acaabf2d06a47b0accf5a9cff61409df908d51d3269c1590cf04907b",
                "a72dc3c09206559726f5ca556220e6c80d28bd889774a932fbe93f4c8ffa2476",
                "617be910d8060150263f5e409b99e127e0b09cff4765d578aa315e097935947e",
                "dda800ea1ea0a1870ad4a9588359c94ca1952b73230e7211890274196afdcfe9",
                "b7f08fc8a40c2943c88af2c1318e9236b849b0796997f2c0f814e250e05ac54d",
                "82f873f8ab25469da5487d1061134ef52b4094c4e50ec834ed53298528218c06",
                "69192282cc5402092fdb9929204858f43f1558f7058208436ae56552181eac27"
            ],
            "type": "Script",
            "firstPartyCookies": {},
            "firstPartyCookiesSent": {
                "_li_dcdm_c": 0.000006807073911208528,
                "IR_gbd": 0.000006807073911208528
            },
            "exampleSites": [
                "turtlebeach.com",
                "blog.turtlebeach.com",
                "www.airgundepot.com",
                "www.barenecessities.com",
                "www.bushnellgolf.com",
                "www.cdw.com",
                "www.footjoy.com",
                "www.gigaparts.com",
                "www.herroom.com",
                "www.titleist.com",
                "www.turtlebeach.com"
            ]
        },
        {
            "rule": "needle\\.com\\/pageupdate",
            "cookies": 0,
            "fingerprinting": 0,
            "subdomains": [
                "barenecessities",
                "footjoy",
                "gigaparts",
                "herroom",
                "turtlebeach"
            ],
            "apis": {},
            "sites": 6,
            "prevalence": 0.0000408,
            "cnames": [],
            "responseHashes": [
                "6c9352df478fdbca07022ed9e20330e96311866dbff7fa56555490dc01df6038",
                "bb34370785bb7c12e5885c5678c60d9c4c35e3d8ad8e79da14366342007bce73",
                "015c7025ca9c303d2baa5d6059594136d45703dc10e712a5c89ed7a37fd167f1",
                "430ef70d237df43f77b3ed44e058f55f1f23192f83e8ebbc06191998bcbb4abd",
                "0a1ded866cf55da61d138d925bc7349b233061f99c48d139c1514665dbc66c5f"
            ],
            "type": "Script",
            "firstPartyCookies": {},
            "firstPartyCookiesSent": {},
            "exampleSites": [
                "barenecessities.com",
                "www.barenecessities.com",
                "www.footjoy.com",
                "www.gigaparts.com",
                "www.herroom.com",
                "www.turtlebeach.com"
            ]
        }
    ],
    "categories": [],
    "performance": {},
    "cookies": 0.000123,
    "topInitiators": [
        {
            "domain": "first party",
            "prevalence": 0.4722222222222222
        },
        {
            "domain": "googletagmanager.com",
            "prevalence": 0.2222222222222222
        },
        {
            "domain": "trackjs.com",
            "prevalence": 0.19444444444444445
        },
        {
            "domain": "yottaa.com",
            "prevalence": 0.1111111111111111
        }
    ],
    "types": {
        "Script": 28
    },
    "nameservers": [
        "ns-893.awsdns-47.net",
        "ns-1969.awsdns-54.co.uk",
        "ns-1253.awsdns-28.org",
        "ns-27.awsdns-03.com"
    ]
}