{
    "domain": "nfcube.com",
    "owner": {},
    "source": [
        "DuckDuckGo-AU"
    ],
    "prevalence": 0.00442,
    "sites": 44,
    "subdomains": [
        "instafeed"
    ],
    "cnames": [],
    "fingerprinting": 1,
    "resources": [
        {
            "rule": "nfcube\\.com\\/cdn\\/instafeed-6\\.5\\.1\\.css",
            "cookies": 0,
            "fingerprinting": 0,
            "subdomains": [
                "instafeed"
            ],
            "apis": {},
            "sites": 4,
            "prevalence": 0.000402,
            "cnames": [],
            "responseHashes": [
                "35f0c2c7c3dc4eb2ce0df251aa613c9916aa4e96b956dc52f5fb9d42db016279"
            ],
            "type": "Stylesheet",
            "firstPartyCookies": {},
            "firstPartyCookiesSent": {},
            "exampleSites": [
                "artiss.com.au",
                "homie.com.au",
                "myhappyhelpers.com.au",
                "www.surffcs.com.au"
            ]
        },
        {
            "rule": "nfcube\\.com\\/feed\\/v4",
            "cookies": 0,
            "fingerprinting": 0,
            "subdomains": [
                "instafeed"
            ],
            "apis": {},
            "sites": 32,
            "prevalence": 0.00321,
            "cnames": [],
            "responseHashes": [
                "3116777c7951834fde84c69420df70431abac61bc6b99585fcaaefae4490cfaf",
                "087b808d9a6f9fafa80c882281544b0ed633d080c07d54d8c4a658e466c5db05",
                "0b44a580d7dc7229144728add75af1ba623968de042566786d31bdadaea4e7e0",
                "09589db65337298025ddf560e3ed9e2e36a6b23c4909f286bd06ef3641e3551e",
                "c491bc44828b2b0873a7659425788b0ae1b676e117e63d76eaf0f6fa164993b4",
                "3711a933db97b985e7fc4cde2ab75c97a591dfe083dab03629e6260d1b4842c3",
                "9cbcc8c5e696e636d9e0eca74b72b50176d3ba7b433b7ccacf3d5531f53d557e",
                "0a45bdcedbe1bcef2b855fb405a31ce033dfefac5cc1711698235e98c6225168",
                "49188c581d752f6c1ddbe2b0c5166f307d1c9e1ef668a5eb0598236a90adab32",
                "47591bce04268d67b0c3df5ba5fe0f3159cd8cdfc335b605933d0001d17d93a6",
                "f7fe208cbc448d9f089aab9f1773f33a002fdb359c2d9231fb02aad6c8a88c5b",
                "6baa4aa41e105a8e073915047eb654ab76fd7196b30b8d7912dcef604866d741",
                "f46e2924f9d3e4abf0d006260706068af24246bece03015cdb649e07887e0027",
                "e5538aee5257023f90e73947d7de010a5bf919f0b388ffbb2f265d61b2b13e9a",
                "5ebd970b714fb79f418c964c781075697e8e9ecb132eccf1d7d8b2458279c6c3",
                "bad3dc18b0ab203e9d257661e56d7761d28beca1acf6c916d46c8f8432ddf4eb",
                "4dfadd67f23fd5d34db5b346ec5bbe2c69faa1abf4e4dbadc88219599ed91e17",
                "d54938b88bb3c80e32f8bd297fc1435430ec8ebf67bef35adc0b3ed483f7c8ef",
                "c39a9de78bcbc665daadd36bf9af137155d7d960685e46534aa2db58b11e2418",
                "a82fdaa8593329ddc927403f8be2c6d3c0b33f4c2e5aeb038df6dc213419234e",
                "a09af66df1edbe8abb01bc6eff5342cdabdf7b9bc3c7dd965e075f1d7e0dd5c6",
                "ce523ed1705bd8ef81652911ccdfc284442acc611b128bf34d0b7d935ed9f3fd",
                "e53f46705e641c139dbe3d645d6a475805265a497ccaf0f1866049ba63c1b93e",
                "459a3093cee97eda77fcbbf1bd6ce7668c0354fd93fc2c910deb3a324af77d40",
                "5b02e9414cea1446daa8e04cb1158dddb0d57926849b4d8fc780f278c2c41aba",
                "e9eec56f308d30a22c732908299819ff675e84388eb73fb26774a6b6d3fd327f"
            ],
            "type": "XHR",
            "firstPartyCookies": {},
            "firstPartyCookiesSent": {},
            "exampleSites": [
                "www.cygnett.com",
                "www.lightingsuperstore.com.au",
                "iscoot.com.au",
                "moogoo.com.au",
                "www.thebircherbar.com.au",
                "uggaustralia.com.au",
                "blackwolf.com.au",
                "www.grundysshoes.com.au",
                "www.musicjunction.com.au",
                "energymuse.com",
                "myhappyhelpers.com.au",
                "www.bauerfeind.com.au",
                "www.manchesterwarehouse.com.au",
                "www.surffcs.com.au",
                "homie.com.au",
                "seatosummit.com.au",
                "wetsuitwarehouse.com.au",
                "hemamaps.com",
                "www.testar.com.au",
                "whiteandco.com.au"
            ]
        },
        {
            "rule": "nfcube\\.com\\/assets\\/img\\/loader\\.gif",
            "cookies": 0,
            "fingerprinting": 0,
            "subdomains": [
                "instafeed"
            ],
            "apis": {},
            "sites": 36,
            "prevalence": 0.00361,
            "cnames": [],
            "responseHashes": [
                "16abbe367d5e2cd4eba610d023a5c8717b155ef0c3e52a1bb816281240efee09"
            ],
            "type": "Image",
            "firstPartyCookies": {},
            "firstPartyCookiesSent": {},
            "exampleSites": [
                "www.basscentre.com.au",
                "seatosummit.com.au",
                "www.reidcycles.com.au",
                "www.lifespanfitness.com.au",
                "www.industrie.com.au",
                "www.grundysshoes.com.au",
                "www.citizenwatches.com.au",
                "www.testar.com.au",
                "www.cygnett.com",
                "moogoo.com.au",
                "hemamaps.com",
                "www.bstore.com.au",
                "watchdirect.com.au",
                "nutraorganics.com.au",
                "wetsuitwarehouse.com.au",
                "www.vetnpetdirect.com.au",
                "www.manchesterwarehouse.com.au",
                "uggaustralia.com.au",
                "homie.com.au",
                "www.lightingsuperstore.com.au"
            ]
        },
        {
            "rule": "nfcube\\.com\\/assets\\/img\\/placeholder\\.gif",
            "cookies": 0,
            "fingerprinting": 0,
            "subdomains": [
                "instafeed"
            ],
            "apis": {},
            "sites": 20,
            "prevalence": 0.00201,
            "cnames": [],
            "responseHashes": [
                "a1309d48158c82a75afee086be26c632735309f69cf2b81f113a0fc9b77af4c6"
            ],
            "type": "Image",
            "firstPartyCookies": {},
            "firstPartyCookiesSent": {},
            "exampleSites": [
                "artiss.com.au",
                "bissell.com.au",
                "au.camilla.com",
                "iscoot.com.au",
                "lingerieseduction.com.au",
                "moogoo.com.au",
                "myhappyhelpers.com.au",
                "nutraorganics.com.au",
                "seatosummit.com.au",
                "watchdirect.com.au",
                "wetsuitwarehouse.com.au",
                "whiteandco.com.au",
                "www.bstore.com.au",
                "www.industrie.com.au",
                "www.lifespanfitness.com.au",
                "www.lightingsuperstore.com.au",
                "www.manchesterwarehouse.com.au",
                "www.reidcycles.com.au",
                "www.surffcs.com.au",
                "www.vetnpetdirect.com.au"
            ]
        },
        {
            "rule": "nfcube\\.com\\/assets\\/img\\/instagram-icon\\.svg",
            "cookies": 0,
            "fingerprinting": 0,
            "subdomains": [
                "instafeed"
            ],
            "apis": {},
            "sites": 30,
            "prevalence": 0.00301,
            "cnames": [],
            "responseHashes": [
                "1293ec561da95517c4e8efd53cbe9f4614582f92285abf69323622fc80eb9a87"
            ],
            "type": "Image",
            "firstPartyCookies": {},
            "firstPartyCookiesSent": {},