{
    "domain": "ntvpwpush.com",
    "owner": {},
    "source": [
        "DuckDuckGo-AU"
    ],
    "prevalence": 0.00442,
    "sites": 44,
    "subdomains": [],
    "cnames": [],
    "fingerprinting": 1,
    "resources": [
        {
            "rule": "ntvpwpush\\.com\\/dl\\/cookies",
            "cookies": 0.0011,
            "fingerprinting": 1,
            "subdomains": [],
            "apis": {
                "Document.cookie setter": 11
            },
            "sites": 44,
            "prevalence": 0.00442,
            "cnames": [],
            "responseHashes": [
                "252020519b9481bc71c10e8ba9fc22d687d4718b5dde817ce56b6e26b0353076"
            ],
            "type": "Document",
            "firstPartyCookies": {
                "fp": {
                    "ttl": 2592011,
                    "length": 4,
                    "prevalence": 0.0011044176706827308,
                    "uniqueness": 0.09090909090909091
                },
                "mm": {
                    "ttl": 2592011,
                    "length": 5,
                    "prevalence": 0.0011044176706827308,
                    "uniqueness": 0.09090909090909091
                },
                "gyr": {
                    "ttl": 2592011,
                    "length": 1,
                    "prevalence": 0.0011044176706827308,
                    "uniqueness": 0.09090909090909091
                },
                "ad_tags": {
                    "ttl": 2592011,
                    "length": 333,
                    "prevalence": 0.0011044176706827308,
                    "uniqueness": 0.9090909090909091
                },
                "tag_ab": {
                    "ttl": 2592011,
                    "length": 2,
                    "prevalence": 0.0011044176706827308,
                    "uniqueness": 0.5454545454545454
                },
                "timezone": {
                    "ttl": 2592011,
                    "length": 2,
                    "prevalence": 0.0011044176706827308,
                    "uniqueness": 0.09090909090909091
                },
                "accel": {
                    "ttl": 2592011,
                    "length": 1,
                    "prevalence": 0.0011044176706827308,
                    "uniqueness": 0.09090909090909091
                },
                "screen_resolution": {
                    "ttl": 2592011,
                    "length": 7,
                    "prevalence": 0.0011044176706827308,
                    "uniqueness": 0.09090909090909091
                }
            },
            "firstPartyCookiesSent": {},
            "exampleSites": [
                "thepiratebay.org",
                "www.porntrex.com",
                "extremescatporn.com",
                "chaturflix.cam",
                "porn-leaks.net",
                "thothub.lol",
                "thothub.to",
                "thethothub.com",
                "www.hitprn.com",
                "www4.bestjavporn.com",
                "forced-porn.net",
                "fssquad.com",
                "www.camwhoresbay.com",
                "familyporn.tv",
                "thothd.com",
                "www.teensforfree.net",
                "fuxporn.com",
                "operationdisclosureofficial.com",
                "eroticcore.xyz",
                "deadhouse.org"
            ]
        }
    ],
    "categories": [],
    "performance": {},
    "cookies": 0.0011,
    "topInitiators": [
        {
            "domain": "wpadmngr.com",
            "prevalence": 0.6
        },
        {
            "domain": "6ce0a3adc4.com",
            "prevalence": 0.4
        }
    ],
    "types": {
        "Document": 44
    },
    "nameservers": [
        "ns2.digitalocean.com",
        "ns3.digitalocean.com",
        "ns1.digitalocean.com"
    ]
}