{
    "domain": "o2u.jp",
    "owner": {},
    "source": [
        "DuckDuckGo-US"
    ],
    "prevalence": 0.000361,
    "sites": 53,
    "subdomains": [
        "a",
        "cdn"
    ],
    "cnames": [],
    "fingerprinting": 1,
    "resources": [
        {
            "rule": "o2u\\.jp\\/",
            "cookies": 0.000191,
            "fingerprinting": 1,
            "subdomains": [
                "a"
            ],
            "apis": {
                "Date.prototype.getTime": 28,
                "Document.cookie setter": 28,
                "Document.cookie getter": 28,
                "Navigator.prototype.userAgent": 28,
                "Navigator.prototype.appVersion": 28
            },
            "sites": 28,
            "prevalence": 0.000191,
            "cnames": [],
            "responseHashes": [
                "73081996f2d1e3b4051d78261bdfc9457e408916832d2cc935b90e6cb8aa87a6",
                "3c1579d342347e754fec89f8e5f5bf06890e0818fedf076ad7ffd0e6f601180a",
                "e27364036155e370f931e57afa55d1dc1091f0c690b704c502cb8be68f450f92",
                "86e8cea115bccff16d37deeaca913fde6cf125d6752dfba52327dc7784abd15e",
                "5d44d30c563879de51a5ffe21789da2d6cf01421ceca3c410ff7b54cd2d2ada5",
                "a130159a7a5006ebec1402d612ba1cc1a557954d5ef301d9160444edef2997ff",
                "4e51f38ced037c6808bb87cdf55ca963a9e6210b269e8b1841cfa7958b27ba70",
                "4fd5e46f0569d37ebf62dd1fca8cc48d8e53858e63d26f5c693da9289c16db2f",
                "9c753879a54c50ab21d8b9470733a67f33afa37cd66b16191ec919db0d015302",
                "182d3eb84e29f7f6640be1e8a738c02edceac34ed508a6a6d9807625e98797c3",
                "6bd475239c1404f280e5a7e043389d9ffdc7ecdc3bfabecea7e538195350d17c",
                "0b6ea4d02f7ae7774aef92f403942f1340252db9d67d0499425347b6cf2db6b2",
                "ab3e17b6b0d2cb2951d5d18b3f61909858da4e873657159435f1a8445f2b3d80",
                "815aba8a90379217a2d38bca53434223fb5683819b4dc3e956858aafd4087a6d",
                "d3ac8c995acff8507f0d9f982f18d96ebf4242901b3cf8ea886ab0edb87cf902",
                "34859443cc4cec4dd4452913af455e90e9295a3bee3c8eed3707373f602df00e",
                "47ca1971d93893f0e8ceed05014a09c140521b8d43f6273216223ce7bb2fbeb0",
                "f7565add2c140558995dba09384db4f46e922e5fea02129e33df7dfdb2891550",
                "d785f0ba0ed3cb758c92fba3e6b165a6034be20758b2f27928e9464f93c08b72",
                "5c2b3df19ff3fa45add5fa4990077b5db0f8ae890274fd808a8b295fc52f5e41",
                "32145cda87495a7b71c11e282babcc5c101f70da3e84a8fcbfdca37bdf1fa51f",
                "db86f3ffca2661a396a86988a7dfd8bc7a51a63022218121cc8c306248b257c8",
                "9b3c49f52d0cc694d69b9e9b9c390329904fd57ffb1923aea2485239a32fe097",
                "fa38d2a6cf8501e9955bf81250de389ff12042fb84ffebf2f1e1c08ad9186858",
                "6eb62f5fcd7eb6a57aa3041c9b9597149f675af7229c15d80ce6e38f42a943b3",
                "7d898840b139fe6ebe860c925ae19898cd0cbbdf2386a1a70b0dbb91383bbea2",
                "85146f8d704cdfe0406cfc9ebbf05d74dd92f30c3c907836ea587a7eb5453217"
            ],
            "type": "Script",
            "firstPartyCookies": {
                "_____write_test_": {
                    "ttl": 4,
                    "length": 7,
                    "prevalence": 0.00019059806951383877,
                    "uniqueness": 0.03571428571428571
                }
            },
            "firstPartyCookiesSent": {},
            "exampleSites": [
                "www.ichibanya.co.jp",
                "realsound.jp",
                "www.subaru.jp",
                "pmall.gpoint.co.jp",
                "www.autoby.jp",
                "www.cyzo.com",
                "www.kajitaku.com",
                "www.osohshiki.jp",
                "animeanime.jp",
                "www.ehonnavi.net",
                "best-legal.jp",
                "www.e-earphone.jp",
                "www.fnn.jp",
                "tokusengai.com",
                "trafficnews.jp",
                "kango-oshigoto.jp",
                "www.suruga-ya.jp",
                "tarotfun.jp",
                "furunavi.jp",
                "www.nitori-net.jp"
            ]
        },
        {
            "rule": "o2u\\.jp\\/scripts\\/log-collect-sdk\\/1\\.1\\.0\\/log-collect-sdk\\.min\\.js",
            "cookies": 0,
            "fingerprinting": 1,
            "subdomains": [
                "cdn"
            ],
            "apis": {
                "Navigator.prototype.userAgent": 21
            },
            "sites": 28,
            "prevalence": 0.000191,
            "cnames": [],
            "responseHashes": [
                "94e918eb94d18f8ef69ef48b9d8e6ef4a108dc461f5b366ee06c81bb15f4acd7"
            ],
            "type": "Script",
            "firstPartyCookies": {},
            "firstPartyCookiesSent": {},
            "exampleSites": [
                "www.e-earphone.jp",
                "forbesjapan.com",
                "www.ehonnavi.net",
                "www.fnn.jp",
                "www.ichibanya.co.jp",
                "trafficnews.jp",
                "kango-oshigoto.jp",
                "furunavi.jp",
                "dekiru.net",
                "best-legal.jp",
                "www.subaru.jp",
                "www.kajitaku.com",
                "tarotfun.jp",
                "realsound.jp",
                "tokusengai.com",
                "www.cyzo.com",
                "www.bookoff.co.jp",
                "kurashi.biglobe.ne.jp",
                "food.biglobe.ne.jp",
                "www.osohshiki.jp"
            ]
        },
        {
            "rule": "o2u\\.jp\\/nba\\/",
            "cookies": 0,
            "fingerprinting": 0,
            "subdomains": [
                "a"
            ],
            "apis": {},
            "sites": 28,
            "prevalence": 0.000191,
            "cnames": [],
            "responseHashes": [
                "c5f471cfcd630264e34643560be27acb7b50467e083d66dae98a3cf6a18be4cc",
                "94e35c0b47d74b1f3a698d8a4b7ea64e0107de38118bcea55e740afb64f34c48"
            ],
            "type": "XHR",
            "firstPartyCookies": {},
            "firstPartyCookiesSent": {},
            "exampleSites": [
                "www.cyzo.com",
                "best-legal.jp",
                "www.kajitaku.com",
                "forbesjapan.com",
                "www.subaru.jp",
                "network.mobile.rakuten.co.jp",
                "www.ehonnavi.net",
                "hentaitokyo.com",
                "pmall.gpoint.co.jp",
                "www.bookoff.co.jp",
                "kurashi.biglobe.ne.jp",
                "www.ichibanya.co.jp",
                "www.hottomotto.com",
                "animeanime.jp",
                "www.fnn.jp",
                "tarotfun.jp",
                "furunavi.jp",
                "realsound.jp",
                "www.nitori-net.jp",
                "kango-oshigoto.jp"
            ]
        },
        {
            "rule": "o2u\\.jp\\/pixel\\/",
            "cookies": 0.000123,
            "fingerprinting": 0,
            "subdomains": [
                "a"
            ],
            "apis": {},
            "sites": 20,
            "prevalence": 0.000136,
            "cnames": [],
            "responseHashes": [
                "3706866c68bca8fab61afcddb91d9add521a08ef8e1ee65f14b4c5b7148a53e5"
            ],
            "type": "Image",
            "firstPartyCookies": {},
            "firstPartyCookiesSent": {
                "cookies.js": 0.000006807073911208528,
                "evid_00XX": 0.000006807073911208528
            },