{
    "domain": "ogdennews.com",
    "owner": {},
    "source": [
        "DuckDuckGo-US"
    ],
    "prevalence": 0.000259,
    "sites": 38,
    "subdomains": [
        "promos"
    ],
    "cnames": [],
    "fingerprinting": 0,
    "resources": [
        {
            "rule": "ogdennews\\.com\\/_custom\\/promos\\/get_promos\\.php",
            "cookies": 0,
            "fingerprinting": 0,
            "subdomains": [
                "promos"
            ],
            "apis": {},
            "sites": 20,
            "prevalence": 0.000136,
            "cnames": [],
            "responseHashes": [
                "103fac95070b0c12cb1762301a0957685547092c58cf053286753a074f921c57",
                "435c407e241e183aca1d10860aba5ee9f28b994c1b1d4b3bdd16d09d9d3d270d",
                "a16c83de332879451352e6c3b1a7674d21a65e51ac0a1ba25f8b1a9892de1298",
                "6ed1144cf3e848251a52bdbbe98d3cbaaf5552aea719429b85cc4553c5dfe09b",
                "8c7d93bcc6eefe08e735b016f00b49af1c49f676b8b18b62270dbbc5de5092f3",
                "3fc1c971ae692e60e8698660622f81a149564c454e8103258790cbef0d06d937",
                "e0a8e2d4d711b31d3ef3b04f36297c18d277aad26b79c26cd5e71429615af714",
                "799ce1cb0a0a5432905aa8a57c5bd09198cae2f67abb0dff49445a39f92325a2",
                "cc14036c06904a700f058e16cf7543ed0e196626ef91342e8747fefa0ae75459",
                "8010f58c003358ba3083764df14e6c59cd6f0e89d486071d940dcb920ba0f328",
                "fdfa4a4df1e06e1d9944171abdbe3e485546f50c534fc1d72ace88d2581a3682"
            ],
            "type": "XHR",
            "firstPartyCookies": {},
            "firstPartyCookiesSent": {},
            "exampleSites": [
                "altoonamirror.com",
                "www.altoonamirror.com",
                "www.heraldextra.com",
                "www.heraldstaronline.com",
                "www.ironmountaindailynews.com",
                "www.lewistownsentinel.com",
                "www.mauinews.com",
                "www.miningjournal.net",
                "www.minotdailynews.com",
                "www.nashuatelegraph.com",
                "www.newsandsentinel.com",
                "www.observertoday.com",
                "www.post-journal.com",
                "www.standard.net",
                "www.sungazette.com",
                "www.thealpenanews.com",
                "www.theintelligencer.net",
                "www.timesobserver.com",
                "www.tribtoday.com",
                "www.vindy.com"
            ]
        }
    ],
    "categories": [],
    "performance": {},
    "cookies": 0,
    "topInitiators": [
        {
            "domain": "first party",
            "prevalence": 0.9122807017543859
        },
        {
            "domain": "jquery.com",
            "prevalence": 0.05263157894736842
        },
        {
            "domain": "ajax.googleapis.com",
            "prevalence": 0.03508771929824561
        }
    ],
    "types": {
        "XHR": 20
    },
    "nameservers": [
        "ns-65.awsdns-08.com",
        "ns-937.awsdns-53.net",
        "ns-1537.awsdns-00.co.uk",
        "ns-1122.awsdns-12.org"
    ]
}