{
    "domain": "optimise.net",
    "owner": {},
    "source": [
        "DuckDuckGo-AU"
    ],
    "prevalence": 0.00703,
    "sites": 70,
    "subdomains": [],
    "cnames": [],
    "fingerprinting": 0,
    "resources": [
        {
            "rule": "optimise\\.net\\/",
            "cookies": 0,
            "fingerprinting": 0,
            "subdomains": [],
            "apis": {},
            "sites": 70,
            "prevalence": 0.00703,
            "cnames": [],
            "responseHashes": [],
            "type": "Preflight",
            "firstPartyCookies": {},
            "firstPartyCookiesSent": {
                "lotame_domain_check": 0.0018072289156626507
            },
            "exampleSites": [
                "dailycaller.com",
                "flightaware.com",
                "forum.xda-developers.com",
                "itsfoss.com",
                "www.azlyrics.com",
                "www.spanishdict.com",
                "www.physicsclassroom.com",
                "food52.com",
                "www.bleepingcomputer.com",
                "bikez.com",
                "sonichits.com",
                "www.alphr.com",
                "www.gocomics.com",
                "www.smartertravel.com",
                "www.aljazeera.com",
                "www.adsbexchange.com",
                "fstoppers.com",
                "time.is",
                "www.sarna.net",
                "amateurphotographer.com"
            ]
        },
        {
            "rule": "optimise\\.net\\/",
            "cookies": 0,
            "fingerprinting": 0,
            "subdomains": [],
            "apis": {},
            "sites": 70,
            "prevalence": 0.00703,
            "cnames": [],
            "responseHashes": [
                "e11908cc52ab9955edd4884863ec62193351fb2bd5d4c13791511c61bf5ae88d",
                "85390d17e94813288685200c8cea8e5b51af2099668e10d3a254d52830955d4f",
                "51e176355e126c11323f585863583df1c70eb6afd77428167b5c81350b2e3588",
                "6df095d2fbd07d2c2c5d50a1b94ee28769a846dfabcafb1a92b5db07ef3613ea",
                "a86fdcc16e9e56967c47726ca8c847b160ab08f89c8a0406f9a9582abf3d9991",
                "93ed2455f3dc86e77d2aa38bd410ac0329d95e92aafa1eb1ecc792f2ee33ddf9",
                "5e84a79a3a179166a8a5212f1c2c0d74d5b68320a3ad0f22396acec6ef2d12b7",
                "9849205343271e583448ad1f4a7ee7e5711f90ac0cf15787d31cff063eb8234b",
                "b0be3615e94be89e0eb28c2b62dd52a6c06c3e48d22051cb36aad82bc2280578",
                "11f144685124fd660dc296b77356955401e3411bba3a0bb183ca56b1f2f8281e",
                "e94649f3ac2c071333467b765fb97b71e52ec1ed1d538d814aace0a902e0b985",
                "d8a2262c015957f7e076340f635dc46043456367dc33bee5c83ac1ee31d5a255",
                "8cdbdbda55fa7ed66fceeb754e90544e07e0d517faa4b7739dccd293b94bd130",
                "09fb8bf6ddc1f1ec071f7abc6bc0c215644d79b0db2846b4b7dbc1f936c865f6",
                "a2b3a81e6119f3d1d0581b3affa3f88fb3161243e7c84429a8496f0469beacb7",
                "de5c4c2df4b1a24a16b3add96e4f08c65a42d07d8a2aaf4329de3056b214c72f",
                "9d0f752ea9de76e3ad2b86fad7c4a34028bc985ef676d2fa98b66d4bd1395a9c",
                "f0afa9488de596f068ff38ab2c2ffd2a31803bcffe6f3b9d8070c305bb3cc229",
                "09b8b0304dd0eb81ff0ee6425562911f59773d7680b5189b894ec8f866fa4844",
                "ec6d740f45a3377354f57e4ed0301babe526004b16e0895eb96e97ba70c1f7d9",
                "88d37b72c228866ab3f6185557a73f91af50af0497171662d303a33907433e6c",
                "458e59492b03082e6e5105e292dfce935b6483ddcab1aa6100377404fd805491",
                "0975057539f84b0ac7a89375f10349be132289647d886bc706e40495c258360b",
                "d17a7c5f27e8978763372cf93af733082d083457acb48729ed2924fd81d18744",
                "d1b0c28757005f8b17f3c0dd876262aedbb6c908d08a1c56e2062b71468ea0ab",
                "28d9de9e62602e7f2912152aeea547e8c67dce8ec2b0c64794e32b6c307ed0ce",
                "5ecc4cf34cc3fae319e5a552aa8e64f24e5f59c772f80904cbb0bd40793a3563",
                "22dd6030a763625987870cc74bcf82e86b85f1769c3d75e399c5fa315753320e",
                "2c08464a97f8ea415ccb077eb22cbcd5b839d1b846be016abe25f8b1264477f8",
                "14de907ebcdde7c2edd18b733afa39f04fc050cc122dc2e00b0a2aa2bd61fc61",
                "41e63efebe41ac23ca0acab7f59f9eae1061a17c6b65a0c099c235ba1e81ecf7",
                "52aa99b717e0a2955a51411572efff358e29edfac6ae47ef8bd801b66b067bf5",
                "f774dc9d08a8ef86b4ba8f8a0b59aeddecb9b231b28ea21b51aa06c44b0f79cd",
                "90d356fbf5089d0b018976d469ec4b6d1eb33d4aee72e49b74ff965d31b7a269",
                "12b4692e28417b740d9387a85e6317087985323c9c7905f7202777385106a375",
                "d96b5290d7a76dbf52bbf1c5d1be7804c30e9133eb544b13a863d4ea7cfdccbe",
                "c9fce1503e6cc8ba9aff6b5ecb26c079b81670db60959ce523be9043a0bc6a00",
                "3db9a4416eb9b349203eaec05dd0b86ea0c21935a824320ebd5dfaadc28cab70",
                "cf2f77146f366d2834979c34732d5bed26734e1cf7c2c8ec5fb4c3b0e0b97169",
                "3dce57e1f17b146ac51abd66a74b25d9d2e75b92e9ad9bd91bdda7869a277096",
                "aed17e4d9e9b33221e1c5559af6fb20c4a5c3dd3895e70bede5e72092e175a88",
                "973fb1abc4a5efa40417552a7ee4ffbdcc32a85f85a3962034cba0dc514dfa86",
                "a9333cf2634d4ce779dd802fe07b01eb820f174c6a7991831a4cc1ea4da72d5e",
                "901dce42a1753747be059822178e969295613b8e3fe02a1fca1499c01f41b5a1",
                "9eef646904c7d46a34305b46b79e2744b965b3f207686a53a46d19f7f431570f",
                "a4b68b6417c87959d1d6deec32224464c57d4f8e752f54126ca96026933a9449",
                "39c101a6714d1751019d933a1ef0af3ed9d52910507e61890521549cd14e004e",
                "dc076d2b1053e76894e94c7ebd66669c2be0cc5ba7a1df68491b4579c4252e0f",
                "639a57b8ad3e43343bca5ab25dc2010ac3045109c66d1a7808a6470fd524d48d",
                "27a89b2764c5601fcc6cafebf587472457097bdde8630702386033aae901a67d",
                "ff33077856799dc629a00460d5597cf929aee0a495beb0a2a1d21f174798644d",
                "b737c9f5381568ca94d51067c0910bcbd4fa9707397ee11bb1bba44e508c0cef",
                "469caf6dc5a20f4311e1139b02b99b3497f3f62e4eb1f2718074398bc2f4ec02",
                "caa7a1e3d7b41194be0626e2741914cee115e14875cbdf4aca379db08ffb443c",
                "4f94eb35cbb78956418112c5132f75448464ae506059f535da33e8a2d1ac4dab",
                "698a139d00292a566dfac65e4beaaee0de88ebb92a9e566a4c4c4016f2139803",
                "25cc0a2e0f7d95dfb9edf0f2e0983d6ae3dcf929a03e77e3bd610a7706ea8542",
                "473a773044463cf0707a91ad61e4702a4d9a0032684acf54c69bb7b59ccd8609",
                "99a9452c29d318dfe33743399f84cbb62825789678d0a3124a7ab072717ee4e3",
                "4147eaeb35c927e02d2a9d320d999d2237d2b8a6525fedc011814dcd714f3286",
                "49569f5d51f7276e3c9052b4a4985d54486b3cb291a938028500ea236c8be973",
                "c4115596e2e0a45d26bace66e16d81c943a3f7303e42fa356f65467cf498213a",
                "ed1763178aff9caae8d8e603a98d1c1f8a0465283415d28ee80dbb1cacb594a7",
                "60f10ba892ec0a63f9a001623ff5e5a738910fc6833e6d65bd21769288285c1e",
                "330090292c6812bf34b8390ba80037f628151c20f8000bc9b42d6c14dee80a12",
                "4f345cc4d00a1eba0af09b07482188a4a5f4f7e5998f5787b4023286c72568f2",
                "515bad004b0f629cafb010c7c81e83b1d183314813367665634dccd37abe9b59",
                "490bceada46d5fd4d6147fdff81a5797ee73e5f7fe07dfbe2c9e32490c856961",
                "70d3cac898b1fadf00cf1e8906fc24963bf00f11fdfd16cb679f862d61519bd7"
            ],
            "type": "Fetch",
            "firstPartyCookies": {},
            "firstPartyCookiesSent": {
                "lotame_domain_check": 0.0018072289156626507
            },