{
    "domain": "oxiapps.com",
    "owner": {},
    "source": [
        "DuckDuckGo-AU"
    ],
    "prevalence": 0.00131,
    "sites": 13,
    "subdomains": [
        "social-login"
    ],
    "cnames": [],
    "fingerprinting": 1,
    "resources": [
        {
            "rule": "oxiapps\\.com\\/api\\/init",
            "cookies": 0,
            "fingerprinting": 0,
            "subdomains": [
                "social-login"
            ],
            "apis": {},
            "sites": 13,
            "prevalence": 0.00131,
            "cnames": [],
            "responseHashes": [
                "ef1187b14a724552c31d63acb225c6b4b8ffcf37a2ca5d6c3fa6e1088a6a3470",
                "c748a15965134ccdc8a16fe9fc828a9bcee384bd5c5bd37fe8dfc8ac1ebdf524",
                "59c69373e8a2cfdcbc77d944603d62ff531a76ca3028b8c197db9eb1e5f8eae7",
                "451d76cf2e447240db9293c7f1073e0cc15194921bc8c6fb9f70d2f87b843ef7",
                "f804738e39c90e7bb72412ae6ccceba2839ced0c7e6b873b084beb657f70347b",
                "65a4309f15ae1422c734773c8dd2f66da3accdc2e5dc629f746f3401ec86584e",
                "fc63e2b0ad4bdeae89985563003e47273eb09e04956a8313cee4bbb6629603c7",
                "d92691c1a2178e9128ceba60d21a34ec668701ee7541507369f81d0a2ca76037",
                "5044e62b954d4f44cf268f485ff9aee20edc6015810a174265f83995b05669f1",
                "894117456ef4d06f8647447090466149767ebec842193d493cd898f44a291e9a",
                "21f4e56e762c60afb06a468135b924b3a8c3b9fa9236cd0a724222b81eb42471",
                "cc0b51feba91a5cd3779ebc2b0ade9dfc95e851fdd5ea5de7ca47a59f3d25b36"
            ],
            "type": "Script",
            "firstPartyCookies": {},
            "firstPartyCookiesSent": {},
            "exampleSites": [
                "ajeworld.com.au",
                "dissh.com.au",
                "kitchenaid.com.au",
                "klevarange.com.au",
                "tacticalgear.com.au",
                "www.babyvillage.com.au",
                "www.boody.com.au",
                "www.culturekings.com.au",
                "www.honeybirdette.com",
                "www.jomercer.com.au",
                "www.stfrock.com.au",
                "www.thetechden.com.au",
                "www.tupperware.com.au"
            ]
        },
        {
            "rule": "oxiapps\\.com\\/widget",
            "cookies": 0.000201,
            "fingerprinting": 1,
            "subdomains": [
                "social-login"
            ],
            "apis": {
                "Navigator.prototype.userAgent": 2,
                "Navigator.prototype.appName": 2,
                "Navigator.prototype.appVersion": 2,
                "Date.prototype.getTime": 2,
                "Document.cookie setter": 2,
                "Document.cookie getter": 2
            },
            "sites": 2,
            "prevalence": 0.000201,
            "cnames": [],
            "responseHashes": [
                "636fd9dd0096c74ab444568b0fbaa56346e5f504fc987f3cbed98be952ff46ba"
            ],
            "type": "Document",
            "firstPartyCookies": {
                "oxi_referrer": {
                    "ttl": 604823,
                    "length": 26,
                    "prevalence": 0.00020080321285140563,
                    "uniqueness": 1
                },
                "parenturl": {
                    "ttl": 604823,
                    "length": 26,
                    "prevalence": 0.00020080321285140563,
                    "uniqueness": 1
                }
            },
            "firstPartyCookiesSent": {
                "IR_gbd": 0.00010040160642570282,
                "oxi_referrer": 0.00020080321285140563,
                "parenturl": 0.00020080321285140563,
                "lotame_domain_check": 0.00010040160642570282
            },
            "exampleSites": [
                "kitchenaid.com.au",
                "klevarange.com.au"
            ]
        },
        {
            "rule": "oxiapps\\.com\\/css\\/bootstrap3\\.3\\.5\\.css",
            "cookies": 0,
            "fingerprinting": 0,
            "subdomains": [
                "social-login"
            ],
            "apis": {},
            "sites": 2,
            "prevalence": 0.000201,
            "cnames": [],
            "responseHashes": [
                "96e0da67693e62b2c14b5abf7f69773a8cef6e3ef7a23dff20559e44f7e8f1f6"
            ],
            "type": "Stylesheet",
            "firstPartyCookies": {},
            "firstPartyCookiesSent": {},
            "exampleSites": [
                "kitchenaid.com.au",
                "klevarange.com.au"
            ]
        },
        {
            "rule": "oxiapps\\.com\\/css\\/custom\\.css",
            "cookies": 0,
            "fingerprinting": 0,
            "subdomains": [
                "social-login"
            ],
            "apis": {},
            "sites": 2,
            "prevalence": 0.000201,
            "cnames": [],
            "responseHashes": [
                "e26fb727ac0a81fc05277cbc33c6bb50af2187ef97e1dfde8e5370f11a1ef65f"
            ],
            "type": "Stylesheet",
            "firstPartyCookies": {},
            "firstPartyCookiesSent": {},
            "exampleSites": [
                "kitchenaid.com.au",
                "klevarange.com.au"
            ]
        }
    ],
    "categories": [],
    "performance": {},
    "cookies": 0.000201,
    "topInitiators": [
        {
            "domain": "first party",
            "prevalence": 0.9230769230769231
        },
        {
            "domain": "d5zu2f4xvqanl.cloudfront.net",
            "prevalence": 0.07692307692307693
        }
    ],
    "types": {
        "Script": 13,
        "Document": 2,
        "Stylesheet": 4
    },
    "nameservers": [
        "ns74.domaincontrol.com",
        "ns73.domaincontrol.com"
    ]
}