{
    "domain": "particularaudience.com",
    "owner": {},
    "source": [
        "DuckDuckGo-AU"
    ],
    "prevalence": 0.00181,
    "sites": 18,
    "subdomains": [
        "recs-1a",
        "cdn"
    ],
    "cnames": [],
    "fingerprinting": 2,
    "resources": [
        {
            "rule": "particularaudience\\.com\\/2\\.7\\/Config",
            "cookies": 0,
            "fingerprinting": 0,
            "subdomains": [
                "recs-1a"
            ],
            "apis": {},
            "sites": 17,
            "prevalence": 0.00171,
            "cnames": [],
            "responseHashes": [
                "a0d17a897203c087692e76f7b750ac7a9a3f846da7fd75fd46fca6b44a405997",
                "e9495ecf47d78f7d4e3a2a22722b585c83273ab688c4ee0c95508fb1c7128014",
                "ab60d182f5a6924b0a6423e76a646206021754bed5fdff764933ad8678d0b6fb",
                "7d88b9bd7c9aa76e267f3d4c8be4d055022bae2cf706a6200bbea35dd2f5671d",
                "e635a0960cf9b85f81e4a0aba5d3b8fce252e27b30bfb5213b4eacf533360316",
                "f5ca4c6b5f3270f59d49d665daf2878cb2d382afcee6a14004d0af4f0a39d768",
                "4a3c64158f822d22238e362a7df7beba42f15b94b62628c7e8b83035de1b0e33",
                "3824ea913b4f924c0ae8876dd410ec0688af16507d23ed46b8cfadfbe2f0cd06",
                "fd24ede8e9a34274c6366c52aebdfe00ae2078fe72652ec8e1f8a015ef5795fd",
                "d4b8abad7215dd98002e3712530c737b6b502a51cdfa713d9cb8907543b9beb3",
                "fcd25bb11b7982649c887ca772d378a366147e1d84dbd98f30490655fdbc18d7",
                "d3aef3c3aa0072fca0cbe56d69f90a099fdfa5f34cdb7b7769b92c7051d73d2b",
                "0daed784c8a50825014147c71b000749fcc755eb71db9daea08d052d149cea3b",
                "94c49e4e0f8138be2033e5217076fe115ba86165e9f574eb8cc4914677b22945",
                "9cf6d923aef6ec7463460a11fb342504793f69062df924880d8cf7f5908e4362",
                "dbae82b44a2ed1c7e73da6148f26db2220a11067c5a016ea57a52f23ddcd0f6f"
            ],
            "type": "Fetch",
            "firstPartyCookies": {},
            "firstPartyCookiesSent": {
                "source": 0.00010040160642570282,
                "IR_gbd": 0.00010040160642570282
            },
            "exampleSites": [
                "tommy.com",
                "aus.spell.co",
                "djcity.com.au",
                "www.babybunting.com.au",
                "www.bikesonline.com.au",
                "www.calvinklein.com.au",
                "www.digidirect.com.au",
                "www.kingliving.com.au",
                "www.nationalproductreview.com.au",
                "www.outbackequipment.com.au",
                "www.retravision.com.au",
                "www.sportitude.com.au",
                "www.surfstitch.com",
                "www.teds.com.au",
                "www.thegoodguys.com.au",
                "www.totaltools.com.au",
                "www.training.com.au"
            ]
        },
        {
            "rule": "particularaudience\\.com\\/2\\.7\\/PageView",
            "cookies": 0,
            "fingerprinting": 0,
            "subdomains": [
                "recs-1a"
            ],
            "apis": {},
            "sites": 16,
            "prevalence": 0.00161,
            "cnames": [],
            "responseHashes": [
                "ade0ed28f4015ea3842add6214b20d6492a0f1b5c56e9b4a5d49bec2174b4832",
                "2f8a875f018fd7ce3a56ac0e35368866ea69a6dc9646337e9741456c6ec3ad80",
                "d842835dc69f6f95d26a0995389b0814fbee1c4fa14c88bf6d45994a8f610089",
                "ff75af9e8bf5d809a65e7841b441b813f7e57c7961a78b5645fe9e6fda9c52bb",
                "1919337493261517d7c28313842f9b22fbca857735ab313608e29339fab5ca6a",
                "db336f0f719eaf0fcc4fc2e2a0b600096df80f84da29729058b67aa2a473e35d",
                "1a3e1c3be47757a1ba78cf6e545fe7759bc4263d4ad44b62a001fa9314594a1e",
                "e8f7b94b94fbb7d60b20cdb35c654bfc9a0d1c8937d9e18aa9e6c027d342220f",
                "fd46d9138d3464774967ce5716701e97acc5ca9683dfc4f825e3fc85a1eee4be",
                "d9978cf5281d5dceaa1ff61465886ca58fdb27559f85a0180c74234ea64b265e",
                "14285647f12c14e03c117426ac50e22d9a240d982977ebf3f3b105c06083e6a2",
                "52befdae96f02567a959886d3bbbc772cc03da9a5d4695281dc77181fb897419",
                "899d7de3e533d1a210f853a283410cd362c26bde27291f14a22e9e544620d3cb",
                "48db59e47a5629a1d5075bc592a045fb5c1809ff986ceeac8df538f8a726ae0b"
            ],
            "type": "Fetch",
            "firstPartyCookies": {},
            "firstPartyCookiesSent": {
                "source": 0.00010040160642570282,
                "PAC": 0.0011044176706827308,
                "IR_gbd": 0.00010040160642570282
            },
            "exampleSites": [
                "tommy.com",
                "aus.spell.co",
                "djcity.com.au",
                "www.babybunting.com.au",
                "www.bikesonline.com.au",
                "www.calvinklein.com.au",
                "www.digidirect.com.au",
                "www.kingliving.com.au",
                "www.nationalproductreview.com.au",
                "www.outbackequipment.com.au",
                "www.retravision.com.au",
                "www.sportitude.com.au",
                "www.surfstitch.com",
                "www.teds.com.au",
                "www.thegoodguys.com.au",
                "www.totaltools.com.au"
            ]
        },
        {
            "rule": "particularaudience\\.com\\/1\\.0\\/LogTrackerMessage",
            "cookies": 0,
            "fingerprinting": 0,
            "subdomains": [
                "recs-1a"
            ],
            "apis": {},
            "sites": 5,
            "prevalence": 0.000502,
            "cnames": [],
            "responseHashes": [],
            "type": "Preflight",
            "firstPartyCookies": {},
            "firstPartyCookiesSent": {},
            "exampleSites": [
                "tommy.com",
                "aus.spell.co",
                "www.calvinklein.com.au",
                "www.teds.com.au",
                "www.thegoodguys.com.au"
            ]
        },
        {
            "rule": "particularaudience\\.com\\/1\\.0\\/LogTrackerMessage",
            "cookies": 0,
            "fingerprinting": 0,
            "subdomains": [
                "recs-1a"
            ],
            "apis": {},
            "sites": 5,
            "prevalence": 0.000502,
            "cnames": [],
            "responseHashes": [
                "3fbb039bb9866c274c4f646a6fd511d034efa4c03ea01d09007fdf5455e7eb6b"
            ],
            "type": "Fetch",
            "firstPartyCookies": {},
            "firstPartyCookiesSent": {},
            "exampleSites": [
                "tommy.com",
                "aus.spell.co",
                "www.calvinklein.com.au",
                "www.teds.com.au",
                "www.thegoodguys.com.au"
            ]
        },
        {
            "rule": "particularaudience\\.com\\/js\\/ssda\\/t\\.js",
            "cookies": 0,
            "fingerprinting": 2,
            "subdomains": [
                "cdn"
            ],
            "apis": {
                "Navigator.prototype.userAgent": 2,
                "window.localStorage": 2,
                "window.sessionStorage": 2,
                "Date.prototype.getTime": 2,
                "Screen.prototype.width": 2,
                "Screen.prototype.height": 2,
                "Navigator.prototype.connection": 2,
                "Navigator.prototype.language": 2,
                "Navigator.prototype.cookieEnabled": 2,
                "Navigator.prototype.platform": 2,
                "Navigator.prototype.vendor": 2
            },
            "sites": 2,
            "prevalence": 0.000201,
            "cnames": [],
            "responseHashes": [
                "c871f412d743ee074ddc6f1f2d6bef8088b5eb4e49d4d02c9f523b1cb07a7d5d"
            ],
            "type": "Script",
            "firstPartyCookies": {},