{
    "domain": "plavxml.com",
    "owner": {},
    "source": [
        "DuckDuckGo-AU"
    ],
    "prevalence": 0.00442,
    "sites": 44,
    "subdomains": [
        "vxml4"
    ],
    "cnames": [],
    "fingerprinting": 1,
    "resources": [
        {
            "rule": "plavxml\\.com\\/sited\\/ref\\/ctrk\\/670-83086",
            "cookies": 0.000201,
            "fingerprinting": 1,
            "subdomains": [
                "vxml4"
            ],
            "apis": {
                "Document.cookie getter": 2,
                "Date.prototype.getTime": 2,
                "window.localStorage": 2
            },
            "sites": 2,
            "prevalence": 0.000201,
            "cnames": [],
            "responseHashes": [
                "030ddd247929fb2303a1ca538fdf28c95c706657c567b4b23998fc752b3caf13"
            ],
            "type": "Script",
            "firstPartyCookies": {},
            "firstPartyCookiesSent": {},
            "exampleSites": [
                "ahm.com.au",
                "members.ahm.com.au"
            ]
        },
        {
            "rule": "plavxml\\.com\\/sited\\/ref\\/phnumint_md_gp\\.jsp",
            "cookies": 0.00392,
            "fingerprinting": 1,
            "subdomains": [
                "vxml4"
            ],
            "apis": {
                "Document.cookie setter": 39,
                "Date.prototype.getTime": 5
            },
            "sites": 39,
            "prevalence": 0.00392,
            "cnames": [],
            "responseHashes": [
                "16a071501e393674217c9dd02daa7d0ec141ca9f938d23fc25b721643385e51b",
                "afe95aee902177b5c7a4458eaf8f7f5cbd02c6620d80a27a09e53f96e133596f",
                "29750cf250b8e0581b2422adfbf678b600c3786a11b98aafe19e452345bad425",
                "41c1bc91d199c5c4003cedc03dffb5177c3d304f8bcc964e85e2c6ad2655116e",
                "c90eb07664022ed30ecacb482c098fb51219184c56e142d94fd37aa492c8c8de",
                "4de04f6451ab55ab49b3160b62425204fedf2c249f1009cd540a4549c308f812",
                "fa7dee4d71a2a3af4506d8ad5afd3b06f20b35bc517901abaad2456e26db2519",
                "4df60fb84f3a11b360dc9c2c32c807d6b01016315624c73c6df2eb2612b5c0c7",
                "6bce7edaa23e7979c10bcb7fa9e82cb72ac3bd011bf1ac31eecbda9f2f224536",
                "ae6080ca3d63ab8117408bb7aabfa39ec72fd0de084fb327d9094fb3f597a93e",
                "c8b555080526ddfb77d0b69d962771813bb19800171ed292d49595c165be801f",
                "7a2f92125c440e301c2bf98de20ead3388ae28a53c1cf8bf43a7fc54e43181e0",
                "8e073e84373bdcdf158b93f998612c819e320ce472dc1988574b81d20c3c132a",
                "844f832beb91b7e915e088ba2cae1aa478ef74fff0a1e43224dc3130acfaab10",
                "bf8ddc2a1048b6c22a9e1f3d7d72bee640911101949fd7714170415d51ecf579",
                "576a93059a1c17415facc30acfdcb0a655abf30508b8d53ccdc58fda1e0636a2",
                "5b235358cd955754174f45caf031d21d719b690f139b612eb56f0c95b058abc9",
                "8467c285b5d11cea8f4e0685e8008dcfab1ef580f0e224b337fdcbedd499a51d",
                "7faafe57aecd13e05d8699450ae190dad0298f3aca4f245dc27b13de6d6c1479",
                "871022297580078483791b8a1905c218602431b843fd2e09a3825eae9c06f330",
                "f755196fe4565165d4d3e6a7a0619eb3433046f13645796ff107ef69b88027b9",
                "656f6386ccf27e2e179228ddf88ebaa918f6acf498337d362a2e1f563ed62be8",
                "9def6ee352623867bf81c5d24b1eb7f7ec048ce485d02b65cd788c2008ef36b9",
                "8d735e93151f3d5fd0e3cd7c76630104fed50bd8c52b18d29fa7bda910701aa9",
                "9fec77bac5c1d1e6b8445769688607bf1e4783d9e1c55e06b9f032804a6286e2",
                "977653ebaa8ad5e844eb35c00756b2213cf7c2de9f17bdf484e4ff7884fe0c2a",
                "a8015109aa61f1f93eb85e7c2c1bb30d38e330e2a634d6ed88a17554a91e548b",
                "200e69c15a125d4c553003a59e71ba909f8eb6c04ecbf15361385a5a14d03b36",
                "3c7a524b84033f9e3d8a1ec3a3d43c3a69b13beebbb21de3609f896e791f15bf",
                "d408729d9002599bcbecec4866b9b1ea69e1336fa0f062c17440356559d50057",
                "7cdba800e2d2466fe9afbe4c8ce0ceaa0b35dbb846c5c8292dbe74f38a443fe3",
                "4cc443121904574c837f52c46bc597153b9eb94d6c5e972c36eaa87b0359de8a",
                "f50db78558295c829fefd11babdbc52808da2cc36318c838dcbb952f7ab6e780",
                "6b92332c01885d4496e359947e5b759c58276ed0335c401ef8a2ca99c3558376",
                "51f324f6011399a1623bbb3980c35632db775fa06c8ae6fc6fc69ba00778c0b5",
                "de8b4a1f205f3716d10faacdd21364d8531366cbb26821b692de970dc0246a70",
                "da0ade74ec4f83d8552511d3e26e33f59cd3d8475fbcf8a58760895f7ab4723c",
                "8e178742d4aaa3e4d21cbcadcb48052cc14bf51f7eab81fde1b892f6cab3716e"
            ],
            "type": "Script",
            "firstPartyCookies": {
                "delaconsessid": {
                    "ttl": null,
                    "length": 32,
                    "prevalence": 0.00391566265060241,
                    "uniqueness": 1
                },
                "delaconphonenums": {
                    "ttl": null,
                    "length": 153,
                    "prevalence": 0.0022088353413654616,
                    "uniqueness": 1
                }
            },
            "firstPartyCookiesSent": {
                "_hjTLDTest": 0.00030120481927710846
            },
            "exampleSites": [
                "ilsau.com.au",
                "www.opencolleges.edu.au",
                "www.shannons.com.au",
                "www.bridgestone.com.au",
                "www.heritage.com.au",
                "www.mebank.com.au",
                "www.gmhba.com.au",
                "australmasonry.com.au",
                "www.loans.com.au",
                "www.australianunity.com.au",
                "www.roofracksgalore.com.au",
                "www.redenergy.com.au",
                "www.trafalgar.com",
                "www.medibank.com.au",
                "www.suncorp.com.au",
                "www.alintaenergy.com.au",
                "www.bupa.com.au",
                "devicehelp.optus.com.au",
                "www.apia.com.au",
                "www.intrepidtravel.com"
            ]
        },
        {
            "rule": "plavxml\\.com\\/sited\\/ref\\/integration\\.jsp",
            "cookies": 0.00382,
            "fingerprinting": 0,
            "subdomains": [
                "vxml4"
            ],
            "apis": {},
            "sites": 39,
            "prevalence": 0.00392,
            "cnames": [],
            "responseHashes": [
                "e3b0c44298fc1c149afbf4c8996fb92427ae41e4649b934ca495991b7852b855"
            ],
            "type": "Script",
            "firstPartyCookies": {},
            "firstPartyCookiesSent": {
                "_ga": 0.008032128514056224,
                "delaconsessid": 0.004016064257028112,
                "lca-clientid": 0.00010040160642570282,
                "gaClientId": 0.00010040160642570282
            },
            "exampleSites": [
                "www.instrumentchoice.com.au",
                "www.bupa.com.au",
                "www.shannons.com.au",
                "www.medibank.com.au",
                "www.gio.com.au",
                "www.alintaenergy.com.au",
                "www.bridgestone.com.au",
                "www.roofracksgalore.com.au",
                "www.loans.com.au",
                "www.heritage.com.au",
                "www.simplyenergy.com.au",
                "www.trafalgar.com",
                "www.opencolleges.edu.au",
                "www.stratco.com.au",
                "www.gmhba.com.au",
                "www.suncorp.com.au",
                "www.obrien.com.au",
                "www.apia.com.au",
                "www.australianunity.com.au",
                "www.scenic.com.au"
            ]
        },
        {
            "rule": "plavxml\\.com\\/sited\\/ref\\/integration\\.jsp",
            "cookies": 0.00221,
            "fingerprinting": 0,