{
    "domain": "playbuzz.com",
    "owner": {
        "name": "Playbuzz LTD",
        "displayName": "Playbuzz"
    },
    "source": [
        "DuckDuckGo-US"
    ],
    "prevalence": 0.000483,
    "sites": 71,
    "subdomains": [
        "stream",
        "mcd-sdk",
        "cdn",
        "embed",
        "ads",
        "prd-collector-anon",
        "vid1"
    ],
    "cnames": [],
    "fingerprinting": 1,
    "resources": [
        {
            "rule": "playbuzz\\.com\\/embed\\/sdk\\.js",
            "cookies": 0.0000545,
            "fingerprinting": 2,
            "subdomains": [
                "stream",
                "mcd-sdk"
            ],
            "apis": {
                "Navigator.prototype.userAgent": 9,
                "window.sessionStorage": 9,
                "Screen.prototype.width": 8,
                "Screen.prototype.height": 8,
                "Document.cookie getter": 9,
                "Document.cookie setter": 8,
                "Navigator.prototype.connection": 8
            },
            "sites": 9,
            "prevalence": 0.0000613,
            "cnames": [],
            "responseHashes": [
                "b2e4d4987c56b2e44b7df587a6562d52fd08686325d20b7d03c283e4747edaf5",
                "b611c637fdb18707bdd7e8fc5668cbddb701a28fa4c96180613c79abe846eb5f",
                "c22d3efda5dc792b454dbf1cc68314af63a73a9ca4d3959dec47501b57ee0676",
                "85d6139f229cfee712804878dc632ec2c25497f4d3c72fb5167f4356a9442270",
                "60aa363d317e540834e5ed25f994032d5062f583fc8f8783ea7001149f584e41",
                "00071913c2901fbcfbde2a9345e3ed8a66a06aeb198c3ffd9d67c25826d13c07",
                "1dacdfd3c257c3b1177ea1bba7124a24547a537909d93274173a7ba5bab5bfbf",
                "67379da7e491b481d9f3195944344f575ebf0decc8339863b1607029efe07918"
            ],
            "type": "Script",
            "firstPartyCookies": {
                "exco-uid": {
                    "ttl": 2592000,
                    "length": 16,
                    "prevalence": 0.000054456591289668224,
                    "uniqueness": 1
                }
            },
            "firstPartyCookiesSent": {},
            "exampleSites": [
                "cafepharma.com",
                "instinctmagazine.com",
                "perezhilton.com",
                "www.cafepharma.com",
                "www.cinconoticias.com",
                "www.drafttek.com",
                "www.droidviews.com",
                "www.golfwrx.com",
                "www.wordunscrambler.net"
            ]
        },
        {
            "rule": "playbuzz\\.com\\/logos\\/exco\\.svg",
            "cookies": 0,
            "fingerprinting": 0,
            "subdomains": [
                "cdn"
            ],
            "apis": {},
            "sites": 2,
            "prevalence": 0.0000136,
            "cnames": [],
            "responseHashes": [
                "28571b070f1f3e7d68901e4c44a2ed61d1d04d80af680468d62d0f27092eef6b"
            ],
            "type": "Image",
            "firstPartyCookies": {},
            "firstPartyCookiesSent": {},
            "exampleSites": [
                "cartermatt.com",
                "www.drafttek.com"
            ]
        },
        {
            "rule": "playbuzz\\.com\\/sdk\\.js",
            "cookies": 0,
            "fingerprinting": 1,
            "subdomains": [
                "embed"
            ],
            "apis": {
                "PerformanceTiming.prototype.navigationStart": 7
            },
            "sites": 9,
            "prevalence": 0.0000613,
            "cnames": [],
            "responseHashes": [
                "a90a02d293c532220eefa84f1edc79d402d4919fe3f4390856480222b61b7a6a"
            ],
            "type": "Script",
            "firstPartyCookies": {},
            "firstPartyCookiesSent": {},
            "exampleSites": [
                "rbth.com",
                "fr.rbth.com",
                "jp.rbth.com",
                "russian.rt.com",
                "www.albawaba.com",
                "www.epicreads.com",
                "www.healthnavigator.org.nz",
                "www.rbth.com",
                "www.tunota.com"
            ]
        },
        {
            "rule": "playbuzz\\.com\\/logos\\/d4dbb2d2-057c-4ad9-ba3c-4ac5a6d223f8_1601477355252\\.png",
            "cookies": 0,
            "fingerprinting": 0,
            "subdomains": [
                "cdn"
            ],
            "apis": {},
            "sites": 3,
            "prevalence": 0.0000204,
            "cnames": [],
            "responseHashes": [
                "2cd4825c32f0ff5ec9a966851aad26c2bc9e5dc73794109d38c0991cb37ba066"
            ],
            "type": "Image",
            "firstPartyCookies": {},
            "firstPartyCookiesSent": {},
            "exampleSites": [
                "chron.com",
                "smallbusiness.chron.com",
                "work.chron.com"
            ]
        },
        {
            "rule": "playbuzz\\.com\\/widget\\/feed\\.js",
            "cookies": 0,
            "fingerprinting": 0,
            "subdomains": [
                "cdn"
            ],
            "apis": {},
            "sites": 2,
            "prevalence": 0.0000136,
            "cnames": [],
            "responseHashes": [
                "a09fd12d5d56c4ad210c4906de667ad4b2723c4e9d4390d8ae5d32b0460ae786"
            ],
            "type": "Script",
            "firstPartyCookies": {},
            "firstPartyCookiesSent": {},
            "exampleSites": [
                "rt.com",
                "www.epicreads.com"
            ]
        },
        {
            "rule": "playbuzz\\.com\\/html",
            "cookies": 0,
            "fingerprinting": 0,
            "subdomains": [
                "embed"
            ],
            "apis": {},
            "sites": 2,
            "prevalence": 0.0000136,
            "cnames": [],
            "responseHashes": [
                "28b17b0d0cde86c75aa1ad44b54df2dc2407c24fbe61b7f84fafed5f5853258d"
            ],
            "type": "XHR",
            "firstPartyCookies": {},
            "firstPartyCookiesSent": {},
            "exampleSites": [
                "albawaba.com",
                "www.albawaba.com"
            ]
        },
        {
            "rule": "playbuzz\\.com\\/adwords\\.js",
            "cookies": 0,
            "fingerprinting": 0,
            "subdomains": [
                "mcd-sdk"
            ],
            "apis": {},
            "sites": 2,
            "prevalence": 0.0000136,
            "cnames": [],
            "responseHashes": [
                "e3b0c44298fc1c149afbf4c8996fb92427ae41e4649b934ca495991b7852b855"
            ],
            "type": "Script",
            "firstPartyCookies": {},
            "firstPartyCookiesSent": {},
            "exampleSites": [
                "albawaba.com",
                "www.albawaba.com"
            ]
        },
        {
            "rule": "playbuzz\\.com\\/api\\/v1\\/template",
            "cookies": 0,
            "fingerprinting": 0,
            "subdomains": [
                "ads"
            ],
            "apis": {},
            "sites": 2,
            "prevalence": 0.0000136,
            "cnames": [],
            "responseHashes": [
                "f874482bed2e180c43523ae253ae5c1815eeae4c621d28ef83fe263c741db0e7"
            ],
            "type": "Fetch",
            "firstPartyCookies": {},
            "firstPartyCookiesSent": {},
            "exampleSites": [
                "albawaba.com",
                "www.albawaba.com"
            ]
        },
        {
            "rule": "playbuzz\\.com\\/main\\/events",
            "cookies": 0,
            "fingerprinting": 0,
            "subdomains": [
                "prd-collector-anon"
            ],
            "apis": {},
            "sites": 2,
            "prevalence": 0.0000136,
            "cnames": [],