{
    "domain": "podigee.io",
    "owner": {},
    "source": [
        "DuckDuckGo-CH"
    ],
    "prevalence": 0.000904,
    "sites": 9,
    "subdomains": [
        "kurierdaily",
        "handelsblatt-today",
        "ran-racing",
        "wiwo-boersenwoche",
        "btc-echo-experts",
        "blick-zurueck",
        "in5minutenumdiewelt"
    ],
    "cnames": [],
    "fingerprinting": 0,
    "resources": [
        {
            "rule": "podigee\\.io\\/embed",
            "cookies": 0,
            "fingerprinting": 0,
            "subdomains": [
                "kurierdaily",
                "handelsblatt-today",
                "ran-racing",
                "wiwo-boersenwoche"
            ],
            "apis": {},
            "sites": 4,
            "prevalence": 0.000402,
            "cnames": [],
            "responseHashes": [
                "56fa9268ffdc019e601e66f9afcb80eddc74e96d4058b6777a600bf19c40e358",
                "51483eb798a7845197f62d09a1e72564d9ca9e55b1b9b8f9894c2b7c741a14e3",
                "6ac6539ed9dda2a66e30606ab851f464084cd04a0ce2ed8fee36928fb78da60a"
            ],
            "type": "XHR",
            "firstPartyCookies": {},
            "firstPartyCookiesSent": {},
            "exampleSites": [
                "kurier.at",
                "www.handelsblatt.com",
                "www.ran.de",
                "www.wiwo.de"
            ]
        },
        {
            "rule": "podigee\\.io\\/embed\\/playlist",
            "cookies": 0,
            "fingerprinting": 0,
            "subdomains": [
                "kurierdaily",
                "btc-echo-experts",
                "blick-zurueck",
                "handelsblatt-today",
                "ran-racing",
                "in5minutenumdiewelt",
                "wiwo-boersenwoche"
            ],
            "apis": {},
            "sites": 7,
            "prevalence": 0.000703,
            "cnames": [],
            "responseHashes": [
                "ccca417c92c187f04695f6b83806f322427daf7c4c653afa8af869b59c885bbb",
                "d1507e8af6b46a9754907a512a7974bbd072513a3fdc89126b2fc5d84974665c",
                "cb82352989b968ee587cdb467d344119f60c1ba6f68ead8a6dc8097eb9846a09",
                "d3a61889928f633f47e6b2bc701e5334aed6e6593c987b7b188c03056658575e",
                "17f68d2ffa5cccb6fc4aa4c9dd920f6a5322e1d37be81f95ee6fe0df3907b9df",
                "09d61ac1385a8d96ab3c4ce76e895e98a728dbc668fe8d3beb265c3fdc01f486"
            ],
            "type": "XHR",
            "firstPartyCookies": {},
            "firstPartyCookiesSent": {},
            "exampleSites": [
                "kurier.at",
                "www.btc-echo.de",
                "www.bz-berlin.de",
                "www.handelsblatt.com",
                "www.ran.de",
                "www.travelbook.de",
                "www.wiwo.de"
            ]
        },
        {
            "rule": "podigee\\.io\\/16-new-episode\\/embed",
            "cookies": 0,
            "fingerprinting": 0,
            "subdomains": [
                "blick-zurueck"
            ],
            "apis": {},
            "sites": 2,
            "prevalence": 0.000201,
            "cnames": [],
            "responseHashes": [
                "66a57c73a531517de270d04bd5212df85ecef603ca58f277fedfcba6f441fa01"
            ],
            "type": "XHR",
            "firstPartyCookies": {},
            "firstPartyCookiesSent": {},
            "exampleSites": [
                "bz-berlin.de",
                "www.bz-berlin.de"
            ]
        }
    ],
    "categories": [],
    "performance": {},
    "cookies": 0,
    "topInitiators": [
        {
            "domain": "podigee-cdn.net",
            "prevalence": 1
        }
    ],
    "types": {
        "XHR": 13
    },
    "nameservers": [
        "ns4.dnsimple-edge.org",
        "ns2.dnsimple.com",
        "ns1.dnsimple.com",
        "ns3.dnsimple.com"
    ]
}