{
    "domain": "pop6serve.com",
    "owner": {},
    "source": [
        "DuckDuckGo-US"
    ],
    "prevalence": 0.0000613,
    "sites": 9,
    "subdomains": [],
    "cnames": [],
    "fingerprinting": 1,
    "resources": [
        {
            "rule": "pop6serve\\.com\\/popsixle\\.php",
            "cookies": 0.000034,
            "fingerprinting": 1,
            "subdomains": [],
            "apis": {
                "Navigator.prototype.userAgent": 2,
                "Document.cookie getter": 2,
                "Date.prototype.getTime": 2,
                "Document.cookie setter": 1
            },
            "sites": 5,
            "prevalence": 0.000034,
            "cnames": [],
            "responseHashes": [
                "e6b927f5bf58a0f9b1fa737127b4a1e4e594195b4be9e9d103b05bcef6645d70",
                "754b8322065bb26bb3b767333f4a5c1fef9ab34c987187b84774745db21744e4",
                "67731d7dc0e5a1a2222170899698bef0e62039417bd1962de63d1848b8b822b3",
                "948e05c765a54f5011090e1d6801f2b31423df36bf2fcc220003159223216a18"
            ],
            "type": "Script",
            "firstPartyCookies": {
                "gtm_p6_ip": {
                    "ttl": 14408,
                    "length": 13,
                    "prevalence": 0.000006807073911208528,
                    "uniqueness": 1
                },
                "gtm_p6_country_code": {
                    "ttl": 14408,
                    "length": 2,
                    "prevalence": 0.000006807073911208528,
                    "uniqueness": 1
                },
                "gtm_p6_country": {
                    "ttl": 14408,
                    "length": 64,
                    "prevalence": 0.000006807073911208528,
                    "uniqueness": 1
                },
                "gtm_p6_st": {
                    "ttl": 14408,
                    "length": 64,
                    "prevalence": 0.000006807073911208528,
                    "uniqueness": 1
                },
                "gtm_p6_s_id": {
                    "ttl": 8035208,
                    "length": 7,
                    "prevalence": 0.000006807073911208528,
                    "uniqueness": 1
                }
            },
            "firstPartyCookiesSent": {},
            "exampleSites": [
                "cozyearth.com",
                "pelacase.com",
                "servicecu.org",
                "www.ccu.com",
                "www.trumpstore.com"
            ]
        },
        {
            "rule": "pop6serve\\.com\\/pop6_init_ip\\.php",
            "cookies": 0.0000136,
            "fingerprinting": 0,
            "subdomains": [],
            "apis": {},
            "sites": 2,
            "prevalence": 0.0000136,
            "cnames": [],
            "responseHashes": [
                "98a4d3492332a64ec3bbe14b3cb3a2a67e4b839a0acd4fafd37f13abac333ecd"
            ],
            "type": "XHR",
            "firstPartyCookies": {},
            "firstPartyCookiesSent": {},
            "exampleSites": [
                "cozyearth.com",
                "www.ccu.com"
            ]
        },
        {
            "rule": "pop6serve\\.com\\/pop6_init_02_02\\.php",
            "cookies": 0.0000136,
            "fingerprinting": 0,
            "subdomains": [],
            "apis": {},
            "sites": 2,
            "prevalence": 0.0000136,
            "cnames": [],
            "responseHashes": [
                "c8e324b412d6daa6f205d3e85fd288fb2af213be315b59dddb08145cabb0d5a5"
            ],
            "type": "XHR",
            "firstPartyCookies": {},
            "firstPartyCookiesSent": {},
            "exampleSites": [
                "cozyearth.com",
                "www.ccu.com"
            ]
        },
        {
            "rule": "pop6serve\\.com\\/pop6_init_05\\.php",
            "cookies": 0.0000136,
            "fingerprinting": 0,
            "subdomains": [],
            "apis": {},
            "sites": 2,
            "prevalence": 0.0000136,
            "cnames": [],
            "responseHashes": [
                "7ac2513a4093067b2eff32f3bb784a51afd2bdf1016ac95f9c6c42b85337c603"
            ],
            "type": "XHR",
            "firstPartyCookies": {},
            "firstPartyCookiesSent": {},
            "exampleSites": [
                "cozyearth.com",
                "www.ccu.com"
            ]
        },
        {
            "rule": "pop6serve\\.com\\/pop6_ping_capi\\.php",
            "cookies": 0.0000136,
            "fingerprinting": 0,
            "subdomains": [],
            "apis": {},
            "sites": 2,
            "prevalence": 0.0000136,
            "cnames": [],
            "responseHashes": [
                "92217f584816526e9fd2368a99a169bade3872125efd9471c1455f85279ac4de"
            ],
            "type": "XHR",
            "firstPartyCookies": {},
            "firstPartyCookiesSent": {},
            "exampleSites": [
                "cozyearth.com",
                "www.ccu.com"
            ]
        }
    ],
    "categories": [],
    "performance": {},
    "cookies": 0.0000613,
    "topInitiators": [
        {
            "domain": "shopify.com",
            "prevalence": 0.5714285714285714
        },
        {
            "domain": "googletagmanager.com",
            "prevalence": 0.3333333333333333
        },
        {
            "domain": "first party",
            "prevalence": 0.09523809523809523
        }
    ],
    "types": {
        "Script": 5,
        "XHR": 8
    },
    "nameservers": [
        "ns-834.awsdns-40.net",
        "ns-486.awsdns-60.com",
        "ns-2010.awsdns-59.co.uk",
        "ns-1243.awsdns-27.org"
    ]
}