{
    "domain": "primead.jp",
    "owner": {
        "name": "All About Inc.",
        "displayName": "All About"
    },
    "source": [
        "DuckDuckGo-US"
    ],
    "prevalence": 0.0000749,
    "sites": 11,
    "subdomains": [
        "ad",
        "s",
        "t"
    ],
    "cnames": [],
    "fingerprinting": 1,
    "resources": [
        {
            "rule": "primead\\.jp\\/js\\/aaprimead-request-async\\.js",
            "cookies": 0.0000408,
            "fingerprinting": 1,
            "subdomains": [
                "ad"
            ],
            "apis": {
                "Date.prototype.getTime": 7,
                "Document.cookie getter": 7,
                "Navigator.prototype.userAgent": 7,
                "Document.cookie setter": 6
            },
            "sites": 9,
            "prevalence": 0.0000613,
            "cnames": [],
            "responseHashes": [
                "d438e71c33b4135df5032c067f361c3dda4d97552f69133ed41c1805b679ea94"
            ],
            "type": "Script",
            "firstPartyCookies": {
                "aa-im-id": {
                    "ttl": 86408,
                    "length": 22,
                    "prevalence": 0.00004084244346725117,
                    "uniqueness": 1
                }
            },
            "firstPartyCookiesSent": {},
            "exampleSites": [
                "cojicaji.jp",
                "horti.jp",
                "live.kufu.co.jp",
                "pmall.gpoint.co.jp",
                "rurubu.jp",
                "sk-imedia.com",
                "thebest-1.com",
                "www.ichi-oshi.jp",
                "www.mag2.com"
            ]
        },
        {
            "rule": "primead\\.jp\\/optout",
            "cookies": 0.0000476,
            "fingerprinting": 0,
            "subdomains": [
                "ad"
            ],
            "apis": {},
            "sites": 7,
            "prevalence": 0.0000476,
            "cnames": [],
            "responseHashes": [
                "0f87c5ca3b7708ec8c28d164b84a076941a93da4c30ab67217479882d71a5c29",
                "669b0da5feb807829a012c98f6f77b351323f5b69a0efe2a1cdf52a75d861962",
                "630aff916330be5482baf9b7ec1ba6f848db967129eb77b805e321d4e9308e0f",
                "d2f57b05d0d2bafad2f5e0998541919985651947eb59684015252fc70dc69891",
                "fdc034066782f81a816cc2643193dc29b1790d68039aa4f4629c4e406853f4e6",
                "0128d0f896e06f0536f4bcc9e308e7e687e70d1b694538fe6cd9ae766883bb50"
            ],
            "type": "XHR",
            "firstPartyCookies": {},
            "firstPartyCookiesSent": {
                "lotame_domain_check": 0.000006807073911208528
            },
            "exampleSites": [
                "cojicaji.jp",
                "horti.jp",
                "pmall.gpoint.co.jp",
                "rurubu.jp",
                "thebest-1.com",
                "www.ichi-oshi.jp",
                "www.mag2.com"
            ]
        },
        {
            "rule": "primead\\.jp\\/redirect\\/aaprimead-set-uuid\\.html",
            "cookies": 0.0000272,
            "fingerprinting": 1,
            "subdomains": [
                "s"
            ],
            "apis": {
                "Date.prototype.getTime": 7,
                "Document.cookie getter": 4,
                "window.localStorage": 4,
                "Document.cookie setter": 4,
                "Navigator.prototype.userAgent": 5
            },
            "sites": 7,
            "prevalence": 0.0000476,
            "cnames": [],
            "responseHashes": [
                "e6bee17560307a4165ad4365afa2079cbedf8e61230cdc603514413742084657"
            ],
            "type": "Document",
            "firstPartyCookies": {},
            "firstPartyCookiesSent": {
                "lotame_domain_check": 0.000006807073911208528
            },
            "exampleSites": [
                "cojicaji.jp",
                "horti.jp",
                "pmall.gpoint.co.jp",
                "rurubu.jp",
                "thebest-1.com",
                "www.ichi-oshi.jp",
                "www.mag2.com"
            ]
        },
        {
            "rule": "primead\\.jp\\/mtx_cnt\\.gif",
            "cookies": 0,
            "fingerprinting": 0,
            "subdomains": [
                "t"
            ],
            "apis": {},
            "sites": 7,
            "prevalence": 0.0000476,
            "cnames": [],
            "responseHashes": [
                "8e8f7b462679680122e7427d1a4b61c2f63c1c2f48b882afeb6365965178f1f9"
            ],
            "type": "Image",
            "firstPartyCookies": {},
            "firstPartyCookiesSent": {
                "lotame_domain_check": 0.000006807073911208528
            },
            "exampleSites": [
                "cojicaji.jp",
                "horti.jp",
                "pmall.gpoint.co.jp",
                "rurubu.jp",
                "thebest-1.com",
                "www.ichi-oshi.jp",
                "www.mag2.com"
            ]
        },
        {
            "rule": "primead\\.jp\\/data_aggregation\\/set_td_segments\\.html",
            "cookies": 0.0000136,
            "fingerprinting": 1,
            "subdomains": [
                "s"
            ],
            "apis": {
                "Date.prototype.getTime": 3,
                "Document.cookie setter": 2,
                "window.localStorage": 2
            },
            "sites": 3,
            "prevalence": 0.0000204,
            "cnames": [],
            "responseHashes": [
                "ddea25c079c32086b611754dd6bcc4735a18d76e218ef0e610d505b0056c5029"
            ],
            "type": "Document",
            "firstPartyCookies": {},
            "firstPartyCookiesSent": {},
            "exampleSites": [
                "horti.jp",
                "www.ichi-oshi.jp",
                "www.mag2.com"
            ]
        },
        {
            "rule": "primead\\.jp\\/td_segment_master",
            "cookies": 0,
            "fingerprinting": 0,
            "subdomains": [
                "ad"
            ],
            "apis": {},
            "sites": 3,
            "prevalence": 0.0000204,
            "cnames": [],
            "responseHashes": [
                "21685166af33bea633d00fbe3c08ae6eb03aaf2fd3ffa7a83983da21caeb2a59"
            ],
            "type": "XHR",
            "firstPartyCookies": {},
            "firstPartyCookiesSent": {
                "lotame_domain_check": 0.000006807073911208528
            },
            "exampleSites": [
                "horti.jp",
                "www.ichi-oshi.jp",
                "www.mag2.com"
            ]
        }
    ],
    "categories": [],
    "performance": {},
    "cookies": 0.0000545,
    "topInitiators": [
        {
            "domain": "first party",
            "prevalence": 0.4375
        },
        {
            "domain": "treasuredata.com",
            "prevalence": 0.28125
        },
        {
            "domain": "im-apps.net",
            "prevalence": 0.15625
        },
        {
            "domain": "adlightning.com",
            "prevalence": 0.125
        }
    ],
    "types": {
        "Script": 9,
        "XHR": 10,
        "Document": 10,
        "Image": 7
    },
    "nameservers": [
        "ns-431.awsdns-53.com",
        "ns-576.awsdns-08.net",
        "ns-1255.awsdns-28.org",
        "ns-1675.awsdns-17.co.uk"
    ]
}