{
    "domain": "proofapi.com",
    "owner": {},
    "source": [
        "DuckDuckGo-US"
    ],
    "prevalence": 0.000116,
    "sites": 17,
    "subdomains": [
        "analytics"
    ],
    "cnames": [],
    "fingerprinting": 0,
    "resources": [
        {
            "rule": "proofapi\\.com\\/track",
            "cookies": 0,
            "fingerprinting": 0,
            "subdomains": [
                "analytics"
            ],
            "apis": {},
            "sites": 11,
            "prevalence": 0.0000749,
            "cnames": [],
            "responseHashes": [
                "866106d869e46f2f4ceb94bf46084fb9a6f14f172af5316c608edf0e299ee83a",
                "b7e1f029e2d32e0bf42b2ee79a237feade83c3b3b1ec092796482fa4af67b36f",
                "ab74902062911e822418c03699936906335284ebf521560e27fc23590f9d7884",
                "20bbeb960c67a9de61faa932c8f4275bf902fff38ac8b4675323fdcdf1278709",
                "1a142912951d0ef67468e4d28e987a4fbb11527244d3b0c7bd63b07dc0d899ff",
                "731f150c177c01dcb6c9cdc03fdf7471969cb03bb3dcd8844f76cb86c23829fe",
                "be5c9d67b2d49faf87ca2eac7bd4c25a0027df9cfa9f194e0f3863743f236490",
                "f4c10ad0114e86178adca2f21e419af8fb612c8fa0311e4212cb0088739a378a",
                "3007086f5d61e3ce9244e3e67ab1bb2a3164239e9b18484625097318629224c6",
                "c0634bba0f2980cab16a86079efed114f83761a02c14da64273dcdc7f040f597"
            ],
            "type": "XHR",
            "firstPartyCookies": {},
            "firstPartyCookiesSent": {
                "www_landingpage": 0.000006807073911208528
            },
            "exampleSites": [
                "foundr.com",
                "meetbeagle.com",
                "nebula.org",
                "stockstotrade.com",
                "www.etags.com",
                "www.integrativehealthcare.org",
                "www.lacrawfish.com",
                "www.lawnstarter.com",
                "www.leadingedgehealth.com",
                "www.mobilehomesell.com",
                "www.qhhtofficial.com"
            ]
        }
    ],
    "categories": [],
    "performance": {},
    "cookies": 0,
    "topInitiators": [
        {
            "domain": "useproof.com",
            "prevalence": 1
        }
    ],
    "types": {
        "XHR": 11
    },
    "nameservers": [
        "gail.ns.cloudflare.com",
        "bayan.ns.cloudflare.com"
    ]
}