{
    "domain": "pzz.io",
    "owner": {
        "name": "Kizitos Holding B.V.",
        "displayName": "Kizitos Holding"
    },
    "source": [
        "DuckDuckGo-NL"
    ],
    "prevalence": 0.00161,
    "sites": 16,
    "subdomains": [],
    "cnames": [],
    "fingerprinting": 1,
    "resources": [
        {
            "rule": "pzz\\.io\\/pzz\\.js",
            "cookies": 0.00161,
            "fingerprinting": 1,
            "subdomains": [],
            "apis": {
                "Document.cookie getter": 16,
                "window.localStorage": 16,
                "Document.cookie setter": 16
            },
            "sites": 16,
            "prevalence": 0.00161,
            "cnames": [],
            "responseHashes": [
                "9e3fabe3a1ce86d1ccb020d449449438d800d76d606964728401968651d649f1",
                "88d27b6e4664bdd2a7fb491587dbd55c6c98cc8ff2a26eeb7795c18f95c5ff20",
                "3fa4f9a8b6b5fdc8700d164100bfc7804edf20e9ef6e54e156bf8013d47149de",
                "4624fdfbc759c58a5f48ea2900e18b7e121daa4dd49aec158aea987579723ad4",
                "a00e9dca8f8a2fcb2446e3289d148e1d1c425399d3f156940f1412b27d5f28cd",
                "4f1aa91f749bba60dd22487d8009df26c09e402bb28691e88fa368ed7a9b162c",
                "a56f1c6c4d7f8a8040d50ffae786af28d316aa76907bfd7a3b45e137acdeb1ea",
                "6ee299d8a84136b5cd5b75d1f33919df14b798f171712fb01b00323031ffd9c4",
                "a47f9eb40c95c9467723b14e05804286985c7d400425ac9cd67b989810acc167",
                "7600ae2422d6390f3b981da27eb998b722f17b3e5d671e647a5c3b802cc8a2ac",
                "ef77ef9b8d80b53794314708a79d6b80d65d58f34bdbc5ccbd7346e9f844596d",
                "6eb222cefaa95951c377d5be4821577fe3b85de2f5e745b83181cfd960c80a0b",
                "4f0114b95beedd1542270afc335c2826827f481e9cb420d952e709ff64211bf3",
                "a3f9c44254a992608f981f2d5d2fd23ea432bd88f458f386c70af3a796bf85e4",
                "db20ee47fe68c5ed32eba56f4dbc727ae9f5ffb60add6c928430a932ac09d2de"
            ],
            "type": "Script",
            "firstPartyCookies": {
                "pzz_session_id": {
                    "ttl": 31536000,
                    "length": 36,
                    "prevalence": 0.0016069097117605705,
                    "uniqueness": 1
                }
            },
            "firstPartyCookiesSent": {},
            "exampleSites": [
                "commonsensetv.nl",
                "familieoverdekook.nl",
                "girlswhomagazine.nl",
                "thegreenguide.nl",
                "www.barcelonatips.nl",
                "www.byaranka.nl",
                "www.culinea.nl",
                "www.dikketitels.com",
                "www.goodgardn.nl",
                "www.huisvlijt.com",
                "www.kinderliedjes.info",
                "www.mamaliefde.nl",
                "www.mamsatwork.nl",
                "www.moestuinstekjes.nl",
                "www.nederlandinbedrijf.nl",
                "www.oudersenzo.nl"
            ]
        }
    ],
    "categories": [],
    "performance": {},
    "cookies": 0.00161,
    "topInitiators": [
        {
            "domain": "first party",
            "prevalence": 1
        }
    ],
    "types": {
        "Script": 16
    },
    "nameservers": [
        "ns-cloud-d1.googledomains.com",
        "ns-cloud-d2.googledomains.com",
        "ns-cloud-d3.googledomains.com",
        "ns-cloud-d4.googledomains.com"
    ]
}