{
    "domain": "rcvlink.com",
    "owner": {},
    "source": [
        "DuckDuckGo-US"
    ],
    "prevalence": 0.000116,
    "sites": 17,
    "subdomains": [
        "go",
        "st11"
    ],
    "cnames": [],
    "fingerprinting": 2,
    "resources": [
        {
            "rule": "rcvlink\\.com\\/static\\/main\\.js",
            "cookies": 0,
            "fingerprinting": 1,
            "subdomains": [
                "go"
            ],
            "apis": {
                "window.innerWidth": 11
            },
            "sites": 11,
            "prevalence": 0.0000749,
            "cnames": [],
            "responseHashes": [
                "0c51436760b06ae588e05494b22c0fb206e601c268f9c257db0f885d333d8818"
            ],
            "type": "Script",
            "firstPartyCookies": {},
            "firstPartyCookiesSent": {},
            "exampleSites": [
                "suara.com",
                "denpasar.suara.com",
                "gordonua.com",
                "korrespondent.net",
                "linimasa.suara.com",
                "m.tribunnews.com",
                "metro.suara.com",
                "mojok.co",
                "sukabumi.suara.com",
                "sumedang.suara.com",
                "www.gridoto.com"
            ]
        },
        {
            "rule": "rcvlink\\.com\\/cs\\/1\\/1",
            "cookies": 0,
            "fingerprinting": 0,
            "subdomains": [
                "go"
            ],
            "apis": {},
            "sites": 11,
            "prevalence": 0.0000749,
            "cnames": [],
            "responseHashes": [
                "dcb2bfa7a429f49c843c9c13073cf50bb2c715e28e197d940e65a64e3099f0c4",
                "3b630fa505ee6dbad93c090e9fbc3d73722a39b993c5a75d76e93db5fb9607b9",
                "ac9553d6a529989330aa19a6fd1fc5ec49df6efb83c0fdf718b8ab05996851d7",
                "560975df0eb4a668110d986d0a704678ec2f7869065eb2b4d7dd320985176a73",
                "92192de80b91cf75a89e47a06262af42019885bd93fe6ef6f32964bac4e8aef0",
                "d24c9fa091227e84d05afe6a7e634fbd8d9510528be490106a199ce02ebeb469",
                "17293f2295cd2ac3a5809d5c4b87821e103538778765824cf444a733aac3f509",
                "fac3462d2a82c88db967ce71d13f37be24c266d7912ec02627d1ab55b3199e36",
                "bf9df09047be0fe81bf63b9bcee9210cc1dacc87c68a8b28861603f1abe65b60",
                "59b6cd2a73cc3e8c153bd797e702bf5a79274bc4ce0bb4666668a1185e0fd9ef"
            ],
            "type": "Script",
            "firstPartyCookies": {},
            "firstPartyCookiesSent": {},
            "exampleSites": [
                "suara.com",
                "denpasar.suara.com",
                "gordonua.com",
                "korrespondent.net",
                "linimasa.suara.com",
                "m.tribunnews.com",
                "metro.suara.com",
                "mojok.co",
                "sukabumi.suara.com",
                "sumedang.suara.com",
                "www.gridoto.com"
            ]
        },
        {
            "rule": "rcvlink\\.com\\/static\\/iframe\\.htm",
            "cookies": 0,
            "fingerprinting": 1,
            "subdomains": [
                "go"
            ],
            "apis": {
                "Date.prototype.getTime": 12,
                "HTMLMediaElement.prototype.canPlayType": 11,
                "window.devicePixelRatio": 1
            },
            "sites": 12,
            "prevalence": 0.0000817,
            "cnames": [],
            "responseHashes": [
                "1ee072542c6162feabcd642f0805f5604b7c2195195ea7b1a8e2ebd559b162fa"
            ],
            "type": "Document",
            "firstPartyCookies": {},
            "firstPartyCookiesSent": {},
            "exampleSites": [
                "suara.com",
                "bandungbarat.suara.com",
                "denpasar.suara.com",
                "gordonua.com",
                "korrespondent.net",
                "linimasa.suara.com",
                "m.tribunnews.com",
                "metro.suara.com",
                "mojok.co",
                "sukabumi.suara.com",
                "sumedang.suara.com",
                "www.gridoto.com"
            ]
        },
        {
            "rule": "rcvlink\\.com\\/bdto\\/1JtyiBuqH0\\/",
            "cookies": 0.0000408,
            "fingerprinting": 0,
            "subdomains": [
                "go"
            ],
            "apis": {},
            "sites": 7,
            "prevalence": 0.0000476,
            "cnames": [],
            "responseHashes": [
                "3b5827470841895a4247f04ba5959bf30057ff5eee6336c9e5c3bbfebf52617b",
                "3e69d6b51d588da937c78e411ead43438a5af5f954a1d0d268f9e3d24ab8e590",
                "64d1d6e29156c48f38e9027d9843564f88cd4a4a71ea185f742660c7f3aee6a9",
                "32df512d9d5c60da0b4ad5799fe309f4be8573c3ef587cc154498dcf82a116ca",
                "96a1719b90a7064c095f20809d86834960993a8a1fe5faa196704374a03824d4",
                "08fbae6eea196b4cef4a5f2b01350c4a4cd84050f4c05d30faabc3083535f2f8"
            ],
            "type": "XHR",
            "firstPartyCookies": {},
            "firstPartyCookiesSent": {},
            "exampleSites": [
                "suara.com",
                "bandungbarat.suara.com",
                "denpasar.suara.com",
                "linimasa.suara.com",
                "metro.suara.com",
                "sukabumi.suara.com",
                "sumedang.suara.com"
            ]
        },
        {
            "rule": "rcvlink\\.com\\/img\\/logo160\\.png",
            "cookies": 0,
            "fingerprinting": 0,
            "subdomains": [
                "go"
            ],
            "apis": {},
            "sites": 12,
            "prevalence": 0.0000817,
            "cnames": [],
            "responseHashes": [
                "206ce999f9c9870036285f7da1f5628f05547ed59516f8ebd3925741f232c0cb"
            ],
            "type": "Image",
            "firstPartyCookies": {},
            "firstPartyCookiesSent": {},
            "exampleSites": [
                "suara.com",
                "bandungbarat.suara.com",
                "denpasar.suara.com",
                "gordonua.com",
                "korrespondent.net",
                "linimasa.suara.com",
                "m.tribunnews.com",
                "metro.suara.com",
                "mojok.co",
                "sukabumi.suara.com",
                "sumedang.suara.com",
                "www.gridoto.com"
            ]
        },
        {
            "rule": "rcvlink\\.com\\/img\\/1920\\.gif",
            "cookies": 0,
            "fingerprinting": 0,
            "subdomains": [
                "go"
            ],
            "apis": {},
            "sites": 6,
            "prevalence": 0.0000408,
            "cnames": [],
            "responseHashes": [
                "ab81673ca70f7613e4dd6f2197d24252ba082f0163f0c1ef89ce57561bfaee9a"
            ],
            "type": "Image",
            "firstPartyCookies": {},
            "firstPartyCookiesSent": {},
            "exampleSites": [
                "suara.com",
                "denpasar.suara.com",
                "linimasa.suara.com",
                "metro.suara.com",
                "sukabumi.suara.com",
                "sumedang.suara.com"
            ]
        },
        {
            "rule": "rcvlink\\.com\\/bdto\\/m51h7YiE7c\\/",
            "cookies": 0,
            "fingerprinting": 0,
            "subdomains": [
                "go"
            ],
            "apis": {},
            "sites": 6,
            "prevalence": 0.0000408,
            "cnames": [],