{
    "domain": "reallifeforyouandme.com",
    "owner": {},
    "source": [
        "DuckDuckGo-US"
    ],
    "prevalence": 0.000116,
    "sites": 17,
    "subdomains": [],
    "cnames": [],
    "fingerprinting": 0,
    "resources": [
        {
            "rule": "reallifeforyouandme\\.com\\/services\\/",
            "cookies": 0,
            "fingerprinting": 0,
            "subdomains": [],
            "apis": {},
            "sites": 9,
            "prevalence": 0.0000613,
            "cnames": [],
            "responseHashes": [
                "675a99b1830810f00c11c1aca56354a3a085f72fa0504fa8130bc615bd870db8",
                "d53331a2d6cdd9fc891a5de0c3760e6c757a993a6a61bd142a6523f81a225d5c",
                "63078997f4bbefe4e7a3573f5fa278bc14250f7df519120386caadd3da606fdf",
                "3a1db67a674bf0b412c1cd92abe2283ee3e4902d9a50467cb76572def15f6180",
                "17b8bed3606fb5509b4562fb6076ee22fcba390b1c904c62850068d64f12e905",
                "b7f8d8d18b41cec6117126d95a17d38cf5bde0d3f6f2f6d2aa9db1bc591d2025",
                "83fba245bb0ea5aa6ad92faaeddc87a12a09fe5fd869bee0c3ca454a399ce014",
                "62372c9db1eedd3f26edbe665b98995c9f120d46097aa6e3191522a5e345db7c"
            ],
            "type": "Script",
            "firstPartyCookies": {},
            "firstPartyCookiesSent": {},
            "exampleSites": [
                "24rollika.ru",
                "djki.art",
                "homeporno.biz",
                "mixporn.ink",
                "pornoafisha.info",
                "pornzoom.org",
                "trahnul.com",
                "www-dojki.com",
                "www.sslkn.porn"
            ]
        }
    ],
    "categories": [],
    "performance": {},
    "cookies": 0,
    "topInitiators": [
        {
            "domain": "first party",
            "prevalence": 0.8823529411764706
        },
        {
            "domain": "mix-porn.com",
            "prevalence": 0.11764705882352941
        }
    ],
    "types": {
        "Script": 9
    },
    "nameservers": [
        "dns1.registrar-servers.com",
        "dns2.registrar-servers.com"
    ]
}