{
    "domain": "reciteme.com",
    "owner": {},
    "source": [
        "DuckDuckGo-GB"
    ],
    "prevalence": 0.00141,
    "sites": 14,
    "subdomains": [
        "api"
    ],
    "cnames": [],
    "fingerprinting": 1,
    "resources": [
        {
            "rule": "reciteme\\.com\\/asset\\/js",
            "cookies": 0.000101,
            "fingerprinting": 1,
            "subdomains": [
                "api"
            ],
            "apis": {
                "Date.prototype.getTime": 12,
                "Navigator.prototype.userAgent": 12,
                "Navigator.prototype.vendor": 12,
                "Navigator.prototype.platform": 12,
                "Document.cookie getter": 10,
                "Document.cookie setter": 1
            },
            "sites": 12,
            "prevalence": 0.00121,
            "cnames": [],
            "responseHashes": [
                "2e7f1d7c76d606933be1caa8b7b75142476d309bf8068baeb381cf35ccd5e787",
                "88af6409df0409b40bcfff1f29698d0a336c9516874b5fe8fb9b90e357a5cdf0",
                "ca0fd2aef1572e4ca0c26f2991e582e9e28deb1e39238bb35e6bc929ba713c7b",
                "e87d7ee6b8f07187ded67caf76196205796eb58eb8a67dec042dc7f42166f249",
                "e3fe426e4813ae8f23132caeb9527f32fdcf6e65c49dbca21810ccbfa2a4cc91",
                "31364c83213c0faca117d3e3a05e482213b6186807d60f79e2e121d16e97f118",
                "33687babf557f8edb8468e1fcb26dac11e6d971e2df5c9835c2f0f567c6bc303",
                "6325513c2b10532cac7656698aa0bd7633184d043a62224f4a9cc8f14dac0ac4",
                "8e8de5bb35a1c0f2a6ee9b3538770d3784ac749889092ba867bd443649d334ea",
                "ad79cf692cffd6bfcc6e046b298003182ff73318d72fb844e2f24116ca958bfc",
                "82b0ef353fcf5842e082fd236c132b651725b9d0858eebd896696a9759786adb"
            ],
            "type": "Script",
            "firstPartyCookies": {
                "Recite.Preferences": {
                    "ttl": 31536006,
                    "length": 900,
                    "prevalence": 0.00010068465565847765,
                    "uniqueness": 1
                }
            },
            "firstPartyCookiesSent": {},
            "exampleSites": [
                "visitbelfast.com",
                "www.accessable.co.uk",
                "www.avantiwestcoast.co.uk",
                "www.brighton.ac.uk",
                "www.buses.co.uk",
                "www.dwrcymru.com",
                "www.gateshead.gov.uk",
                "www.gatwickairport.com",
                "www.metrobus.co.uk",
                "www.swansea.ac.uk",
                "www.walthamforest.gov.uk",
                "www.wigan.gov.uk"
            ]
        },
        {
            "rule": "reciteme\\.com\\/gtm-script\\.js",
            "cookies": 0,
            "fingerprinting": 1,
            "subdomains": [],
            "apis": {
                "Document.cookie getter": 2
            },
            "sites": 2,
            "prevalence": 0.000201,
            "cnames": [],
            "responseHashes": [
                "49032f5b9b314d5a2715a74cb5694e625ee124ec2e035d06aa32cd6ccc326c1a"
            ],
            "type": "Script",
            "firstPartyCookies": {},
            "firstPartyCookiesSent": {},
            "exampleSites": [
                "rethink.org",
                "www.whiskyshop.com"
            ]
        }
    ],
    "categories": [],
    "performance": {},
    "cookies": 0.000101,
    "topInitiators": [
        {
            "domain": "first party",
            "prevalence": 0.7857142857142857
        },
        {
            "domain": "googletagmanager.com",
            "prevalence": 0.14285714285714285
        },
        {
            "domain": "imagekit.io",
            "prevalence": 0.07142857142857142
        }
    ],
    "types": {
        "Script": 14
    },
    "nameservers": [
        "ns15.dnsmadeeasy.com",
        "ns12.dnsmadeeasy.com",
        "ns11.dnsmadeeasy.com",
        "ns14.dnsmadeeasy.com",
        "ns13.dnsmadeeasy.com",
        "ns10.dnsmadeeasy.com"
    ]
}