{
    "domain": "recoiltravellingbreach.com",
    "owner": {},
    "source": [
        "DuckDuckGo-NO"
    ],
    "prevalence": 0.000302,
    "sites": 3,
    "subdomains": [],
    "cnames": [],
    "fingerprinting": 1,
    "resources": [
        {
            "rule": "recoiltravellingbreach\\.com\\/11\\/61\\/29\\/1161294bdf84d07019f576208d7911a6\\.js",
            "cookies": 0.000201,
            "fingerprinting": 1,
            "subdomains": [],
            "apis": {
                "Document.cookie getter": 2,
                "Document.cookie setter": 2,
                "window.innerWidth": 2,
                "Navigator.prototype.languages": 1
            },
            "sites": 2,
            "prevalence": 0.000201,
            "cnames": [],
            "responseHashes": [
                "016f8b0e141e7150d6ceff50c8c08d33f87c0d2cc1b15ea11696263f978c8493"
            ],
            "type": "Script",
            "firstPartyCookies": {
                "sb_page_1161294bdf84d07019f576208d7911a6": {
                    "ttl": 2883,
                    "length": 1,
                    "prevalence": 0.00020110608345902463,
                    "uniqueness": 0.5
                },
                "sb_idelay_1161294bdf84d07019f576208d7911a6": {
                    "ttl": 2,
                    "length": 1,
                    "prevalence": 0.00020110608345902463,
                    "uniqueness": 0.5
                },
                "sb_delay_1161294bdf84d07019f576208d7911a6": {
                    "ttl": 2,
                    "length": 1,
                    "prevalence": 0.00020110608345902463,
                    "uniqueness": 0.5
                },
                "sb_onpage_1161294bdf84d07019f576208d7911a6": {
                    "ttl": null,
                    "length": 1,
                    "prevalence": 0.00020110608345902463,
                    "uniqueness": 0.5
                },
                "sb_main_1161294bdf84d07019f576208d7911a6": {
                    "ttl": 2883,
                    "length": 1,
                    "prevalence": 0.00020110608345902463,
                    "uniqueness": 0.5
                },
                "sb_count_1161294bdf84d07019f576208d7911a6": {
                    "ttl": 2883,
                    "length": 1,
                    "prevalence": 0.00020110608345902463,
                    "uniqueness": 0.5
                },
                "dom3ic8zudi28v8lr6fgphwffqoz0j6c": {
                    "ttl": 604803,
                    "length": 44,
                    "prevalence": 0.00020110608345902463,
                    "uniqueness": 1
                },
                "pbpr0tpuw4isk85t8yg3jb2lj5vqf": {
                    "ttl": 15,
                    "length": 16,
                    "prevalence": 0.00020110608345902463,
                    "uniqueness": 1
                }
            },
            "firstPartyCookiesSent": {},
            "exampleSites": [
                "javhdporn.net",
                "www4.javhdporn.net"
            ]
        }
    ],
    "categories": [],
    "performance": {},
    "cookies": 0.000302,
    "topInitiators": [
        {
            "domain": "cloudflare.com",
            "prevalence": 1
        }
    ],
    "types": {
        "Script": 2
    },
    "nameservers": [
        "ns1.publicdnsservice.com",
        "ns2.publicdnsservice.com",
        "ns3.publicdnsservice.com",
        "ns4.publicdnsservice.com"
    ]
}