{
    "domain": "redfastlabs.com",
    "owner": {},
    "source": [
        "DuckDuckGo-US"
    ],
    "prevalence": 0.0000817,
    "sites": 12,
    "subdomains": [
        "a1882387-4666-4392-bdc4-bfb21518a3ca",
        "dcdd8d82-6e72-425a-ba2f-7b8e2ca00616",
        "144c3146-0ceb-4476-9fba-04f8dbce33e3",
        "99bad415-a15a-4792-bd4c-dd79f2848ebb"
    ],
    "cnames": [],
    "fingerprinting": 1,
    "resources": [
        {
            "rule": "redfastlabs\\.com\\/assets\\/bundle\\.js",
            "cookies": 0,
            "fingerprinting": 1,
            "subdomains": [
                "a1882387-4666-4392-bdc4-bfb21518a3ca",
                "dcdd8d82-6e72-425a-ba2f-7b8e2ca00616",
                "144c3146-0ceb-4476-9fba-04f8dbce33e3"
            ],
            "apis": {
                "Navigator.prototype.userAgent": 4,
                "Event.prototype.timeStamp": 4,
                "window.sessionStorage": 4,
                "Document.cookie getter": 2,
                "window.localStorage": 4,
                "Navigator.prototype.platform": 4
            },
            "sites": 4,
            "prevalence": 0.0000272,
            "cnames": [],
            "responseHashes": [
                "1b6c1705987346b02dd300b6ad0ac2cbe430f053f7ecc256f61fa77c85bac5d9",
                "ee29a215964d26b698ae9b68f350666992fb8397b00b5e36f67be6a58263872d",
                "51b8017f79b34423c043dd9c757103899a8275a37112983b681a884b0ca0a9d1"
            ],
            "type": "Script",
            "firstPartyCookies": {},
            "firstPartyCookiesSent": {},
            "exampleSites": [
                "foxnews.com",
                "nation.foxnews.com",
                "welcome.ufcfightpass.com",
                "www.fox.com"
            ]
        },
        {
            "rule": "redfastlabs\\.com\\/assets\\/brig\\.umd\\.min\\.App\\.js",
            "cookies": 0,
            "fingerprinting": 1,
            "subdomains": [
                "a1882387-4666-4392-bdc4-bfb21518a3ca",
                "dcdd8d82-6e72-425a-ba2f-7b8e2ca00616",
                "99bad415-a15a-4792-bd4c-dd79f2848ebb",
                "144c3146-0ceb-4476-9fba-04f8dbce33e3"
            ],
            "apis": {
                "Navigator.prototype.userAgent": 7,
                "window.localStorage": 7
            },
            "sites": 7,
            "prevalence": 0.0000476,
            "cnames": [],
            "responseHashes": [
                "0c895911e65da951f7a44cecc2aa9b9ea2f639ae4bccb28a8a8b2646ff3ce37f",
                "b1b9467f511d8974886d493387fa1edb26975f27144e350dccbc85d9bb4294f5",
                "9808ede66501d80cc4da2708b2a44cc1a944ab5eb82c1eaedc275cfa0346575e",
                "51a89a9646afaf0fca3e787f4b5015d54a563d139ea4a3bbf4e67e60414cf540"
            ],
            "type": "Script",
            "firstPartyCookies": {},
            "firstPartyCookiesSent": {},
            "exampleSites": [
                "foxnews.com",
                "nation.foxnews.com",
                "welcome.ufcfightpass.com",
                "www.floracing.com",
                "www.flotrack.org",
                "www.flowrestling.org",
                "www.fox.com"
            ]
        },
        {
            "rule": "redfastlabs\\.com\\/assets\\/redfast\\.js",
            "cookies": 0,
            "fingerprinting": 1,
            "subdomains": [
                "99bad415-a15a-4792-bd4c-dd79f2848ebb"
            ],
            "apis": {
                "Navigator.prototype.userAgent": 4,
                "Event.prototype.timeStamp": 3,
                "window.sessionStorage": 4,
                "window.localStorage": 4,
                "Navigator.prototype.platform": 4
            },
            "sites": 4,
            "prevalence": 0.0000272,
            "cnames": [],
            "responseHashes": [
                "ba98d0d290b69d194256c4e2210eacdd758b7af5d9ab81fb21a6022a73af60ab"
            ],
            "type": "Script",
            "firstPartyCookies": {},
            "firstPartyCookiesSent": {},
            "exampleSites": [
                "floracing.com",
                "www.floracing.com",
                "www.flotrack.org",
                "www.flowrestling.org"
            ]
        }
    ],
    "categories": [],
    "performance": {},
    "cookies": 0,
    "topInitiators": [
        {
            "domain": "first party",
            "prevalence": 0.5714285714285714
        },
        {
            "domain": "osano.com",
            "prevalence": 0.2857142857142857
        },
        {
            "domain": "googletagmanager.com",
            "prevalence": 0.09523809523809523
        },
        {
            "domain": "tiqcdn.com",
            "prevalence": 0.047619047619047616
        }
    ],
    "types": {
        "Script": 15
    },
    "nameservers": [
        "ns-1567.awsdns-03.co.uk",
        "ns-1335.awsdns-38.org",
        "ns-372.awsdns-46.com",
        "ns-923.awsdns-51.net"
    ]
}