{
    "domain": "ref-r.com",
    "owner": {},
    "source": [
        "DuckDuckGo-US"
    ],
    "prevalence": 0.0000408,
    "sites": 6,
    "subdomains": [
        "www"
    ],
    "cnames": [],
    "fingerprinting": 0,
    "resources": [
        {
            "rule": "ref-r\\.com\\/campaign\\/t1\\/settings",
            "cookies": 0.0000272,
            "fingerprinting": 0,
            "subdomains": [
                "www"
            ],
            "apis": {},
            "sites": 4,
            "prevalence": 0.0000272,
            "cnames": [],
            "responseHashes": [
                "d7d497d0744b2fd4155424469b26fb04b904382d919ecb916c8b292d2fc54a4c",
                "60773876eccac067b151a71484e8fb2516db876c9f47f98e10ee2d6bd59c36d0",
                "f1fefb6d80f61188171d59616c553e6719e7289e3e615f590ea945ecb7932fa3"
            ],
            "type": "Script",
            "firstPartyCookies": {},
            "firstPartyCookiesSent": {
                "tk_ro": 0.000006807073911208528,
                "tk_rl": 0.000006807073911208528,
                "tk_or": 0.000006807073911208528,
                "tk_r3d": 0.000006807073911208528,
                "tk_lr": 0.000006807073911208528,
                "_quinn-landing-page": 0.000006807073911208528
            },
            "exampleSites": [
                "deltamunchies.com",
                "www.boat-lifestyle.com",
                "www.editage.com",
                "www.tataplay.com"
            ]
        }
    ],
    "categories": [],
    "performance": {},
    "cookies": 0.0000408,
    "topInitiators": [
        {
            "domain": "d11yp7khhhspcr.cloudfront.net",
            "prevalence": 0.6666666666666666
        },
        {
            "domain": "first party",
            "prevalence": 0.16666666666666666
        },
        {
            "domain": "invitereferrals.com",
            "prevalence": 0.16666666666666666
        }
    ],
    "types": {
        "Script": 4
    },
    "nameservers": [
        "ns-863.awsdns-43.net",
        "ns-2016.awsdns-60.co.uk",
        "ns-114.awsdns-14.com",
        "ns-1217.awsdns-24.org"
    ]
}