{
    "domain": "res-x.com",
    "owner": {
        "name": "Kibo Software, Inc.",
        "displayName": "Kibo Software"
    },
    "source": [
        "DuckDuckGo-AU"
    ],
    "prevalence": 0.000602,
    "sites": 6,
    "subdomains": [
        "www"
    ],
    "cnames": [],
    "fingerprinting": 0,
    "resources": [
        {
            "rule": "res-x\\.com\\/ws\\/r2\\/Resonance\\.aspx",
            "cookies": 0,
            "fingerprinting": 0,
            "subdomains": [
                "www"
            ],
            "apis": {},
            "sites": 6,
            "prevalence": 0.000602,
            "cnames": [],
            "responseHashes": [
                "0277f0ec5b5fa1c9e3b137304f2afd343b2861def802eb40634721da83bffeda",
                "d696ddbad68a712e2b7dad708fd045cfefa095f47e53007e0edb7fe9debf6204",
                "c8b9440511754ee1d28c38702819a8a2cd127152ed627f57600f2e448dc52092",
                "82595f800e9841fe71b8301e51cfcd332ce78a4d1ddb6cf9ca637195560c749f",
                "7d187e945d7905cb9a414551df488c6a24a53cf949f82061fc93d7c158ffb614"
            ],
            "type": "Script",
            "firstPartyCookies": {},
            "firstPartyCookiesSent": {
                "RES_TRACKINGID": 0.0006024096385542169,
                "dy_fs_page": 0.00010040160642570282,
                "RES_SESSIONID": 0.00020080321285140563,
                "IR_gbd": 0.00010040160642570282
            },
            "exampleSites": [
                "asics.com",
                "www.autozone.com",
                "www.itvsn.com.au",
                "www.mightyape.com.au",
                "www.mountainwarehouse.com",
                "www.revzilla.com"
            ]
        }
    ],
    "categories": [],
    "performance": {},
    "cookies": 0,
    "topInitiators": [
        {
            "domain": "certona.net",
            "prevalence": 0.8571428571428571
        },
        {
            "domain": "yottaa.com",
            "prevalence": 0.14285714285714285
        }
    ],
    "types": {
        "Script": 6
    },
    "nameservers": [
        "edns1.ultradns.org",
        "edns1.ultradns.net",
        "edns1.ultradns.biz",
        "edns1.ultradns.com"
    ]
}