{
    "domain": "rise-ai.com",
    "owner": {},
    "source": [
        "DuckDuckGo-AU"
    ],
    "prevalence": 0.00161,
    "sites": 16,
    "subdomains": [
        "str"
    ],
    "cnames": [],
    "fingerprinting": 2,
    "resources": [
        {
            "rule": "rise-ai\\.com\\/",
            "cookies": 0,
            "fingerprinting": 1,
            "subdomains": [
                "str"
            ],
            "apis": {
                "Navigator.prototype.product": 16,
                "Navigator.prototype.userAgent": 16
            },
            "sites": 16,
            "prevalence": 0.00161,
            "cnames": [],
            "responseHashes": [
                "9eaf50bf6e0eaf199239635e40b2748acd55fe6226215fd08fe895b86ef87a46",
                "c3fae6ee59daf9765353b76e83c72a0c8db520f2c2a0ec72d75bf43d807397cd",
                "8167ed2703f7007111f15e257c797c6f433e36300ec1af77b9d4875daa0e6751",
                "5546a0a1696a1dc3daa461513a64edcb089505ebd88474eef72dcde5d6efa495",
                "a6ed5ae94a81c7b0b0fe55cb47d6e691eabf4bba465242ef0a648ce2b2392382",
                "c4f6c3a7bf6ec321d8029d015a35888acf2935ab1e2b8588ffa325b19765c1fd",
                "7bafd58aaa077b5ecc9c94b2017143f0cde285bcaf817eda64ffc5484bd2842a",
                "76305efe342394226944430ca084d563ac85c120a808f6357ccdb1ba26b27690",
                "0111762fbfad1c9c692fb5a5fbe8f650cc2e97fccb9261bae95e75a544de3014",
                "360fded91ce42c3ef1856153d48149f34d90901b8bee2bf82fc4a2af5a5b4c07",
                "7ce831de782a24a382e814a5cac14974bab1706cbcb414d42d3f2fda9b2ed6f1",
                "7625791089e8a1a5de5cdb3391224edc8d725d2dbd11be89a2ccf845b7347b33",
                "0bb38e1f7cce5f3e3e3cb9661093b570241f6c8cf21b7e3c271b77bd2fd580f0",
                "1b7b416f49eb95768ebdc7a63aedb3e6d60256a79b543af24ed0244e82e37777",
                "57ffd3acf62cc3705306b07e48a92fd33b0c0d2cf4da7acc2ec90c6732a3f2ce"
            ],
            "type": "Script",
            "firstPartyCookies": {},
            "firstPartyCookiesSent": {},
            "exampleSites": [
                "whogivesacrap.org",
                "bhumi.com.au",
                "energymuse.com",
                "frankie4.com",
                "mypatriotsupply.com",
                "riot.com.au",
                "scooterhut.com.au",
                "thermomix.com.au",
                "www.babyvillage.com.au",
                "www.bamboobody.com.au",
                "www.boody.com.au",
                "www.lskd.co",
                "www.minijumbuk.com.au",
                "www.minimax.com.au",
                "www.statusanxiety.com.au",
                "www.stfrock.com.au"
            ]
        }
    ],
    "categories": [],
    "performance": {},
    "cookies": 0,
    "topInitiators": [
        {
            "domain": "first party",
            "prevalence": 0.9375
        },
        {
            "domain": "d5zu2f4xvqanl.cloudfront.net",
            "prevalence": 0.0625
        }
    ],
    "types": {
        "Script": 16
    },
    "nameservers": [
        "damon.ns.cloudflare.com",
        "sima.ns.cloudflare.com"
    ]
}