{
    "domain": "rtoaster.jp",
    "owner": {
        "name": "BrainPad Inc.",
        "displayName": "BrainPad"
    },
    "source": [
        "DuckDuckGo-US"
    ],
    "prevalence": 0.000429,
    "sites": 63,
    "subdomains": [
        "rt",
        "js"
    ],
    "cnames": [],
    "fingerprinting": 1,
    "resources": [
        {
            "rule": "rtoaster\\.jp\\/t\\/",
            "cookies": 0.0000136,
            "fingerprinting": 1,
            "subdomains": [
                "rt"
            ],
            "apis": {
                "Document.cookie setter": 2
            },
            "sites": 33,
            "prevalence": 0.000225,
            "cnames": [],
            "responseHashes": [
                "037adb4487d043b69897ed4268d086e68e650d373dde00b80e2145cc972b28bb",
                "20a91ceb4414385653f49eec48e22b9c381a0d2fe46c865a5a88c487ba0776c0",
                "ac1363f93fa8fde6041ecce0573a8b9294669e4529492222d436da82ee965b14",
                "2e6b03f38451cc2a9a6ed0ecaf8cb1e4b6154eef0947b53ab22fcd27f12f9fde",
                "58d9aabbacf645912c821f3709aeedca9ffcbca0e394fbc7c0eb5138f3df951d",
                "e5d071863f069b0864ca26cc2cbbde3bd6fa63014cb4bda3c21e16973d343461",
                "a962e09ebbb67ba410e0a5caa551727987ad4da347c17417adbc239ed2263da1",
                "de796cde9bcf3d38d8307ea8eeec2530b822b87f4b419ccd1d7869a1ff3ad311",
                "ae3822173490d9325d1f5cb5745c2099cab27f4b285ceb74c7b5e3252538c005",
                "81f2de8a058e44828cef5774fea75354bd494d86bb097024a6c04aa660dcc729",
                "9abfae8d22f541a17cce23955dbe9a3eb8a6502dbdaf4d1dc6aa6d0840c2c6bc",
                "38d4f44975761951db147bda4a592f4c9add31ac978d30b9ca0c6d8e7f84f8bd",
                "7789a6a9c782220dcc02aa91e8183f2dfc0123ade1bd5a99db81ff7853070ae3",
                "6b95fa104bcc6e304b1a1021c33108f059bbc42117625436e6abb020dde204ea",
                "20ced5be267e151fba188aaa6eafaeaafa42be7e8bd130f0f2105d4b4103f5e7",
                "b349c86ae0e1b2e57c68f0511c9f2e42436b40b8b6fa55b60d22d9445d6fab5d",
                "82c2dc7a3411d59f2b41a8e630cee4fdbcab632cb90bbe650c1792dd82e63ff1",
                "860be688b28143f7a0ce159eb66e77060efd36fa05f0744d26c927769dd5ccab",
                "2c447d92e231bab8259b78d2b5b78929a77276fbc196a3f2504e778f785f8b51",
                "0b02b86552ab92bee0c663eb60fc4bd08b3354b4abf9a0875f5b68d77c41552f",
                "d9766d3ab902a7d922a7a89c6b30b6d3db39c5249558ac46deb0036bf8e5e508",
                "6c87d08fa31dd87110343054f3edcf4535f8e11100c116e1d5ea0e02af5ec94c",
                "1bc0666b76f83b8ca79683d8dfcd841b4c1456bdb4c02ae12d9c9fc6af590631",
                "515fd2eda1d5d9cfccce8085722762cbf25e30739545aede21e8af6881bfbc06",
                "5f482c96aaf79a0348ce48e0fcbf1ba640e294c0f5a3428ebe99a638a6661e34"
            ],
            "type": "Script",
            "firstPartyCookies": {
                "_rt.uid": {
                    "ttl": 63158423,
                    "length": 36,
                    "prevalence": 0.000013614147822417056,
                    "uniqueness": 1
                },
                "_rt.xd": {
                    "ttl": 82823,
                    "length": 8,
                    "prevalence": 0.000013614147822417056,
                    "uniqueness": 1
                }
            },
            "firstPartyCookiesSent": {
                "__pid": 0.000013614147822417056,
                "s_previous_uri": 0.000006807073911208528,
                "_rt.uid": 0.000006807073911208528,
                "lotame_domain_check": 0.000013614147822417056
            },
            "exampleSites": [
                "r.nikkei.com",
                "www.shiseido.co.jp",
                "www.nifty.com",
                "asia.nikkei.com",
                "www.wowow.co.jp",
                "www.ntt.com",
                "www.smbcnikko.co.jp",
                "dime.jp",
                "www.amiami.com",
                "www.nikkei.com",
                "www.e-earphone.jp",
                "menjoy-digital.jp",
                "www.nta.co.jp",
                "www.jal.co.jp",
                "www.shimamura.co.jp",
                "cancam.jp",
                "nikkei.com",
                "rurubu.jp",
                "precious.jp",
                "style.nikkei.com"
            ]
        },
        {
            "rule": "rtoaster\\.jp\\/r\\/",
            "cookies": 0,
            "fingerprinting": 0,
            "subdomains": [
                "rt"
            ],
            "apis": {},
            "sites": 22,
            "prevalence": 0.00015,
            "cnames": [],
            "responseHashes": [
                "320ccbf5d51a61779b245b6e42380771f1ec061b0f8bdb2be4ee7a7950193a89",
                "17b5109660548a6212b150ae463fd71ff1e00a18cb39a658fa74e155d393aa81",
                "746b754baaeda2b171cbdbdbc263ba59017d8b6a1ba2c562698a2d0065760b6a",
                "fd46d97f2d883c3ebe79af66c10c5e5f1b5bdc02d57436a9607a5caa6f78f1e0",
                "5af7a736cf4e2ac5b7d802f93b60a1ea5a0dea8e7104ddbf5141c8e394c5e670",
                "197f9fc6180261609b5ff93e414d32c69fad0a077fad1c78136bfa6aa880d1e2",
                "0c2edbdddf98f1da12e027c3d9cbc2ee486ec36bfcbfa00153d9e05e9fcae5c9",
                "62d56096e3878419967598b958ec201e0c42bc9279883aba86978555c507aee3",
                "402e8745c0759d62fe8e1a1b3d28a5bf7c82285fa9c3824c5b62877321eb5a26",
                "3416ea50a20f85b919f0f5c03a34f856302a0746e0830dcb811c1729f179461f",
                "396584a572bb0a2af985b7c3d31ad4eac5c23385efa3cf9d4efd780693fd7fc5",
                "1d837a8faa41eb0b2e30700b29fa83337514a114addb9078f16390be53699dc1",
                "b634e275445ffd1b770fcc3ea79a5b00ddcf53d71ec5cd7793969ebc8ceffd37"
            ],
            "type": "Script",
            "firstPartyCookies": {},
            "firstPartyCookiesSent": {
                "__pid": 0.000013614147822417056,
                "_rt.uid": 0.00014294855213537908,
                "s_previous_uri": 0.000006807073911208528,
                "lotame_domain_check": 0.000013614147822417056
            },
            "exampleSites": [
                "www.wowow.co.jp",
                "www.felissimo.co.jp",
                "www.smbcnikko.co.jp",
                "www.pro.logitec.co.jp",
                "jbpress.ismedia.jp",
                "www.matsui.co.jp",
                "www.animatetimes.com",
                "www.rakuten-sec.co.jp",
                "nikkei.com",
                "rurubu.jp",
                "www.ntt.com",
                "www.jal.co.jp",
                "r.nikkei.com",
                "www.nta.co.jp",
                "www.nifty.com",
                "www.nikkei.com",
                "www.shiseido.co.jp",
                "asia.nikkei.com",
                "www.melonbooks.co.jp",
                "www.amiami.com"
            ]
        },
        {
            "rule": "rtoaster\\.jp\\/Rtoaster\\.js",
            "cookies": 0.000116,
            "fingerprinting": 1,
            "subdomains": [
                "js",
                "rt"
            ],
            "apis": {
                "Document.cookie getter": 25,
                "Document.cookie setter": 17
            },
            "sites": 28,
            "prevalence": 0.000191,
            "cnames": [],
            "responseHashes": [
                "6762615804eea62d385bab7695e0fdeed7c4f66c3fd966798a7f72dd6866bef4"
            ],
            "type": "Script",
            "firstPartyCookies": {
                "_rt.uid": {
                    "ttl": 63158406,
                    "length": 35,
                    "prevalence": 0.00010210610866812792,
                    "uniqueness": 1
                },
                "_rt.xd": {
                    "ttl": 82806,
                    "length": 8,
                    "prevalence": 0.00011572025649054497,
                    "uniqueness": 1
                }
            },
            "firstPartyCookiesSent": {},