{
    "domain": "scorpion.co",
    "owner": {},
    "source": [
        "DuckDuckGo-US"
    ],
    "prevalence": 0.000272,
    "sites": 40,
    "subdomains": [
        "sa",
        "api"
    ],
    "cnames": [],
    "fingerprinting": 0,
    "resources": [
        {
            "rule": "scorpion\\.co\\/sa\\.js",
            "cookies": 0,
            "fingerprinting": 0,
            "subdomains": [
                "sa"
            ],
            "apis": {},
            "sites": 21,
            "prevalence": 0.000143,
            "cnames": [],
            "responseHashes": [
                "276ef8d1cb1759968e9300c515eaf71e9bc64ebbf5fdee82f379b6fb0c3890e6",
                "dee051582a90ec6da271ee8df204c326133684d70090532cdace9c4107c9631a",
                "da20a1c6ccde87e90d31001b5d21b6d0879134defd22bb13ab320757b75381c4",
                "999504eb88fd35c556d16ca6ca030eba23e8696bf8a243043cf78b22e06672a0",
                "888be3d34b5a817dbc5a03c323057cebd6f8d727c9f41a0042e6cfe19858396b",
                "c8146dd93784ac80512f107f3fdc004b180b253abeaa1c66a6a962f8ca871ab9",
                "73b3da0764bcc51487431447d3d185d7bd349091159ce967cc585fb3770ef55d",
                "970226218030528d787859a7c8636cb68bbdde51d4119e530316c448eeafab9f",
                "3dba3848b0222242508e0cc0f1bf71e4856df0f9b1de5f81f352c2f9ff086f12",
                "9f763521913cc9a18f0f44a0e204b84f9ef608575f810c479143e302f3d29584",
                "86a9993352007be48cc7979b549ba942525fbd751113e1b290ca579ca124a894",
                "424850b5cbcdb5f419cc75bc623b76614f5baaa45d6015f493b3b2f1e01bdff7",
                "cd8191c34b9a4fd17df8448d07c89b0560907d528e54076077623fbc8dbdd333",
                "0655e171fe9e432f02331b8ed152b6ba82bf01cf2368011a9f10c2b743f3cf52",
                "339758ceacba33981a7d49d990ae6b88e21963d43a0c1db753c70b3ad01eee0d",
                "a4dfb0059795807ebf6fa8c1e57cf164e82ebf6ef5818b70f40cce9ac1491ed8",
                "00addea5cdc726a9cd0f87da053136b666dbe0abd56ae899862e02b73e705604",
                "33f1d340d70c23d7c62a8c53783d227bc1299f064a9903b2d9362627c196189a",
                "015b858ad72ce5886f8461d4b5c60da18efc82b5b4789a4f3abcf5ad4832ad73",
                "4c90f60c1fe433c581f4f7e491f58358c5aaa0783265cc9237a7329cbb0db685"
            ],
            "type": "Script",
            "firstPartyCookies": {},
            "firstPartyCookiesSent": {},
            "exampleSites": [
                "www.merrymaids.com",
                "www.lcmchealth.org",
                "www.fastsigns.com",
                "www.rwjbh.org",
                "www.chickensaladchick.com",
                "www.mrappliance.com",
                "www.mrrooter.com",
                "www.valleyhealthlink.com",
                "www.bch.org",
                "bch.org",
                "www.methodisthealthsystem.org",
                "www.psjhmedgroups.org",
                "www.ouhealth.com",
                "www.griswoldhomecare.com",
                "www.goldfishswimschool.com",
                "www.centracare.com",
                "www.campbowwow.com",
                "www.cbac.com",
                "www.groundsguys.com",
                "www.mrhandyman.com"
            ]
        },
        {
            "rule": "scorpion\\.co\\/communicationsplatform\\/webhooks\\/v1\\/api\\/cxcchat\\/chatpre",
            "cookies": 0,
            "fingerprinting": 0,
            "subdomains": [
                "api"
            ],
            "apis": {},
            "sites": 2,
            "prevalence": 0.0000136,
            "cnames": [],
            "responseHashes": [
                "217dd85c718f811c5c8a021dc96a11abe2900d46a4562a0e9cf61c4899641922"
            ],
            "type": "Fetch",
            "firstPartyCookies": {},
            "firstPartyCookiesSent": {},
            "exampleSites": [
                "merrymaids.com",
                "www.merrymaids.com"
            ]
        }
    ],
    "categories": [],
    "performance": {},
    "cookies": 0,
    "topInitiators": [
        {
            "domain": "first party",
            "prevalence": 0.5714285714285714
        },
        {
            "domain": "d20iq7dmd9ruqy.cloudfront.net",
            "prevalence": 0.047619047619047616
        },
        {
            "domain": "d12yp66odzcfr0.cloudfront.net",
            "prevalence": 0.047619047619047616
        },
        {
            "domain": "d2nmqj11l1ij0u.cloudfront.net",
            "prevalence": 0.047619047619047616
        },
        {
            "domain": "d19fhfqdgbj7sd.cloudfront.net",
            "prevalence": 0.047619047619047616
        },
        {
            "domain": "d1cx2112giyqkv.cloudfront.net",
            "prevalence": 0.047619047619047616
        },
        {
            "domain": "dttdrlk9qx747.cloudfront.net",
            "prevalence": 0.047619047619047616
        },
        {
            "domain": "d1rrbfu5dru7i1.cloudfront.net",
            "prevalence": 0.047619047619047616
        },
        {
            "domain": "scorpion.direct",
            "prevalence": 0.047619047619047616
        },
        {
            "domain": "scorpioncms.com",
            "prevalence": 0.047619047619047616
        }
    ],
    "types": {
        "Script": 21,
        "Fetch": 2
    },
    "nameservers": [
        "ns-1493.awsdns-58.org",
        "ns-539.awsdns-03.net",
        "ns-1636.awsdns-12.co.uk",
        "ns-159.awsdns-19.com"
    ]
}