{
    "domain": "sensic.net",
    "owner": {},
    "source": [
        "DuckDuckGo-AU"
    ],
    "prevalence": 0.000803,
    "sites": 8,
    "subdomains": [
        "es-config-preproduction",
        "au-config",
        "sg-config",
        "es-config",
        "1681959323518dce20069b1a798da5d9be89c024b1b912600a1c69c0.trk",
        "168195406777245ad519817f7915fb544ae1fcc244e9edb556669b39.trk",
        "1681954515146d97ccaad1c05bd36b1909b790c178e6a3ebbc856909.trk",
        "168195865110866251c710cd329d128873c8cd709b933fca15c316d9.trk",
        "16819563264939ca63366b1937311aea2a704640179faa0c33a94d36.trk",
        "1681958048140bd1e7eb99388aa55c8bcaf88c4124ebd063b23956f7.trk",
        "1681956299798280d71ac16921b924e016ad302dbd40c71fa2f3464f.trk",
        "es1preprod-s2s",
        "fc-id",
        "es1-s2s",
        "au1-s2s",
        "sg2-s2s"
    ],
    "cnames": [],
    "fingerprinting": 2,
    "resources": [
        {
            "rule": "sensic\\.net\\/s2s-web\\.js",
            "cookies": 0.000502,
            "fingerprinting": 1,
            "subdomains": [
                "es-config-preproduction",
                "au-config",
                "sg-config",
                "es-config"
            ],
            "apis": {
                "window.localStorage": 7,
                "Date.prototype.getTime": 7,
                "Navigator.prototype.userAgent": 6,
                "Navigator.prototype.platform": 6,
                "Navigator.prototype.language": 2,
                "Document.cookie getter": 5,
                "Document.cookie setter": 5
            },
            "sites": 8,
            "prevalence": 0.000803,
            "cnames": [],
            "responseHashes": [
                "8f59d920dc647bcf644317c0c4210aeb73ca1099fa51e5f8670c4baf7de24cc1",
                "af912b6d5bba00042aea54553765d150ebd592ead5ef2bf4e8f9827b7a7f2d95",
                "210d5132a189f5dc441659397479395c01cd422e96023e58492784ca884fc4ff"
            ],
            "type": "Script",
            "firstPartyCookies": {
                "sui_1pc": {
                    "ttl": 63072007,
                    "length": 56,
                    "prevalence": 0.000502008032128514,
                    "uniqueness": 1
                }
            },
            "firstPartyCookiesSent": {},
            "exampleSites": [
                "steptohealth.com",
                "www.2gb.com",
                "www.3aw.com.au",
                "www.6pr.com.au",
                "www.channelnewsasia.com",
                "www.marca.com",
                "www.novafm.com.au",
                "www.straitstimes.com"
            ]
        },
        {
            "rule": "sensic\\.net\\/3pc\\.html",
            "cookies": 0.000301,
            "fingerprinting": 1,
            "subdomains": [
                "es-config-preproduction",
                "au-config",
                "sg-config",
                "es-config"
            ],
            "apis": {
                "window.localStorage": 5,
                "Document.cookie getter": 6,
                "Date.prototype.getTime": 5,
                "Document.cookie setter": 3
            },
            "sites": 7,
            "prevalence": 0.000703,
            "cnames": [],
            "responseHashes": [
                "6c2b6d0208ffafae5afbf007859e6c4174aa9b08f5516259cb298e1042fa0e2b"
            ],
            "type": "Document",
            "firstPartyCookies": {},
            "firstPartyCookiesSent": {},
            "exampleSites": [
                "steptohealth.com",
                "www.3aw.com.au",
                "www.2gb.com",
                "www.6pr.com.au",
                "www.channelnewsasia.com",
                "www.marca.com",
                "www.novafm.com.au"
            ]
        },
        {
            "rule": "sensic\\.net\\/tp\\.gif",
            "cookies": 0,
            "fingerprinting": 0,
            "subdomains": [
                "1681959323518dce20069b1a798da5d9be89c024b1b912600a1c69c0.trk",
                "168195406777245ad519817f7915fb544ae1fcc244e9edb556669b39.trk",
                "1681954515146d97ccaad1c05bd36b1909b790c178e6a3ebbc856909.trk",
                "168195865110866251c710cd329d128873c8cd709b933fca15c316d9.trk",
                "16819563264939ca63366b1937311aea2a704640179faa0c33a94d36.trk",
                "1681958048140bd1e7eb99388aa55c8bcaf88c4124ebd063b23956f7.trk",
                "1681956299798280d71ac16921b924e016ad302dbd40c71fa2f3464f.trk"
            ],
            "apis": {},
            "sites": 7,
            "prevalence": 0.000703,
            "cnames": [],
            "responseHashes": [
                "e3b0c44298fc1c149afbf4c8996fb92427ae41e4649b934ca495991b7852b855"
            ],
            "type": "XHR",
            "firstPartyCookies": {},
            "firstPartyCookiesSent": {
                "lotame_domain_check": 0.00010040160642570282
            },
            "exampleSites": [
                "steptohealth.com",
                "www.3aw.com.au",
                "www.2gb.com",
                "www.6pr.com.au",
                "www.channelnewsasia.com",
                "www.marca.com",
                "www.novafm.com.au"
            ]
        },
        {
            "rule": "sensic\\.net\\/",
            "cookies": 0,
            "fingerprinting": 0,
            "subdomains": [
                "es1preprod-s2s",
                "fc-id",
                "es1-s2s"
            ],
            "apis": {},
            "sites": 7,
            "prevalence": 0.000703,
            "cnames": [],
            "responseHashes": [
                "ed3b8658634c566ca62bc9d4d2c5609a3be1ca7b3fdf4150ab1367f7fcea2bcb",
                "149dc0a74ac506080e87213250dd7053cc12d2d0cb81f23dd6b2cd545540884e",
                "80315f9a0811358655ec553c51124393347ea43b89a91f9f834fc5b6a40ec477",
                "e3b0c44298fc1c149afbf4c8996fb92427ae41e4649b934ca495991b7852b855",
                "f91106d9ffa6dad2f5a93ecfc356bd3fd21b26c908ea97fd3aedec7119f07774"
            ],
            "type": "XHR",
            "firstPartyCookies": {},
            "firstPartyCookiesSent": {},
            "exampleSites": [
                "steptohealth.com",
                "www.3aw.com.au",
                "www.2gb.com",
                "www.6pr.com.au",
                "www.channelnewsasia.com",
                "www.marca.com",
                "www.novafm.com.au"
            ]
        },
        {
            "rule": "sensic\\.net\\/id",
            "cookies": 0,
            "fingerprinting": 0,
            "subdomains": [
                "es1preprod-s2s",
                "au1-s2s",
                "sg2-s2s",
                "es1-s2s"
            ],
            "apis": {},
            "sites": 7,
            "prevalence": 0.000703,
            "cnames": [],
            "responseHashes": [
                "e3b0c44298fc1c149afbf4c8996fb92427ae41e4649b934ca495991b7852b855"
            ],
            "type": "XHR",
            "firstPartyCookies": {},
            "firstPartyCookiesSent": {},
            "exampleSites": [
                "steptohealth.com",
                "www.3aw.com.au",
                "www.2gb.com",
                "www.6pr.com.au",
                "www.channelnewsasia.com",
                "www.marca.com",
                "www.novafm.com.au"
            ]
        },
        {
            "rule": "sensic\\.net\\/sg1-ssa-w\\.js",
            "cookies": 0,
            "fingerprinting": 1,
            "subdomains": [
                "sg-config"
            ],
            "apis": {
                "Navigator.prototype.userAgent": 2,
                "Navigator.prototype.language": 2,
                "Navigator.prototype.platform": 2
            },
            "sites": 2,
            "prevalence": 0.000201,
            "cnames": [],
            "responseHashes": [
                "f51f0289293baeaee45416a7f1041c8478131ed7ec5a5f0ca1aae380eae80a15"
            ],
            "type": "Script",