{
    "domain": "shogakukan-web-api.net",
    "owner": {},
    "source": [
        "DuckDuckGo-US"
    ],
    "prevalence": 0.000123,
    "sites": 18,
    "subdomains": [],
    "cnames": [],
    "fingerprinting": 0,
    "resources": [
        {
            "rule": "shogakukan-web-api\\.net\\/rest\\/get-common-footer\\/site",
            "cookies": 0,
            "fingerprinting": 0,
            "subdomains": [],
            "apis": {},
            "sites": 9,
            "prevalence": 0.0000613,
            "cnames": [],
            "responseHashes": [
                "4e1341ad097df59a76b3907b719229689a364564426832164067244dd3bb830f",
                "677e991ba19c1af6b781a0fedcb4428e3fb3ac4aa180b60edbd4a07100bcb097",
                "28e9e8a86e6f74a3cc861dff2ca9c199fedee0a1cfd2edf958d505b83c08e097",
                "101c970eb64621efe41a517704e8bba6ccb6ac060e10b3f708527f5fa467bfcb",
                "695742f33c81644d1be48942325cfc4bc69278f64c149b3e676d6d5c8c176754",
                "9d55ea4ccad1e08ca3ddc933ef4f4e7ea57154601bf0951cd0bf83eb8dc35f90",
                "31d816e2113caa9416feaacfa970220ddbc63b550123e404945283116d465832",
                "5d0141b3a57be0f40a1045f176f9bf5e21de0ae252d687b60fae269826a7e7e9"
            ],
            "type": "Script",
            "firstPartyCookies": {},
            "firstPartyCookiesSent": {},
            "exampleSites": [
                "cancam.jp",
                "domani.shogakukan.co.jp",
                "hugkum.sho.jp",
                "intojapanwaraku.com",
                "kufura.jp",
                "menjoy-digital.jp",
                "oggi.jp",
                "serai.jp",
                "www.news-postseven.com"
            ]
        }
    ],
    "categories": [],
    "performance": {},
    "cookies": 0,
    "topInitiators": [
        {
            "domain": "first party",
            "prevalence": 1
        }
    ],
    "types": {
        "Script": 9
    },
    "nameservers": [
        "ns-1088.awsdns-08.org",
        "ns-1778.awsdns-30.co.uk",
        "ns-407.awsdns-50.com",
        "ns-838.awsdns-40.net"
    ]
}