{
    "domain": "signalintent.com",
    "owner": {},
    "source": [
        "DuckDuckGo-US"
    ],
    "prevalence": 0.00015,
    "sites": 22,
    "subdomains": [
        "embed"
    ],
    "cnames": [],
    "fingerprinting": 2,
    "resources": [
        {
            "rule": "signalintent\\.com\\/js\\/embedded\\.js",
            "cookies": 0,
            "fingerprinting": 0,
            "subdomains": [
                "embed"
            ],
            "apis": {},
            "sites": 12,
            "prevalence": 0.0000817,
            "cnames": [],
            "responseHashes": [
                "fdca6a86649b38ecb7fca63a353f6a9b2472abe9475afc0c5bf1b7dcfc6df11d",
                "307259ddb8df0d70198c5807232723ba7a92f9c93a5ff1bed37d8b16f64b6403",
                "2fa49d0cbccdb412def27cf6e93e27b7c5e7bba1e9853f1fc8219d2f9b3c0a83",
                "58d045ef129342a734dd38a33fbab92a4b96136b7571be8180f1dbd1eeff117d",
                "c479f454a313e49135274b672b65abcdc2ccc01c8d1307c0665dfb49949e4936",
                "1c59286f8d741275b493e7c0f9e6a517df95e420863c6ef98df0432c92847cd8",
                "e0eb0bd84a4e99d6dde0658c447fd781037e32d5c4c0db3fbe138a0ad3b32c6e",
                "ce8c9a7ecc09dc87b7fb0561df8250434ffac818a81ac0213fffbe5fd8192f44",
                "193a1f8503f2a3b8a2f23f1b940340ff988efbc6c09455c19a7d33df800ca6f7",
                "3c84352f5550d6ca3f7d77f3f86175f4fa2acb040d3c0578d05d4465c18b0662"
            ],
            "type": "Script",
            "firstPartyCookies": {},
            "firstPartyCookiesSent": {},
            "exampleSites": [
                "fccu.org",
                "www.affinityfcu.com",
                "www.alaskausa.org",
                "www.bankwithunited.com",
                "www.bellco.org",
                "www.globalcu.org",
                "www.gtefinancial.org",
                "www.lmcu.org",
                "www.selco.org",
                "www.towerfcu.org",
                "www.valley.com",
                "www.westerracu.com"
            ]
        },
        {
            "rule": "signalintent\\.com\\/env\\.js",
            "cookies": 0,
            "fingerprinting": 0,
            "subdomains": [
                "embed"
            ],
            "apis": {},
            "sites": 12,
            "prevalence": 0.0000817,
            "cnames": [],
            "responseHashes": [
                "c397f877a95edb7e338b0479195aa6def3e24eeea776c30cf695331db5a4cc7a"
            ],
            "type": "Script",
            "firstPartyCookies": {},
            "firstPartyCookiesSent": {},
            "exampleSites": [
                "fccu.org",
                "www.affinityfcu.com",
                "www.alaskausa.org",
                "www.bankwithunited.com",
                "www.bellco.org",
                "www.globalcu.org",
                "www.gtefinancial.org",
                "www.lmcu.org",
                "www.selco.org",
                "www.towerfcu.org",
                "www.valley.com",
                "www.westerracu.com"
            ]
        },
        {
            "rule": "signalintent\\.com\\/js\\/app\\.b23c8a20\\.js",
            "cookies": 0,
            "fingerprinting": 1,
            "subdomains": [
                "embed"
            ],
            "apis": {
                "window.innerWidth": 2,
                "window.innerHeight": 1
            },
            "sites": 12,
            "prevalence": 0.0000817,
            "cnames": [],
            "responseHashes": [
                "67624f6dfbdbcdccbc0ed3329abb637774c868ffa44a344df718bf54ad26002a"
            ],
            "type": "Script",
            "firstPartyCookies": {},
            "firstPartyCookiesSent": {},
            "exampleSites": [
                "fccu.org",
                "www.affinityfcu.com",
                "www.alaskausa.org",
                "www.bankwithunited.com",
                "www.bellco.org",
                "www.globalcu.org",
                "www.gtefinancial.org",
                "www.lmcu.org",
                "www.selco.org",
                "www.towerfcu.org",
                "www.valley.com",
                "www.westerracu.com"
            ]
        },
        {
            "rule": "signalintent\\.com\\/js\\/chunk-vendors\\.8e765cf0\\.js",
            "cookies": 0,
            "fingerprinting": 1,
            "subdomains": [
                "embed"
            ],
            "apis": {
                "Navigator.prototype.userAgent": 12,
                "Event.prototype.timeStamp": 12,
                "Navigator.prototype.product": 12
            },
            "sites": 12,
            "prevalence": 0.0000817,
            "cnames": [],
            "responseHashes": [
                "58dbe5ce2aeeb50fcaf53f072b834aae39cdb01da17693bcf71c78f3db5d37a1"
            ],
            "type": "Script",
            "firstPartyCookies": {},
            "firstPartyCookiesSent": {},
            "exampleSites": [
                "fccu.org",
                "www.affinityfcu.com",
                "www.alaskausa.org",
                "www.bankwithunited.com",
                "www.bellco.org",
                "www.globalcu.org",
                "www.gtefinancial.org",
                "www.lmcu.org",
                "www.selco.org",
                "www.towerfcu.org",
                "www.valley.com",
                "www.westerracu.com"
            ]
        },
        {
            "rule": "signalintent\\.com\\/css\\/app\\.3b7ed9e5\\.css",
            "cookies": 0,
            "fingerprinting": 0,
            "subdomains": [
                "embed"
            ],
            "apis": {},
            "sites": 12,
            "prevalence": 0.0000817,
            "cnames": [],
            "responseHashes": [
                "d79ffb9b8b992e301a6833e919064d131b277dde5b4f837971c6c0434f9c3130"
            ],
            "type": "Stylesheet",
            "firstPartyCookies": {},
            "firstPartyCookiesSent": {},
            "exampleSites": [
                "fccu.org",
                "www.affinityfcu.com",
                "www.alaskausa.org",
                "www.bankwithunited.com",
                "www.bellco.org",
                "www.globalcu.org",
                "www.gtefinancial.org",
                "www.lmcu.org",
                "www.selco.org",
                "www.towerfcu.org",
                "www.valley.com",
                "www.westerracu.com"
            ]
        },
        {
            "rule": "signalintent\\.com\\/css\\/chunk-vendors\\.926f5a3a\\.css",
            "cookies": 0,
            "fingerprinting": 0,
            "subdomains": [
                "embed"
            ],
            "apis": {},
            "sites": 12,
            "prevalence": 0.0000817,
            "cnames": [],
            "responseHashes": [
                "63e6d6f40a7fc3d0736e62006b227e2e6352bdd68b46647e01ff4585fca3f7bb"
            ],
            "type": "Stylesheet",
            "firstPartyCookies": {},
            "firstPartyCookiesSent": {},
            "exampleSites": [
                "fccu.org",
                "www.affinityfcu.com",
                "www.alaskausa.org",
                "www.bankwithunited.com",
                "www.bellco.org",
                "www.globalcu.org",
                "www.gtefinancial.org",
                "www.lmcu.org",
                "www.selco.org",
                "www.towerfcu.org",
                "www.valley.com",
                "www.westerracu.com"
            ]
        }
    ],
    "categories": [],
    "performance": {},
    "cookies": 0,
    "topInitiators": [
        {
            "domain": "first party",
            "prevalence": 0.7631578947368421
        },
        {
            "domain": "googletagmanager.com",
            "prevalence": 0.18421052631578946
        },
        {
            "domain": "globalcu.org",
            "prevalence": 0.05263157894736842
        }
    ],
    "types": {
        "Script": 48,
        "Stylesheet": 24
    },