{
    "domain": "silveregg.net",
    "owner": {},
    "source": [
        "DuckDuckGo-US"
    ],
    "prevalence": 0.000184,
    "sites": 27,
    "subdomains": [
        "baycrews",
        "campfire",
        "aigent2",
        "tbsnews",
        "pbansg",
        "uniteda",
        "clipstudiotips",
        "able",
        "enoteca",
        "nitori",
        "palcloset",
        "worldfcl",
        "beams",
        "felissimo",
        "veltra",
        "kaldi",
        "ac21",
        "ac26",
        "ac15",
        "bellemaison"
    ],
    "cnames": [],
    "fingerprinting": 0,
    "resources": [
        {
            "rule": "silveregg\\.net\\/pycre5\\/jsonp\\/recommend",
            "cookies": 0,
            "fingerprinting": 0,
            "subdomains": [
                "baycrews",
                "campfire",
                "aigent2",
                "tbsnews",
                "pbansg",
                "uniteda",
                "clipstudiotips",
                "able",
                "enoteca",
                "nitori",
                "palcloset"
            ],
            "apis": {},
            "sites": 12,
            "prevalence": 0.0000817,
            "cnames": [],
            "responseHashes": [
                "53fcde4b3e8a6c6c0175d32429542cd060be19ed454c0c722239fa9e7791a001",
                "29d83bece1f6fe3144ffbca3e5699e445f275afea9a58fef8a8e7cc13557e437",
                "8dfcf0898821ac630bb7afb4282736a0f1fedb5bacb94f00002141f2746a4daa",
                "8c02b614e7e446595b4a21c57abe9983ebe13138bff581cd4134a32265f4ad81",
                "d57d662966d1456f4a560d9d23ba9db0083615007aa0d11a42115d53aa98a854",
                "567ede61a556731862b1c07a936a3c814f632bf05f0ddc947fc472dfd19d5ede",
                "11216d96a08f13439d5ff1b1c8b84e8d8ba270ec02416cfec4b81e5c535974cd",
                "a4514307bce5e17a53219074a17e530507cb6474dc196fd4dd18a680d314e3e9",
                "b90f2bf0d63581210283df3749bb7f889a78ced9730e3e57364347cdb4fbcec3",
                "f88e3873e22c7f4d6d42e6b52edf70a955d0233face662a5d856e5001b806bc7",
                "f10ff83a167c442c73e96393d458598f90e066fbd15a2b14a76210076a60ef4c"
            ],
            "type": "Script",
            "firstPartyCookies": {},
            "firstPartyCookiesSent": {},
            "exampleSites": [
                "baycrews.jp",
                "camp-fire.jp",
                "employment.en-japan.com",
                "newsdig.tbs.co.jp",
                "p-bandai.com",
                "store.united-arrows.co.jp",
                "tips.clip-studio.com",
                "www.able.co.jp",
                "www.buyma.com",
                "www.enoteca.co.jp",
                "www.nitori-net.jp",
                "www.palcloset.jp"
            ]
        },
        {
            "rule": "silveregg\\.net\\/suite\\/page",
            "cookies": 0.00000681,
            "fingerprinting": 0,
            "subdomains": [
                "worldfcl",
                "beams",
                "felissimo",
                "veltra",
                "kaldi"
            ],
            "apis": {},
            "sites": 6,
            "prevalence": 0.0000408,
            "cnames": [],
            "responseHashes": [
                "38fdfc30272054e40f902a93062c73c3d9ea84e7597280845f7178a94052f5cf",
                "487d3fd41dd94e5941991bfcd563ff13142364f6e9902a36d515b0fd15456478",
                "fed0a8c86aae503d230c6fa051acafe0d35739a811be3f8ef7d3c7dc97dd2225",
                "9efa98e3a5bfbe93071226b0d02dbb5e2ac938902ea5736feb1cc6c244e80bb3",
                "fa474dd23dae68a23e966626b83ddcc5768decadcaaa417cf882b8eb8a4b5a03"
            ],
            "type": "Script",
            "firstPartyCookies": {},
            "firstPartyCookiesSent": {
                "s_previous_uri": 0.000006807073911208528
            },
            "exampleSites": [
                "world.co.jp",
                "www.beams.co.jp",
                "www.felissimo.co.jp",
                "www.hawaiiactivities.com",
                "www.kaldi.co.jp",
                "www.veltra.com"
            ]
        },
        {
            "rule": "silveregg\\.net\\/unitag\\/jsonp\\/recommend3",
            "cookies": 0,
            "fingerprinting": 0,
            "subdomains": [
                "ac21",
                "aigent2",
                "ac26",
                "ac15"
            ],
            "apis": {},
            "sites": 6,
            "prevalence": 0.0000408,
            "cnames": [],
            "responseHashes": [
                "e7b3cd790bb55287e81d829c4418555ca478a6e2b7fd74565edc48e0153f01f4",
                "2d12834ee4ecd7d4ecba336a394623fd0c6463e1d445d4e57a6f4f44fe66bbc2",
                "38b7582c0c424dcf8032ac995cff1424c8855b2bed8a959b5ce0ca6e8b023853",
                "0d186bcf830bcff33b2568d34149098aa961b82c525f9e3bea6b0fd64c422620",
                "6af98dfc9395d189f417765657db34aa0b4ca6967ff3f4e7e99511dcbbb6a5b4"
            ],
            "type": "Script",
            "firstPartyCookies": {},
            "firstPartyCookiesSent": {},
            "exampleSites": [
                "world.co.jp",
                "www.beams.co.jp",
                "www.felissimo.co.jp",
                "www.hawaiiactivities.com",
                "www.kaldi.co.jp",
                "www.veltra.com"
            ]
        },
        {
            "rule": "silveregg\\.net\\/pycre5\\/jsonp\\/mrecommend",
            "cookies": 0,
            "fingerprinting": 0,
            "subdomains": [
                "bellemaison"
            ],
            "apis": {},
            "sites": 2,
            "prevalence": 0.0000136,
            "cnames": [],
            "responseHashes": [
                "c7bd14fef7083a871b9b8f927c355d291af7fde370f46cee1e9ad1b6b784d52d"
            ],
            "type": "Script",
            "firstPartyCookies": {},
            "firstPartyCookiesSent": {},
            "exampleSites": [
                "bellemaison.jp",
                "www.bellemaison.jp"
            ]
        }
    ],
    "categories": [],
    "performance": {},
    "cookies": 0.00000681,
    "topInitiators": [
        {
            "domain": "first party",
            "prevalence": 0.9
        },
        {
            "domain": "ismcdn.jp",
            "prevalence": 0.05
        },
        {
            "domain": "jquery.com",
            "prevalence": 0.025
        },
        {
            "domain": "yjtag.jp",
            "prevalence": 0.025
        }
    ],
    "types": {
        "Script": 26
    },
    "nameservers": [
        "ns-95.awsdns-11.com",
        "ns-546.awsdns-04.net",
        "ns-1966.awsdns-53.co.uk",
        "ns-1370.awsdns-43.org"
    ]
}