{
    "domain": "skwstat.ru",
    "owner": {},
    "source": [
        "DuckDuckGo-US"
    ],
    "prevalence": 0.000102,
    "sites": 15,
    "subdomains": [
        "e7",
        "e8",
        "e5",
        "e3",
        "e4",
        "e2",
        "e10",
        "e6",
        "cl",
        "static"
    ],
    "cnames": [],
    "fingerprinting": 0,
    "resources": [
        {
            "rule": "skwstat\\.ru\\/nexus\\/vast",
            "cookies": 0,
            "fingerprinting": 0,
            "subdomains": [
                "e7",
                "e8",
                "e5",
                "e3",
                "e4",
                "e2",
                "e10",
                "e6"
            ],
            "apis": {},
            "sites": 11,
            "prevalence": 0.0000749,
            "cnames": [],
            "responseHashes": [
                "78493c7ad35c723f0598eeed8005cbbcd0e259660a11096b719b3c7db93f199e",
                "14b08d30a4f3d92db32b6e9a310e08b7aa727c8646edfad27ca4333a47163a4c",
                "d94e95de829df54be8916d6e0e3e701580e43cb4f92b9d034a4891801b850e3c",
                "fcd6f957eeca30f8f1b2527c13b640bd32bb2a2eba41111e77f8329ae9a90b36",
                "e3c355cb0a870e86fa0c51f47dd9283eda40ef70492f59aef3d7c87109cbbbda",
                "9f146dd4dff31f39299785130ddef7e1d33ab4b87fd00c35b36cbb850e1141e9",
                "438d3a86d1b180b18c0eea23c47b95ceab2f7fed6d515d04e67aaccd742a2ce6",
                "1298d0a8e2bb6d4aee6049498ebe08be1d03c21c0b18111d3db28979fdeb0fdf",
                "dc837e9b4a974326e928be20de06aa9a30a00a2b4afa9702b2752461d8c9b863",
                "bbf1ef31a6bba8d5d971f7a49f425a38ae801b7750c17a560403f12b5aa18814"
            ],
            "type": "Fetch",
            "firstPartyCookies": {},
            "firstPartyCookiesSent": {},
            "exampleSites": [
                "animefox.org",
                "gotovim-doma.ru",
                "ngs.ru",
                "obrazovaka.ru",
                "studme.org",
                "svpressa.ru",
                "www.e1.ru",
                "www.fontanka.ru",
                "www.maximonline.ru",
                "www.starhit.ru",
                "zaycev.net"
            ]
        },
        {
            "rule": "skwstat\\.ru\\/stat\\/e\\.gif",
            "cookies": 0,
            "fingerprinting": 0,
            "subdomains": [
                "cl"
            ],
            "apis": {},
            "sites": 11,
            "prevalence": 0.0000749,
            "cnames": [],
            "responseHashes": [
                "e3b0c44298fc1c149afbf4c8996fb92427ae41e4649b934ca495991b7852b855"
            ],
            "type": "Image",
            "firstPartyCookies": {},
            "firstPartyCookiesSent": {},
            "exampleSites": [
                "animefox.org",
                "gotovim-doma.ru",
                "ngs.ru",
                "obrazovaka.ru",
                "studme.org",
                "svpressa.ru",
                "www.e1.ru",
                "www.fontanka.ru",
                "www.maximonline.ru",
                "www.starhit.ru",
                "zaycev.net"
            ]
        },
        {
            "rule": "skwstat\\.ru\\/xml\\/vastempty\\.xml",
            "cookies": 0,
            "fingerprinting": 0,
            "subdomains": [
                "static"
            ],
            "apis": {},
            "sites": 6,
            "prevalence": 0.0000408,
            "cnames": [],
            "responseHashes": [
                "5799cbe40b98a4a8a9f90fb9852735eca6eb4385cc7bc227fcc2a7ec25245699"
            ],
            "type": "Fetch",
            "firstPartyCookies": {},
            "firstPartyCookiesSent": {},
            "exampleSites": [
                "animefox.org",
                "gotovim-doma.ru",
                "obrazovaka.ru",
                "studme.org",
                "svpressa.ru",
                "zaycev.net"
            ]
        },
        {
            "rule": "skwstat\\.ru\\/v20\\/vpaid\\.js",
            "cookies": 0,
            "fingerprinting": 0,
            "subdomains": [
                "static"
            ],
            "apis": {},
            "sites": 5,
            "prevalence": 0.000034,
            "cnames": [],
            "responseHashes": [
                "74997d45d603aabb23756d5136cc428866daffb2a0f2955e78d61b6a8a49a06e"
            ],
            "type": "Script",
            "firstPartyCookies": {},
            "firstPartyCookiesSent": {},
            "exampleSites": [
                "ngs.ru",
                "www.e1.ru",
                "www.fontanka.ru",
                "www.maximonline.ru",
                "www.starhit.ru"
            ]
        }
    ],
    "categories": [],
    "performance": {},
    "cookies": 0,
    "topInitiators": [
        {
            "domain": "viqeo.tv",
            "prevalence": 0.5089285714285714
        },
        {
            "domain": "punchmedia.ru",
            "prevalence": 0.36607142857142855
        },
        {
            "domain": "first party",
            "prevalence": 0.125
        }
    ],
    "types": {
        "Fetch": 17,
        "Image": 11,
        "Script": 5
    },
    "nameservers": [
        "ns2.beget.com",
        "ns1.beget.pro",
        "ns2.beget.pro",
        "ns1.beget.com"
    ]
}