{
    "domain": "soundestlink.com",
    "owner": {},
    "source": [
        "DuckDuckGo-AU"
    ],
    "prevalence": 0.00171,
    "sites": 17,
    "subdomains": [
        "forms",
        "fonts"
    ],
    "cnames": [],
    "fingerprinting": 0,
    "resources": [
        {
            "rule": "soundestlink\\.com\\/REST\\/inShop\\/v1\\/getSettings",
            "cookies": 0,
            "fingerprinting": 0,
            "subdomains": [
                "forms"
            ],
            "apis": {},
            "sites": 17,
            "prevalence": 0.00171,
            "cnames": [],
            "responseHashes": [
                "97ed7e7a2c74e8be272ef34fe7aa75c82583d53ae8a527024bb6023a8d92b996",
                "2a8bf08d30b4d6f230d04b2730a9b22c75eae63f66db14c4ec6311013d22145e",
                "4c9ab34f81a34f2f16462744c8e1d1f5f20bf0c058c223931b551eabab4726b6",
                "a0470b05a8dc68c1ba003d2e096c69e95855054b1721067794fc997d286375a7",
                "4049930c1ba1f828b156e8255f48bb6709cb8a620960e8cd1e9f79bc46201ffa",
                "0ae80a1a2d4902ce963655978d8f75f19f7a710c798cc3e80246534c4bfc3b97",
                "d87ef3b2a5e7cfc746fa06fb03e6b5216968ae50a23284a8ec1c2a911cb798f0",
                "aed4d3a09ceefaa39997e709b4a76edd1a2f185b161f20237cf9bb82647dc26c",
                "9a13d0ed1c72020a8937dacb5f577eea3812f27b7246641231ab3444149a7028",
                "78d88437d1d04510f75d8a9a09c45e7928bbb9552e14ebe050b44915bb957c82",
                "b604132dc87895e8eaf9414bf65cc473dcb24f1d25640cf613eb2ca6578923f3",
                "e949bf30ace99a996de6cd0ad2405770740bcbdf5f5869e52bce7109e20fbedd",
                "7e6d90881fc3694ce57348918f7fed0c7cf2f8f8d63da9fe1aea365632f7cb67",
                "144a409140b57f884fe500622f68c8f1615485780fd0868fcad0312bfde93ec1"
            ],
            "type": "Script",
            "firstPartyCookies": {},
            "firstPartyCookiesSent": {
                "_hjTLDTest": 0.00030120481927710846
            },
            "exampleSites": [
                "arcteryx.com.au",
                "aussiegardener.com.au",
                "ausnaturalcare.com.au",
                "australianorganicproducts.com.au",
                "distilleryking.com.au",
                "gymdirect.com.au",
                "labyrinthos.co",
                "lingerieseduction.com.au",
                "miracleproducts.shop",
                "pacsafe.com",
                "www.cheapaschips.com.au",
                "www.ecovacs.com",
                "www.everythingcaravans.com.au",
                "www.hsw.com.au",
                "www.lectura-specs.com",
                "www.mycollectables.com.au",
                "www.nutsaboutlife.com.au"
            ]
        },
        {
            "rule": "soundestlink\\.com\\/REST\\/forms\\/v1\\/renderedForms",
            "cookies": 0,
            "fingerprinting": 0,
            "subdomains": [
                "forms"
            ],
            "apis": {},
            "sites": 13,
            "prevalence": 0.00131,
            "cnames": [],
            "responseHashes": [
                "4f53cda18c2baa0c0354bb5f9a3ecbe5ed12ab4d8e11ba873c2f11161202b945",
                "ebeed1783e0b7f6c7f851463ef962293a0bedaa63bda2070d87856bebf90b1f0",
                "66dc70b04930af9e1457bdb0ca0ef6acc748d6d6d4ba5f2776206bb91c635b05",
                "a05e4f8df48e98fa1fc37802896300dbc2af8a9df41938ca7baa28d769ddbea4",
                "b500ce382b2f51eb192c7ada20a76d40e71c770fc007dc5faea78be906d8cd47"
            ],
            "type": "Fetch",
            "firstPartyCookies": {},
            "firstPartyCookiesSent": {},
            "exampleSites": [
                "aussiegardener.com.au",
                "ausnaturalcare.com.au",
                "australianorganicproducts.com.au",
                "gymdirect.com.au",
                "labyrinthos.co",
                "lingerieseduction.com.au",
                "miracleproducts.shop",
                "www.ecovacs.com",
                "www.everythingcaravans.com.au",
                "www.hsw.com.au",
                "www.lectura-specs.com",
                "www.mycollectables.com.au",
                "www.nutsaboutlife.com.au"
            ]
        },
        {
            "rule": "soundestlink\\.com\\/fonts\\/css\\/Poppins:ital,wght@0,400",
            "cookies": 0,
            "fingerprinting": 0,
            "subdomains": [
                "fonts"
            ],
            "apis": {},
            "sites": 3,
            "prevalence": 0.000301,
            "cnames": [],
            "responseHashes": [
                "98030df8d9ee9fc3af6c9456737f11d832ee10dfe67a961152a59bb937c9c06e"
            ],
            "type": "Stylesheet",
            "firstPartyCookies": {},
            "firstPartyCookiesSent": {},
            "exampleSites": [
                "labyrinthos.co",
                "miracleproducts.shop",
                "www.mycollectables.com.au"
            ]
        },
        {
            "rule": "soundestlink\\.com\\/fonts\\/css\\/Open+Sans:ital,wght@0,400",
            "cookies": 0,
            "fingerprinting": 0,
            "subdomains": [
                "fonts"
            ],
            "apis": {},
            "sites": 2,
            "prevalence": 0.000201,
            "cnames": [],
            "responseHashes": [
                "da13f8eb338c42934dd21f473510f0e41a3cf6ba1d34c332bfbd08d5c6a3716e"
            ],
            "type": "Stylesheet",
            "firstPartyCookies": {},
            "firstPartyCookiesSent": {},
            "exampleSites": [
                "labyrinthos.co",
                "www.ecovacs.com"
            ]
        }
    ],
    "categories": [],
    "performance": {},
    "cookies": 0,
    "topInitiators": [
        {
            "domain": "omnisnippet1.com",
            "prevalence": 0.5294117647058824
        },
        {
            "domain": "shopify.com",
            "prevalence": 0.23529411764705882
        },
        {
            "domain": "first party",
            "prevalence": 0.14705882352941177
        },
        {
            "domain": "bigcommerce.com",
            "prevalence": 0.058823529411764705
        },
        {
            "domain": "omnisrc.com",
            "prevalence": 0.029411764705882353
        }
    ],
    "types": {
        "Script": 17,
        "Fetch": 13,
        "Stylesheet": 5
    },
    "nameservers": [
        "rob.ns.cloudflare.com",
        "sara.ns.cloudflare.com"
    ]
}