{
    "domain": "stripchat.com",
    "owner": {},
    "source": [
        "DuckDuckGo-AU"
    ],
    "prevalence": 0.00191,
    "sites": 19,
    "subdomains": [
        "go",
        "creative"
    ],
    "cnames": [],
    "fingerprinting": 1,
    "resources": [
        {
            "rule": "stripchat\\.com\\/api\\/models",
            "cookies": 0.000502,
            "fingerprinting": 0,
            "subdomains": [
                "go"
            ],
            "apis": {},
            "sites": 5,
            "prevalence": 0.000502,
            "cnames": [],
            "responseHashes": [
                "f207cd2db778ead227fe306e7a86269a1ea94eeadcfe94f07ca2b3b2c9c345ce",
                "8db59e1b14bcc43e5ee9671aa118d7a6d7ffa085ae8d722e1fe8cb54fc6bc62f",
                "b1b543f5a998b2083822dbed75b440ce16d91020ea873a14584170d38c211c15",
                "b7aef7d5b03eb8ab534a3393c1add373b5ae48eb0fc3cc419a3742a4c0e647da"
            ],
            "type": "Fetch",
            "firstPartyCookies": {},
            "firstPartyCookiesSent": {},
            "exampleSites": [
                "gate.cc",
                "celebgate.org",
                "m.mylust.com",
                "mylust.com",
                "xcafe.com"
            ]
        },
        {
            "rule": "stripchat\\.com\\/api\\/front\\/v2\\/models\\/username\\/HannaBeckett\\/chat",
            "cookies": 0.0001,
            "fingerprinting": 0,
            "subdomains": [],
            "apis": {},
            "sites": 12,
            "prevalence": 0.0012,
            "cnames": [],
            "responseHashes": [
                "b9339b6613b31013a3fb904b3b3e580aedf770b2095debb30349fe589ed0dfa0",
                "b3759befe8a11d262279cdf6fbbde81250626b783ea8cc31722b8cc509800ff0",
                "c076a6bd562717468496233463ebf0d1f3d5cb26a5081e17f4f41bd238d319c6",
                "a4108963ef5e72963944754e46059c07aeb69f4654c93039f6328972d61ea4fd",
                "b951a3da19477095e21dc37962d4cf003a30bcfbdb8931ef4c41033541759800",
                "3716421ab58f03b8d868d27cc62b72eb2b6bd4e74ef7b0153b1eaa90ab75040b",
                "d16bba314f215489ce74f9a70017673d0ef4a51c87f26630b81fb99d882dde33",
                "1355e77b707e6e267082fa1772fa3c25d8cb172bd620a3af9b070bda6b1790f8",
                "9743afaa9a9da1ac9cddba432b5d0617fefcd98d608e13b76da319ac0bc24f65",
                "a98c9dafb6af78f1cfeb906caa470e22acb8a491deb41759e4451a05702d5d33"
            ],
            "type": "Fetch",
            "firstPartyCookies": {},
            "firstPartyCookiesSent": {},
            "exampleSites": [
                "gate.cc",
                "chan.sankakucomplex.com",
                "chyoa.com",
                "hdzog.com",
                "manhwahentai.me",
                "upornia.com",
                "www.eroprofile.com",
                "www.pictoa.com",
                "www.simply-hentai.com",
                "www.taboofantazy.com",
                "www.worldsex.com",
                "www.youjizz.com"
            ]
        },
        {
            "rule": "stripchat\\.com\\/abc\\.gif",
            "cookies": 0,
            "fingerprinting": 0,
            "subdomains": [
                "go"
            ],
            "apis": {},
            "sites": 5,
            "prevalence": 0.000502,
            "cnames": [],
            "responseHashes": [
                "e3b0c44298fc1c149afbf4c8996fb92427ae41e4649b934ca495991b7852b855"
            ],
            "type": "Image",
            "firstPartyCookies": {},
            "firstPartyCookiesSent": {},
            "exampleSites": [
                "celebgate.org",
                "celeb.gate.cc",
                "m.mylust.com",
                "mylust.com",
                "xcafe.com"
            ]
        },
        {
            "rule": "stripchat\\.com\\/widgets\\/Spot\\/lib\\.js",
            "cookies": 0.0001,
            "fingerprinting": 2,
            "subdomains": [
                "creative"
            ],
            "apis": {
                "Navigator.prototype.userAgent": 2,
                "PerformanceTiming.prototype.navigationStart": 2,
                "window.innerHeight": 2,
                "window.innerWidth": 2,
                "Navigator.prototype.vendor": 2,
                "Navigator.prototype.language": 2,
                "MediaSource.isTypeSupported": 2,
                "HTMLMediaElement.prototype.canPlayType": 2
            },
            "sites": 2,
            "prevalence": 0.000201,
            "cnames": [],
            "responseHashes": [
                "c0de4a58a17bcc0400a31ee81fd2299f918b05a241344a49d5968950d22e31b2"
            ],
            "type": "Script",
            "firstPartyCookies": {},
            "firstPartyCookiesSent": {},
            "exampleSites": [
                "mylust.com",
                "xcafe.com"
            ]
        },
        {
            "rule": "stripchat\\.com\\/config",
            "cookies": 0.000201,
            "fingerprinting": 0,
            "subdomains": [
                "go"
            ],
            "apis": {},
            "sites": 2,
            "prevalence": 0.000201,
            "cnames": [],
            "responseHashes": [
                "ad59e30a1ed017259b7ab20a6da8aab8a7e839bfc8eefb9e3574c5896766c4ce"
            ],
            "type": "Fetch",
            "firstPartyCookies": {},
            "firstPartyCookiesSent": {},
            "exampleSites": [
                "mylust.com",
                "xcafe.com"
            ]
        },
        {
            "rule": "stripchat\\.com\\/widgets\\/Spot\\/lang\\/en\\.json",
            "cookies": 0.000201,
            "fingerprinting": 0,
            "subdomains": [
                "creative"
            ],
            "apis": {},
            "sites": 2,
            "prevalence": 0.000201,
            "cnames": [],
            "responseHashes": [
                "065782e76dcfa6a9181cc36d69abefa429aafe2db2171b5d705a35b3fe234e3f"
            ],
            "type": "Fetch",
            "firstPartyCookies": {},
            "firstPartyCookiesSent": {},
            "exampleSites": [
                "mylust.com",
                "xcafe.com"
            ]
        },
        {
            "rule": "stripchat\\.com\\/widgets\\/Spot\\/core\\.db50f5f8fc13cf868bd2\\.js",
            "cookies": 0,
            "fingerprinting": 0,
            "subdomains": [
                "creative"
            ],
            "apis": {},
            "sites": 2,
            "prevalence": 0.000201,
            "cnames": [],
            "responseHashes": [
                "d4e1860db9b3e13d684e56139cddc43c7c88ae89752dfe5fad6aca572ba8a8bb"
            ],
            "type": "Script",
            "firstPartyCookies": {},
            "firstPartyCookiesSent": {},
            "exampleSites": [
                "mylust.com",
                "xcafe.com"
            ]
        },
        {
            "rule": "stripchat\\.com\\/thumbs\\/view",
            "cookies": 0.000201,
            "fingerprinting": 0,
            "subdomains": [
                "go"
            ],
            "apis": {},
            "sites": 2,
            "prevalence": 0.000201,
            "cnames": [],
            "responseHashes": [
                "c6b7b9c30178b4c1a705e993742e255f976b53261fb50ae62839142138957e5d"
            ],
            "type": "Fetch",
            "firstPartyCookies": {},
            "firstPartyCookiesSent": {},
            "exampleSites": [
                "mylust.com",
                "xcafe.com"
            ]
        },
        {
            "rule": "stripchat\\.com\\/api\\/external\\/v4\\/widget",
            "cookies": 0.0001,
            "fingerprinting": 0,
            "subdomains": [],
            "apis": {},
            "sites": 2,
            "prevalence": 0.000201,
            "cnames": [],
            "responseHashes": [],
            "type": "XHR",
            "firstPartyCookies": {},
            "firstPartyCookiesSent": {},