{
    "domain": "t13.io",
    "owner": {},
    "source": [
        "DuckDuckGo-AU"
    ],
    "prevalence": 0.00643,
    "sites": 64,
    "subdomains": [
        "s2s"
    ],
    "cnames": [],
    "fingerprinting": 0,
    "resources": [
        {
            "rule": "t13\\.io\\/cookie_sync",
            "cookies": 0,
            "fingerprinting": 0,
            "subdomains": [
                "s2s"
            ],
            "apis": {},
            "sites": 64,
            "prevalence": 0.00643,
            "cnames": [],
            "responseHashes": [
                "bbefa377ee69c92cfd433bad9cd67f5fa22425fecb12e7cfceb09344dbd63b40",
                "375db75fa9b02739cccd5336bcf24d80239252bd850688a1b83b094580b472df",
                "fd40592c7a20359fcc48c375aaba70b3e911562f4108d3b8d8b243be454e68b1",
                "ea06dcd21a2054ddaabb5a754ba4931642d3061035398983a7f0cbb930ebaf3b",
                "90690e410411687eab785384ea0a7841e674387a040eff58c775584d32c6c1e7",
                "086a47c4eabbc838b5c780092cb7e74d8f964e48c31987aa8fbaa2de4a8297b3",
                "d4220035aa239f8b305d1aae8b9aae521c062a6cfdd1aab476bb67262ecff66e",
                "a4e7ad504d56ac8e34b2ffe71810ce4b570dacc221de2d0188b4e5d2343ee706",
                "ddc24d2ef7a61f9e0738c516de3561caacfe5e049fdd14b7efc037a009d5ccfd",
                "9b8cc67e51df4d4d28622b91d8eb4c9a375bebcd0c59573ba46ab3b29a20620f",
                "54205be05342803929eb24986dac776d22bafdfb8762ea9584954428a74b1988",
                "3108ccfe1214c89ec3210431f98efe3dfd14a6506b19454858a48bebb8d16698",
                "007ea394023b6ffb1f52b8e3427b14e42d0f62fe57672697b7b98c4d19719d93",
                "dcb511affc3c744f5e76528baf434959acd757562accb68d554c7b97e6628a51",
                "7f43abb2190db65fc69ca2f4479e0ccfa04dbb2215ab105acc71d4d76328d277",
                "55b1b5a5c8e9bc068ae4003bb034e201bccc2e82ff2c3beb638d417ada6d637a",
                "0becee0a1726ba45705adf1ca39e23599ed3f7b96c13e5f86155972c457292b8",
                "87547f92e75cd544e9d257d8a14395f1e10aeec4132e0c74b6737f2d28b19001",
                "6c2a248e50e8dbb45e3afe8cdceee3fcb75a6311ba15a53f2b4704c8ffbd7e8a",
                "58f3a86ebd5d24bce7e4121e1f28303428025dc3617719007867745760785780",
                "e21c3e483ecbc618454b5cc705805cce85f32b621d4183c58e64b50953b81e31",
                "9e120de80591c1a10843877cfbc21aad9e6a185ebc407407f44f0279b13c669a",
                "d779f1389cf8144137dff02bb2f81e47eb428015b307f62e1eae57bec8ae2f51",
                "ae1b92506c8651cc5f093702d8ac1ffeb2858abf91f6ec0da563129670422f7a",
                "188fb5020850b15a331dc09a26a5da36f820a01526088105ada00be6a206e83a",
                "f12759b9137fbffb4dd94d0c55d29b8ae1f0a91c27e4929e72898af041726b1f",
                "c350d90dc89a4bf1cddb190b91653b6bf0ce84caf81d3de65026537524e289c3",
                "6be657195ace04ab49aa8592f000c16c1049bfc82329927787843db8f1d24573",
                "09207c7bc3387e9efac9963c38a15d93bc85f241266d2de6050a385d12139b5d",
                "712e87221db065d6842ac157fe61a14091f12cf01d3cb501261d487caf2c9f48",
                "ad80dea356362b638431410c58a4407cadb50a94fcb78e72958af3ecdd3b1e6e",
                "4eb59a764682b7a4be99b1f6d615d4ff728839f59ddc9765c1921cb61896155c",
                "7ee0e1e727285f3c436e4f6b59272b5a4ac38433f8f9d0117817c07fab305daa",
                "6a6a8411bd2f4d02d15d89899aeffb4df2f0ed68231d110331f3a3ca17a6380e",
                "69c3be69f09c3fd25dc9d6ad83cabc32b912d42e07cfdb089f3752924e336f6d",
                "a1792c845eeddce4366918812c8e4750617fcac49b0fc750f3b82f2384717ebf",
                "3a4b2a23b9953216804e9973560dd958d837c6fcfce7623509bad962f801daca",
                "4315fc54ad0319fc258026527ac01914ca675b6abe3e31ff2a47e3deb4a74562",
                "85c206ce1008f0391950023ef29294f91e05b3cfaae8df861288a6eeaf88808b",
                "507be42fb80ee36739cc5e53341d3a0479e8cb8a8008b1a1913475c950ffe22b",
                "b028f516dfa5bf846ff29d3337a3e952a8a51ef0b7240c7038b903e338d06218",
                "4836a2ef4411ea32ed1a52ee37f39d69327ef69d999a5433a1a21b830f22573d",
                "bb87a27d89c30690333d952cc0c7697f67ef4e98a3062cf21c14efa40d890142",
                "1bcaecb54891578d051ee20cb08c70f51d653e8398bfeba9db19554276c9141d",
                "5682e9e7110c2e18999dd6179b8b4f9b5eaf60e7497c9efcf63148e42ca29c53",
                "2f685b17824f236f6970aef675ccd78c1cddb1304419c50297f050a541f54b3b",
                "7cfa1a2189fa5215f2b08edcfacdd4e9363fa460d33405b0bfe4174b8193325f",
                "0a02d313601871094df44501a5d4c27f557210c73e5624bab49c850966c1cd90",
                "a7ff23394a13a2c808f64e61699c65a2f0a8115455555b6fab4deec8a22e7049",
                "282c73e5db30e892f53aa64da242b46b1f0af963468c4b4cc1ea0d15b2588957",
                "d1ebb848e84e6f83a8fa7347adf93a05990b18476393c0dbd7a83cb226eba1ad",
                "861f0a67e87218078b83bf9e2af4fcf081344044a2e02ed4c855911c53b43f54",
                "98d0baff83bc190d21f844a76b753192e4fac828586bf3dfb64d2e4cad29f137",
                "dfa4e67544320b696b979b4d3446d30c9b6b0d6f5c45e4fe0ae367444ed48195",
                "c843ad47ee830860f10ab4adbf95d7f98da7ebbb2f343c2b69f64c386c5e2e3e",
                "9fe0d3c30ec0cccfefa7f80959ac8915033cd8ebe6c5c5b97e42634918548b68",
                "172eeded853f8e21ef2b6ce96a4e369bc05156dc8bc31a2c0a6ae15c489e35dd",
                "756cb807c2437c87361ecf25b4fdf561bc363cd91ebb875ddb3678e3bc86ef36",
                "a21e455f3f5887b833d2342a899bb60b0e65f7ba1f1076e1389bbbb09c6b6807",
                "f7fa4af583b946226adc0b0814bf7f3a1155009ef192207ac7e6890ea37dce45",
                "ce77f919f29d5ecab4b2cf3fe8285ceaf1c61474a8cf39cce3874821f76f6278",
                "d6c5d644f31f617b8343546822cafe71c71405405e5654d4bf0c7c8b2b6115d1",
                "2897fd51b2884e8e2cb9dbff8fba9c8462def92ac4ebea3a91f17ee1f521e537"
            ],
            "type": "XHR",
            "firstPartyCookies": {},
            "firstPartyCookiesSent": {},
            "exampleSites": [
                "dailycaller.com",
                "forum.xda-developers.com",
                "itsfoss.com",
                "www.aljazeera.com",
                "sonichits.com",
                "petapixel.com",
                "www.physicsclassroom.com",
                "bobistheoilguy.com",
                "www.themoscowtimes.com",
                "www.cricket.com.au",
                "www.gocomics.com",
                "amateurphotographer.com",
                "thecinemaholic.com",
                "swimswam.com",
                "publicholidays.com.au",
                "www.sciencenews.org",
                "boxrec.com",
                "emojipedia.org",
                "www.chosic.com",
                "www.smartertravel.com"
            ]
        },
        {
            "rule": "t13\\.io\\/openrtb2\\/auction",
            "cookies": 0,
            "fingerprinting": 0,
            "subdomains": [
                "s2s"
            ],
            "apis": {},
            "sites": 64,
            "prevalence": 0.00643,
            "cnames": [],
            "responseHashes": [
                "aa66e68b950c9d4b79737096c09507626b30cdbcd54ca2b9e70d140c26ca3740",
                "e513808cbda11bcb33f71ffdb1b23ff488ccd6a43552b40c750d689086fd1299"
            ],
            "type": "XHR",
            "firstPartyCookies": {},
            "firstPartyCookiesSent": {},