{
    "domain": "tctm.xyz",
    "owner": {},
    "source": [
        "DuckDuckGo-US"
    ],
    "prevalence": 0.0000817,
    "sites": 12,
    "subdomains": [
        "424171",
        "415435",
        "53665",
        "366856",
        "420529",
        "418234",
        "427738"
    ],
    "cnames": [],
    "fingerprinting": 1,
    "resources": [
        {
            "rule": "tctm\\.xyz\\/t\\.js",
            "cookies": 0.0000476,
            "fingerprinting": 1,
            "subdomains": [
                "424171",
                "415435",
                "53665",
                "366856",
                "420529",
                "418234",
                "427738"
            ],
            "apis": {
                "Date.prototype.getTime": 5,
                "window.localStorage": 4,
                "window.innerWidth": 1,
                "window.innerHeight": 1,
                "Document.cookie getter": 4,
                "Navigator.prototype.userAgent": 3,
                "Document.cookie setter": 3
            },
            "sites": 7,
            "prevalence": 0.0000476,
            "cnames": [],
            "responseHashes": [
                "72f4974836679f6f2c18a4385ff61ab644da9f4588685d0646ed2fb6fef4a9b7",
                "baa430a8f6c42f624e9711bb152a5210ba063637c160aff88e729bfda46543ac",
                "4f992b1a90f391f9b6f3346387da47dc11f7b5498b6b940cb735260abe9ce403",
                "3f44f74a8f9dc2060b70e5e505789d158e14421e88bee72d148e44bbcfaed57f",
                "1ee4b02efda4e64554589f0c8e596d59c2325e840d97e3fd2cc839f5cba3d217",
                "01ba4719c80b6fe911b091a7c05124b64eeece964e09c058ef8f9805daca546b"
            ],
            "type": "Script",
            "firstPartyCookies": {
                "__ctmid": {
                    "ttl": 2592004,
                    "length": 24,
                    "prevalence": 0.000020421221733625584,
                    "uniqueness": 1
                }
            },
            "firstPartyCookiesSent": {},
            "exampleSites": [
                "riahealth.com",
                "senchateabar.com",
                "www.banyantreatmentcenter.com",
                "www.davesmith.com",
                "www.ifm.com",
                "www.nghs.com",
                "www.realdoll.com"
            ]
        },
        {
            "rule": "tctm\\.xyz\\/p\\.js",
            "cookies": 0.0000136,
            "fingerprinting": 0,
            "subdomains": [
                "424171",
                "418234"
            ],
            "apis": {},
            "sites": 2,
            "prevalence": 0.0000136,
            "cnames": [],
            "responseHashes": [
                "86baf68cd1712280472d2abdcc66b5a0451cfa760131e8b493af6143df500232"
            ],
            "type": "Script",
            "firstPartyCookies": {},
            "firstPartyCookiesSent": {},
            "exampleSites": [
                "riahealth.com",
                "www.nghs.com"
            ]
        },
        {
            "rule": "tctm\\.xyz\\/x\\.json",
            "cookies": 0,
            "fingerprinting": 0,
            "subdomains": [
                "424171",
                "418234"
            ],
            "apis": {},
            "sites": 2,
            "prevalence": 0.0000136,
            "cnames": [],
            "responseHashes": [
                "e3b0c44298fc1c149afbf4c8996fb92427ae41e4649b934ca495991b7852b855"
            ],
            "type": "XHR",
            "firstPartyCookies": {},
            "firstPartyCookiesSent": {},
            "exampleSites": [
                "riahealth.com",
                "www.nghs.com"
            ]
        },
        {
            "rule": "tctm\\.xyz\\/x\\.json",
            "cookies": 0,
            "fingerprinting": 0,
            "subdomains": [
                "424171",
                "418234"
            ],
            "apis": {},
            "sites": 2,
            "prevalence": 0.0000136,
            "cnames": [],
            "responseHashes": [],
            "type": "Preflight",
            "firstPartyCookies": {},
            "firstPartyCookiesSent": {},
            "exampleSites": [
                "riahealth.com",
                "www.nghs.com"
            ]
        }
    ],
    "categories": [],
    "performance": {},
    "cookies": 0.0000817,
    "topInitiators": [
        {
            "domain": "first party",
            "prevalence": 0.6923076923076923
        },
        {
            "domain": "googletagmanager.com",
            "prevalence": 0.3076923076923077
        }
    ],
    "types": {
        "Script": 9,
        "XHR": 2,
        "Preflight": 2
    },
    "nameservers": [
        "ns-1762.awsdns-28.co.uk",
        "ns-1377.awsdns-44.org",
        "ns-871.awsdns-44.net",
        "ns-69.awsdns-08.com"
    ]
}