{
    "domain": "testingmetriksbre.ru",
    "owner": {},
    "source": [
        "DuckDuckGo-US"
    ],
    "prevalence": 0.000395,
    "sites": 58,
    "subdomains": [],
    "cnames": [],
    "fingerprinting": 0,
    "resources": [
        {
            "rule": "testingmetriksbre\\.ru\\/netu\\.php",
            "cookies": 0,
            "fingerprinting": 0,
            "subdomains": [],
            "apis": {},
            "sites": 56,
            "prevalence": 0.000381,
            "cnames": [],
            "responseHashes": [
                "fd45bb46808611318ab74c39100ef0aa9aa78e5ad508e6219d0ec8d4d52f2a46"
            ],
            "type": "Script",
            "firstPartyCookies": {},
            "firstPartyCookiesSent": {},
            "exampleSites": [
                "reallifecams.net",
                "pornocomlegenda.org",
                "castingporn.org",
                "xtapes.to",
                "yespornvip.com",
                "hentaisama.net",
                "voir-animes.com",
                "www.pornhits.biz",
                "xxvideoss.org",
                "moviesmom.org",
                "xxxstream.me",
                "mundoporn.net",
                "veziseriale.org",
                "zerknij.tv",
                "blackedjav.com",
                "www.18filmler.org",
                "familypornhd.net",
                "ivfree.asia",
                "www.erotikfilmizlehd.com",
                "voyeur-house.org"
            ]
        },
        {
            "rule": "testingmetriksbre\\.ru\\/f\\.php",
            "cookies": 0,
            "fingerprinting": 0,
            "subdomains": [],
            "apis": {},
            "sites": 50,
            "prevalence": 0.00034,
            "cnames": [],
            "responseHashes": [
                "f19215326d09de97e5621ee42c1b3c04d849baac09ec3bccef2b01c5905d7499",
                "5730ff126e6b68f6336d4aeead75cac6d02a7db71f032838345466b419fe3f61",
                "0a08f1c5f28f255c1937cda7e7b309e9e9e1901d05afbf7079067a7f4d933930",
                "bc175d7681ebeeebb90a0a67e78e9bb499e40ab2f27f268f5d24915ee2e68709",
                "cff7f106c62d82911c51522cabe2dbc26a562d943b801f36becd2082e2577cd8",
                "80e34c2e5e68b1e98bd8d244f3e8b27eb0d0e4b845838570f3ece5f43f281c68",
                "a2ae15f9bba0f1fbd381309a18e8739d595d935d9ea0a100e5b0921452946168",
                "226d27beb88e23e26e6a84f8d4263053c4d287a629b8e2515036110d98020797",
                "3f7ba126029e10d66def73ef1244e0ba8f0dca907fcfec387db180383a3ebbf2",
                "c9ba4fd6aebdedf515ddd3607fe8ac186f2f2deb29cf78316e781b30fca02260",
                "427a3d23d3fe9f4f81243298d6fafeb41de007f55c7ee1243e6219a43f38bf27",
                "a9ba2ecfe14dc28ac1cca11c9cb2ce4a3a3ae96f289fc6b59802cd618564f161",
                "200bcffa45cb5df087681973afb3e6178c871eb1e281da72679948ca8601b574",
                "88cc7a37c9de523288b3261114170643129dbfd3b8da9421e6f715d7e65007be",
                "5d86de53936c6a229e8cec20b51ef0eaeb3b2a03c557e677aab96d9655895b16",
                "fda98db96ef4aa815f217bc392016a98cda3931ed1302eb69d4f576a8c7b626a",
                "572dcac3c41c1bfad15f9e64943e641c97c763bc0ea95d279a4a632d14702750",
                "18c423505bd980ce35898806481554e6537f98b563ad3e2ae2380ced4a8c2bc6",
                "5d8404cceaf998ceac8ca6bcc16de965e14e4f59c8cae330b38f09986a6a9190",
                "18d9216fd7afd50ab3f5e99021b5f80bfa2f8382f838c2eb908dbd3efd10bb60",
                "7309dedb60281180542b06284ae9e9dfd494d921dde33409bcc10c0193f9132a",
                "138e46f978b795cd4cf23ef612058276f1020725d301038e98eae17f66930c4c",
                "7d10ab892d7927f03fb242604faa4c0065e5760c334986d9e7ed368b6f2974af",
                "cc9d09e4c6e822a8bd2e4f6ed24cec0bae09fe0a93a4546c5d07b83bb585420a",
                "d7f1aef8b07c4089cc1de1dd7215cd847f65d4a0dbf5fa11edff6ba42a9ba342",
                "fbf682e7a81de4b94135e03e418b006c9f39b703c0c15a8fcc91bd60b2b1aa0f",
                "9e516619c3942b9d9dece025f0059a127090469220bca235fdd829b57802310a",
                "7a77cf1a3d7117bf8664959a12a12d4be26b53ea206ccacabe2c5f76d2672ba2",
                "12dc44579b0b76bf5bbc99057f12e9fcbb5db66cb2dda3149014f8d4cf4f4af9",
                "282253c15514d57b000c4f2c1f84af73643b97d8398509e3259f12b56686c055",
                "6557aee6958ed7944a06a7f6bc3c03a670ac5b7881751d96ae7cc111ca15b890",
                "57bab6471b6a5544a9a32ee0bc87ae1a4902a0ebe2304361de9cf8f8edae0d06",
                "9ef6ec5bea760702b896e1885c8bf568e741c25218c35313d9de2379b7466e83",
                "6a803265a49e1a248728a08103ccf32958ce9c0645d2b38097d4510c00ec3737",
                "6c0833b30032fa2a40bd784f494c77f81086a6e9738fbbec3bfc3f3184d885b9",
                "3b42cba81eb7f01bb68fc982b8a9143f8dff5e7378d05b975611a39fea762db1",
                "01c9bc1acdecf4658892021aea5c49564bd5482dab628a83b85776dfee26ad6e",
                "5ca1c71b3ba0f0243f12a64728b704a5938463a94bae8be41cd90b4c04a89d4b",
                "2e0d42ee59714f97edc93c6e5fc041842a26860f971c89138cdc19a5571bc5c1",
                "f97395b04ec0c20edad6c2d6f4e3ef2505b251bf1e6df60838b271b89ea8d7cc",
                "15ef4a91cc99da5a2d19290ed201b0a8d0f8b4361c89e8b283f16d002713473d",
                "1e2089cbe87e5e9960ca7a8e1fab3f6c004c3ad6e0fd9a676925db6a58dd0579",
                "00573b17e87494afaeba0d15f746974a1466578cb2723e677c4174804ec081b0",
                "6ed35a7f4097fd8858370a6dd889653717e38a4e3b37d1ddf98d9358a265598a",
                "063c8e6030b658ea4c2abe4e3a944b639f3abf8dcf25b68a2d2306c4ed12baf5",
                "1ad8c2695640a2e75d1e6470e2cad31ee958fefe78cc67a2be18c3d7cc941398",
                "6f1fe46fa7e0844192c96ae1ccd71f5fd766d545d680c732dedbe5088a094051",
                "f9cd4dadec5c1887031801f2669240d5d2f16e104d2627871335d4ec951e6a0f"
            ],
            "type": "Document",
            "firstPartyCookies": {},
            "firstPartyCookiesSent": {},
            "exampleSites": [
                "www.bombuj.si",
                "vezionline.net",
                "veziseriale.org",
                "asianwifeporn.com",
                "familypornhd.net",
                "www.erotikfilmizlehd.com",
                "javheroine.com",
                "www.pornhegemon.com",
                "xxxparodyhd.net",
                "gayfor.us",
                "iceporncasting.net",
                "pornwatch.ws",
                "fetish-extreme.com",
                "xxxstream.me",
                "xxxmoviestream.org",
                "www.pornhits.biz",
                "voyeur-house.org",
                "mangoporn.net",
                "www.povaddict.net",
                "www.hotpornfile.org"
            ]
        },
        {
            "rule": "testingmetriksbre\\.ru\\/ads\\/banner\\.gif",
            "cookies": 0,
            "fingerprinting": 0,
            "subdomains": [],
            "apis": {},
            "sites": 50,
            "prevalence": 0.00034,
            "cnames": [],
            "responseHashes": [
                "1866961a029c65376fefb7f2ba1e6187e09ff50ea58d97dedfd72c197947d002"
            ],
            "type": "Image",
            "firstPartyCookies": {},
            "firstPartyCookiesSent": {},
            "exampleSites": [
                "pornwatch.ws",
                "www.erotikfilmizlehd.com",
                "qosvideos.com",
                "zerknij.tv",
                "voyeur-house.org",
                "www.casting-porno-tube.com",
                "asianwifeporn.com",
                "hentaisama.net",
                "vsex.in",
                "swingerpornfun.com",
                "ivfree.asia",
                "www.pornhits.biz",
                "www.povaddict.net",
                "voir-animes.com",
                "www.bombuj.si",
                "javheroine.com",
                "fetish-extreme.com",
                "tickzoo.com",
                "streaming-integrale.com",
                "gayfor.us"
            ]
        }
    ],