{
    "domain": "thuiswinkel-cdn.org",
    "owner": {},
    "source": [
        "DuckDuckGo-NL"
    ],
    "prevalence": 0.00121,
    "sites": 12,
    "subdomains": [
        "widget",
        "widgetcontent"
    ],
    "cnames": [],
    "fingerprinting": 1,
    "resources": [
        {
            "rule": "thuiswinkel-cdn\\.org\\/script\\.js",
            "cookies": 0,
            "fingerprinting": 1,
            "subdomains": [
                "widget"
            ],
            "apis": {
                "Navigator.prototype.userAgent": 1
            },
            "sites": 12,
            "prevalence": 0.00121,
            "cnames": [],
            "responseHashes": [
                "1a25a0290082035d169d042e2c5e6fdf3ff2d912ff8217aa14b5765126ce6975",
                "75c6caf1ccec45eddf9e3c0271f70cfb74a6d4e8adfb09ef14483af16f0f6594"
            ],
            "type": "Script",
            "firstPartyCookies": {},
            "firstPartyCookiesSent": {},
            "exampleSites": [
                "iear.nl",
                "topbloemen.nl",
                "www.123apparatuur.nl",
                "www.bushcraftshop.nl",
                "www.denmulderboomteelt.com",
                "www.intertoys.nl",
                "www.livera.nl",
                "www.motoport.nl",
                "www.praxis.nl",
                "www.texel.net",
                "www.vitakruid.nl",
                "www.weekendjeweg.nl"
            ]
        },
        {
            "rule": "thuiswinkel-cdn\\.org\\/load-statistics",
            "cookies": 0,
            "fingerprinting": 0,
            "subdomains": [
                "widgetcontent"
            ],
            "apis": {},
            "sites": 12,
            "prevalence": 0.00121,
            "cnames": [],
            "responseHashes": [
                "6debaccf79a3865cbb6c3b0a643d0f55b0d01a07c6ec96352038b10140a06c42",
                "0e54d0da8d5064ae80f948e272d20643008a980d4309f104e4023cdbe6f65d01",
                "7f48cd15ccff525a11cca1427fac40161019a4ca8747f213d8c02678c6c4793f",
                "3e1ddbbfeddccb26605d221bf01d410ae856d67150eab5907deb629cd1ae4649",
                "c03b687b1f88ac821af7de111fa7952056836cb0ae3659c2a095885822194002",
                "a068dee38ea4f4f27a238d6d4170b74b50ef0373b3e2a6bcd42794d94617219d",
                "60820322a3a9d76315cf5ad693569051c0fa725336109906c7be608b82759168",
                "863a408317e3b257640b481497b81ea76cd52f4ec45bfd67978ce34f09019f14",
                "e64486083ed8a5e51bff1a131827e2bc07c4815ee273dc199fdc33708cc2d36c",
                "f65be56972652bb005416f87f7a35e4a207afc7609c721e19dee19bd21f08e0c",
                "9b8c146b74230fd8ce608a3632b18b65d73931eb3e90903f0dff9c81520a28db"
            ],
            "type": "XHR",
            "firstPartyCookies": {},
            "firstPartyCookiesSent": {},
            "exampleSites": [
                "iear.nl",
                "topbloemen.nl",
                "www.123apparatuur.nl",
                "www.bushcraftshop.nl",
                "www.denmulderboomteelt.com",
                "www.intertoys.nl",
                "www.livera.nl",
                "www.motoport.nl",
                "www.praxis.nl",
                "www.texel.net",
                "www.vitakruid.nl",
                "www.weekendjeweg.nl"
            ]
        },
        {
            "rule": "thuiswinkel-cdn\\.org\\/tww_widget_styles\\.css",
            "cookies": 0,
            "fingerprinting": 0,
            "subdomains": [
                "widget"
            ],
            "apis": {},
            "sites": 12,
            "prevalence": 0.00121,
            "cnames": [],
            "responseHashes": [
                "4fb2284fc1570368607c88caef057091abe5d5bb32d01c23f6bbc4e04a2d91ba"
            ],
            "type": "Stylesheet",
            "firstPartyCookies": {},
            "firstPartyCookiesSent": {},
            "exampleSites": [
                "iear.nl",
                "topbloemen.nl",
                "www.123apparatuur.nl",
                "www.bushcraftshop.nl",
                "www.denmulderboomteelt.com",
                "www.intertoys.nl",
                "www.livera.nl",
                "www.motoport.nl",
                "www.praxis.nl",
                "www.texel.net",
                "www.vitakruid.nl",
                "www.weekendjeweg.nl"
            ]
        },
        {
            "rule": "thuiswinkel-cdn\\.org\\/images\\/script\\/B2C\\/popup-color-h\\.svg",
            "cookies": 0,
            "fingerprinting": 0,
            "subdomains": [
                "widget"
            ],
            "apis": {},
            "sites": 6,
            "prevalence": 0.000603,
            "cnames": [],
            "responseHashes": [
                "98dff8abe2f9faef8f9b70b6d80d2a1a4120f7af15d057b37f5e34a4d6590271"
            ],
            "type": "Image",
            "firstPartyCookies": {},
            "firstPartyCookiesSent": {},
            "exampleSites": [
                "iear.nl",
                "topbloemen.nl",
                "www.denmulderboomteelt.com",
                "www.intertoys.nl",
                "www.motoport.nl",
                "www.vitakruid.nl"
            ]
        },
        {
            "rule": "thuiswinkel-cdn\\.org\\/images\\/script\\/B2C\\/logo\\.svg",
            "cookies": 0,
            "fingerprinting": 0,
            "subdomains": [
                "widget"
            ],
            "apis": {},
            "sites": 9,
            "prevalence": 0.000904,
            "cnames": [],
            "responseHashes": [
                "4e2ad3e7d86a12710480de574c410875df00373fa0ad53a244a0e26009a9470c"
            ],
            "type": "Image",
            "firstPartyCookies": {},
            "firstPartyCookiesSent": {},
            "exampleSites": [
                "iear.nl",
                "topbloemen.nl",
                "www.123apparatuur.nl",
                "www.denmulderboomteelt.com",
                "www.intertoys.nl",
                "www.motoport.nl",
                "www.praxis.nl",
                "www.vitakruid.nl",
                "www.weekendjeweg.nl"
            ]
        },
        {
            "rule": "thuiswinkel-cdn\\.org\\/images\\/script\\/star-full-yellow\\.svg",
            "cookies": 0,
            "fingerprinting": 0,
            "subdomains": [
                "widget"
            ],
            "apis": {},
            "sites": 4,
            "prevalence": 0.000402,
            "cnames": [],
            "responseHashes": [
                "9496807517e407ade6e03f5bf1983687327171bdda13c46cf2ba7cf575ea1539"
            ],
            "type": "Image",
            "firstPartyCookies": {},
            "firstPartyCookiesSent": {},
            "exampleSites": [
                "topbloemen.nl",
                "www.denmulderboomteelt.com",
                "www.intertoys.nl",
                "www.motoport.nl"
            ]
        },
        {
            "rule": "thuiswinkel-cdn\\.org\\/images\\/script\\/star-half-yellow\\.svg",
            "cookies": 0,
            "fingerprinting": 0,
            "subdomains": [
                "widget"
            ],
            "apis": {},
            "sites": 4,
            "prevalence": 0.000402,
            "cnames": [],
            "responseHashes": [
                "d326180467ee2cb5eded235d59910dfd1ea7958ec3ff9ae76b9a1fcc6855dd56"
            ],
            "type": "Image",
            "firstPartyCookies": {},
            "firstPartyCookiesSent": {},
            "exampleSites": [
                "topbloemen.nl",
                "www.denmulderboomteelt.com",
                "www.intertoys.nl",
                "www.motoport.nl"
            ]
        },
        {
            "rule": "thuiswinkel-cdn\\.org\\/images\\/script\\/B2C\\/popup-color-h-white\\.svg",
            "cookies": 0,
            "fingerprinting": 0,
            "subdomains": [
                "widget"
            ],
            "apis": {},
            "sites": 2,