{
    "domain": "thunderhead.com",
    "owner": {
        "name": "Thunderhead.com Limited",
        "displayName": "Thunderhead.com"
    },
    "source": [
        "DuckDuckGo-AU"
    ],
    "prevalence": 0.0012,
    "sites": 12,
    "subdomains": [
        "ap1.cdn",
        "ap1",
        "eu2.cdn"
    ],
    "cnames": [],
    "fingerprinting": 1,
    "resources": [
        {
            "rule": "thunderhead\\.com\\/one\\/rt\\/js\\/one-tag\\.js",
            "cookies": 0.000803,
            "fingerprinting": 1,
            "subdomains": [
                "ap1.cdn",
                "ap1",
                "eu2.cdn"
            ],
            "apis": {
                "Date.prototype.getTime": 10,
                "Document.cookie getter": 10,
                "window.localStorage": 10,
                "Document.cookie setter": 8,
                "Navigator.prototype.userAgent": 3,
                "window.sessionStorage": 1
            },
            "sites": 11,
            "prevalence": 0.0011,
            "cnames": [],
            "responseHashes": [
                "fd8041d5eaf55bd4a56b5ce26130f828c63719e3b789e0b35720e332021492c6",
                "e17970a282df139c9ccf3cad9452950e3b1d3556595867a1844134a69ffa7ea6",
                "9b4ab710f4df19025d9ebc586d11bf76fcf93addf39632281768750ee032b096",
                "2eb033a418a57de1385a7597c9540aea3b3c9da0846fcb3355c626d5a5dade30",
                "c452e2fce89b6219dd2a3851a499ddcfc73a4048ac6191348adba079f6e734bb"
            ],
            "type": "Script",
            "firstPartyCookies": {
                "_one_ODAwMg": {
                    "ttl": 62985610,
                    "length": 36,
                    "prevalence": 0.00030120481927710846,
                    "uniqueness": 1
                },
                "_one_ODAwNg": {
                    "ttl": 62985604,
                    "length": 36,
                    "prevalence": 0.00020080321285140563,
                    "uniqueness": 1
                },
                "_one_NDgwMDA": {
                    "ttl": 62985607,
                    "length": 36,
                    "prevalence": 0.00010040160642570282,
                    "uniqueness": 1
                },
                "_one_MTE3NTcy": {
                    "ttl": 62985608,
                    "length": 36,
                    "prevalence": 0.00010040160642570282,
                    "uniqueness": 1
                },
                "_one_MTM5NTc4": {
                    "ttl": 62985613,
                    "length": 36,
                    "prevalence": 0.00010040160642570282,
                    "uniqueness": 1
                }
            },
            "firstPartyCookiesSent": {},
            "exampleSites": [
                "luxuryescapes.com",
                "mobilesupport.telstra.com.au",
                "outages.telstra.com.au",
                "plus.telstra.com.au",
                "recharge.telstra.com.au",
                "www.budgetdirect.com.au",
                "www.chasingcars.com.au",
                "www.landrover.com.au",
                "www.michaelpage.com.au",
                "www.rhs.org.uk",
                "www.telstra.com.au"
            ]
        },
        {
            "rule": "thunderhead\\.com\\/one\\/rt\\/web\\/v1\\/ONE-FU3YLQGSAF-1154",
            "cookies": 0.000301,
            "fingerprinting": 0,
            "subdomains": [
                "ap1"
            ],
            "apis": {},
            "sites": 3,
            "prevalence": 0.000301,
            "cnames": [],
            "responseHashes": [
                "abad4e261d2fa1e84a6d8b706f307baf27fb70a48478f8b384c8a4338ff9edcf",
                "a55d098dc32166849ccf2f36820c189727c77f52cb50c01cec3fb8e35e566c20"
            ],
            "type": "XHR",
            "firstPartyCookies": {},
            "firstPartyCookiesSent": {},
            "exampleSites": [
                "telstra.com.au",
                "plus.telstra.com.au",
                "www.telstra.com.au"
            ]
        },
        {
            "rule": "thunderhead\\.com\\/one\\/rt\\/web\\/v1\\/ONE-WNLDKAOQ41-1776",
            "cookies": 0.000201,
            "fingerprinting": 0,
            "subdomains": [
                "ap1"
            ],
            "apis": {},
            "sites": 2,
            "prevalence": 0.000201,
            "cnames": [],
            "responseHashes": [
                "f7b9b28673aced665e4f4ac273e39a49f6d9587e7b15634237b9cdefe43c3529"
            ],
            "type": "XHR",
            "firstPartyCookies": {},
            "firstPartyCookiesSent": {},
            "exampleSites": [
                "budgetdirect.com.au",
                "www.chasingcars.com.au"
            ]
        },
        {
            "rule": "thunderhead\\.com\\/one\\/rt\\/web\\/v1\\/ONE-WNLDKAOQ41-1776\\/error",
            "cookies": 0,
            "fingerprinting": 0,
            "subdomains": [
                "ap1"
            ],
            "apis": {},
            "sites": 2,
            "prevalence": 0.000201,
            "cnames": [],
            "responseHashes": [
                "7fff1569ea68ef52782ba25b0cf3934627f7a4fc1e8e22f4652de959c5f97978"
            ],
            "type": "Image",
            "firstPartyCookies": {},
            "firstPartyCookiesSent": {
                "_one_ODAwNg": 0.00020080321285140563
            },
            "exampleSites": [
                "budgetdirect.com.au",
                "www.chasingcars.com.au"
            ]
        }
    ],
    "categories": [],
    "performance": {},
    "cookies": 0.000904,
    "topInitiators": [
        {
            "domain": "first party",
            "prevalence": 0.9
        },
        {
            "domain": "googletagmanager.com",
            "prevalence": 0.1
        }
    ],
    "types": {
        "Script": 11,
        "XHR": 5,
        "Image": 2
    },
    "nameservers": [
        "ns-586.awsdns-09.net",
        "ns-316.awsdns-39.com",
        "ns-1880.awsdns-43.co.uk",
        "ns-1531.awsdns-63.org"
    ]
}