{
    "domain": "tonemedia.com",
    "owner": {},
    "source": [
        "DuckDuckGo-US"
    ],
    "prevalence": 0.000313,
    "sites": 46,
    "subdomains": [
        "srv"
    ],
    "cnames": [],
    "fingerprinting": 1,
    "resources": [
        {
            "rule": "tonemedia\\.com\\/showads\\/adunit\\.php",
            "cookies": 0.000225,
            "fingerprinting": 0,
            "subdomains": [
                "srv"
            ],
            "apis": {},
            "sites": 33,
            "prevalence": 0.000225,
            "cnames": [],
            "responseHashes": [
                "e6693781afd9e3988d3a0f0baa8a88d56b9795d4a9c752d0d74441c78a89a22a",
                "f8ad07befe5867b34c4e30e1b62797f6698638aeb10877905358d1952bcdca6a",
                "57de9d0406dcf5410673735be6bd849e49e1ba99517e5be507e800b8905dc852",
                "47abb5d76cd261479d7860f23d24e437af0a7be9203193c4e8527589c77dc535",
                "4eb0510c593128a6948edb2d438499f1e18c4c0c753d20798c61ff3919b1e01b",
                "64e9d8495bbb37574c9d642633f4db6e9d268493f5a28616b5e73d3460ea902d",
                "036e9c044fe566bf002360672d9b7859146ed9e2c92e0e6ef408f8f5b10dd526",
                "d390110bb1a20f2d64a1bc9b174791af6c6aa7ea518c839ec99ba658b8520c4b",
                "0b200ac362e032c8250238f8cf66965e8ad4f35412eabfaa6f26d78549c121ba",
                "d4e35bd42f38eb5531468608001438ebbcd822bda1ea960f2d0c3b46ddd2dea5",
                "fed90d6fe4eaee30530c6ca21858847434de5d88b23ea4fb6472fdf0d81afc5f",
                "526a267e4666f2af7af5e3ae4a7ba3a229a45286973651af2bbedd524ab52c9f",
                "30772a63020a96f792b3c26dfc359483b3a33ae8c52bb386fd12d1e5249925f6",
                "4cde5c32271c14202e4d6bc49c73af8f1320c1fddb0571069198fd0f5f6f3e70",
                "7b97b72104527ffa3fe10f3fd673ed208e779b91ba325d21cbaf264b538f5df4",
                "de2c2319576b56d4f21be93cce448dfc9adc6dd40c9c13c6753e3bc263d5a285",
                "1e3c86a0ae173cd919b06d4b61f91e0956f27e892afb354e9176ae2c3a40aa73",
                "fe0f88bece06c319ab5c19d64de32b82d4f1538805b4380d5c9572fd29e1fec4",
                "51c8b28ad4270a29830f280c4ec27331b65d23d9a2739b807c5eb3572d00f153",
                "966ff0ae897a2ea815e1d4539fb9d26c9c7298edc03fb074dac3822b81148d92",
                "b84bfb5305fb61e69c45aa4d47d93adcb3449bcb36acc67f5d00053816cdac35",
                "76528d9c7e12f433c107566aa226788e4dc5078d4ca4d97dfaef376bc49afd47",
                "4a886c0bd82edee16c069f9e1e83c0e907ef1048959b8c5982a34bb422c76b3e",
                "38b786fa33222c44ff56ee8e66c9534ded07f0aef4a42e47de8020b5ac26e81e",
                "dccc118225f8b89556f5bf5b572cb436e95746073dd36062da37f1731748951e",
                "dd7bd36a89e00019bc5b0eca9ac494484f28580abb9c7c6c09ffa15efd1770ed",
                "b64ff72c6e964b345e59bd1119e8964709cdf316f45da6e4a9e0759747e5ca88",
                "eb6ec3d700e9e601677a852a9818156ad4bbe838da9ee8b32acbf4893de8fd88",
                "2bd8d2b9114f81a61bdcd586c1f68b5b397f4bbddefa006d614955a2dc177ff8",
                "d70264f4964b1c3177d23d166cef949fedc05fb51d1bbf0e994817cd1fb99e2b",
                "38f2c0ae51defe5270bc534c0c47128e7a30d5c53a1e8a9495ae9acf90bef9e1"
            ],
            "type": "Script",
            "firstPartyCookies": {},
            "firstPartyCookiesSent": {
                "lotame_domain_check": 0.00003403536955604264
            },
            "exampleSites": [
                "www.bandsintown.com",
                "www.allmusicals.com",
                "www.joysound.com",
                "www.nashvillescene.com",
                "www.sputnikmusic.com",
                "www.oldielyrics.com",
                "robloxsong.com",
                "www.vagalume.com.br",
                "paroles2chansons.lemonde.fr",
                "iloveclassicrock.com",
                "www.whosampled.com",
                "metalinjection.net",
                "getsongbpm.com",
                "tvshowpilot.com",
                "societyofrock.com",
                "allhiphop.com",
                "countryrebel.com",
                "www.vinylworld.org",
                "www.tablyrics.com",
                "www.last.fm"
            ]
        },
        {
            "rule": "tonemedia\\.com\\/showads\\/track\\/imp\\.php",
            "cookies": 0.000211,
            "fingerprinting": 0,
            "subdomains": [
                "srv"
            ],
            "apis": {},
            "sites": 38,
            "prevalence": 0.000259,
            "cnames": [],
            "responseHashes": [
                "fdac71109000ee5e21163bc6b60221d4077f59d8224d3e7cb16fa994a184440b"
            ],
            "type": "XHR",
            "firstPartyCookies": {},
            "firstPartyCookiesSent": {
                "lotame_domain_check": 0.00003403536955604264,
                "__uzmbj2": 0.000006807073911208528,
                "__uzmdj2": 0.000006807073911208528
            },
            "exampleSites": [
                "www.yourchords.com",
                "www.cowboylyrics.com",
                "www.allmusicals.com",
                "www.e-chords.com",
                "www.infoconcert.com",
                "countryrebel.com",
                "www.last.fm",
                "www.joysound.com",
                "m.e-chords.com",
                "chordseasy.com",
                "www.oldielyrics.com",
                "www.letssingit.com",
                "www.tablyrics.com",
                "tvshowpilot.com",
                "www.lacoccinelle.net",
                "getsongbpm.com",
                "iloveclassicrock.com",
                "www.sputnikmusic.com",
                "www.metalsucks.net",
                "www.nashvillescene.com"
            ]
        },
        {
            "rule": "tonemedia\\.com\\/ads\\/adunit\\.php",
            "cookies": 0,
            "fingerprinting": 0,
            "subdomains": [
                "srv"
            ],
            "apis": {},
            "sites": 7,
            "prevalence": 0.0000476,
            "cnames": [],
            "responseHashes": [
                "3f43dcad160b8245c304dcaf92ae0913595d739b86c0aff41b6b52ce47ac6313",
                "e4e1e21171d0a8e422852f872d1a3247f1f8c5a0b77adcfe7abe18fb5561df09",
                "50b1a42c9346edab4b87c8c0d4241234860e1de9022a848c775d9a6719dbd292",
                "b55ae0f38a306fff0f8e68d14707bd4ae43b97687d8c1b93a9034939ca4ded47",
                "e7ba7c8747af0b01ae160cf0981dca34821f6eeb5a9dadfec04e243ceaf170b0",
                "f2b98ce5d0c3c2e83f6a108ec9c25c4abc2ec8ba87212c379531a8071e2c6d18"
            ],
            "type": "XHR",
            "firstPartyCookies": {},
            "firstPartyCookiesSent": {
                "__uzmbj2": 0.000006807073911208528,
                "__uzmdj2": 0.000006807073911208528
            },
            "exampleSites": [
                "e-chords.com",
                "www.e-chords.com",
                "www.letssingit.com",
                "www.lyrical-nonsense.com",
                "www.lyricsbox.com",
                "www.songfacts.com",
                "www.yourchords.com"
            ]
        },
        {
            "rule": "tonemedia\\.com\\/showads\\/css\\/flex\\.min\\.css",
            "cookies": 0,
            "fingerprinting": 0,
            "subdomains": [
                "srv"
            ],
            "apis": {},
            "sites": 3,
            "prevalence": 0.0000204,
            "cnames": [],
            "responseHashes": [
                "d0bdffc356ed0615540f4cac598814aeb24dbfe2a3ae87c5292dac0dfd35db20"
            ],
            "type": "Stylesheet",
            "firstPartyCookies": {},
            "firstPartyCookiesSent": {},
            "exampleSites": [
                "accordiespartiti.it",
                "www.cowboylyrics.com",
                "www.oldielyrics.com"
            ]
        },
        {
            "rule": "tonemedia\\.com\\/showads\\/js\\/desktop_adhesion\\.min\\.js",
            "cookies": 0,