{
    "domain": "trendtours.de",
    "owner": {},
    "source": [
        "DuckDuckGo-CH"
    ],
    "prevalence": 0.000803,
    "sites": 8,
    "subdomains": [
        "trck"
    ],
    "cnames": [],
    "fingerprinting": 2,
    "resources": [
        {
            "rule": "trendtours\\.de\\/trck\\/epv\\/963fb8e2eec080164ced0d8b1bcc4e5d",
            "cookies": 0.000803,
            "fingerprinting": 2,
            "subdomains": [
                "trck"
            ],
            "apis": {
                "Screen.prototype.width": 8,
                "Screen.prototype.height": 8,
                "Screen.prototype.availWidth": 8,
                "Screen.prototype.availHeight": 8
            },
            "sites": 8,
            "prevalence": 0.000803,
            "cnames": [],
            "responseHashes": [
                "9d8e67bc5ae6613a39216ff3c725443593990318780c9d3aae539470bd290443",
                "785cd2ffc8da88772acca55d3835aa1ab58238a728a216b948c12749008339a2",
                "d587b77897a0a76949990fc909861e53786a0c6aa7361c7f853bb47ae05a394a",
                "010637cf7673de1a9d1cb843d2397c960a0a2e519dd3bb29753ba8a3f33efce9",
                "d1b4b02906f37ad3ca9ebb31e28beab504f53ced32a85d9c6551d92ce7540a7a",
                "38a632b90d2d546ac671132e422be553a2a68cec5508482fae0bebcb64cada86",
                "8be5a014c5c718f188720b3657bb1560c9c033a99e51c93863de6dea0e2c8f84"
            ],
            "type": "Script",
            "firstPartyCookies": {},
            "firstPartyCookiesSent": {},
            "exampleSites": [
                "beruhmte-zitate.de",
                "taz.de",
                "www.babywelten.ch",
                "www.finews.ch",
                "www.kalenderpedia.de",
                "www.pcwelt.de",
                "www.raetselstunde.de",
                "xn--solitr-kostenlos-spielen-ubc.de"
            ]
        },
        {
            "rule": "trendtours\\.de\\/trck\\/htlp\\/htlp\\.html",
            "cookies": 0.000803,
            "fingerprinting": 0,
            "subdomains": [
                "trck"
            ],
            "apis": {},
            "sites": 8,
            "prevalence": 0.000803,
            "cnames": [],
            "responseHashes": [
                "e3b0c44298fc1c149afbf4c8996fb92427ae41e4649b934ca495991b7852b855"
            ],
            "type": "Document",
            "firstPartyCookies": {},
            "firstPartyCookiesSent": {},
            "exampleSites": [
                "beruhmte-zitate.de",
                "taz.de",
                "www.babywelten.ch",
                "www.finews.ch",
                "www.kalenderpedia.de",
                "www.pcwelt.de",
                "www.raetselstunde.de",
                "xn--solitr-kostenlos-spielen-ubc.de"
            ]
        }
    ],
    "categories": [],
    "performance": {},
    "cookies": 0.000803,
    "topInitiators": [
        {
            "domain": "ad4m.at",
            "prevalence": 1
        }
    ],
    "types": {
        "Script": 8,
        "Document": 8
    },
    "nameservers": [
        "ns1069.ui-dns.de",
        "ns1069.ui-dns.biz",
        "ns1069.ui-dns.com",
        "ns1069.ui-dns.org"
    ]
}