{
    "domain": "trkcall.com",
    "owner": {},
    "source": [
        "DuckDuckGo-AU"
    ],
    "prevalence": 0.0011,
    "sites": 11,
    "subdomains": [
        "s"
    ],
    "cnames": [],
    "fingerprinting": 2,
    "resources": [
        {
            "rule": "trkcall\\.com\\/v3\\/",
            "cookies": 0,
            "fingerprinting": 0,
            "subdomains": [
                "s"
            ],
            "apis": {},
            "sites": 11,
            "prevalence": 0.0011,
            "cnames": [],
            "responseHashes": [
                "6ec5da872acc712d52d4ec4b6692de39ee9a4d16301edf92ab4ab37ae97bfe81",
                "7ba3f81953f0237e31f1ded596d99e916d214ea53393613d4b3e06d30fc8b3eb",
                "c41616592a307739c407461333ac6d7316b539043cf23d7f44f7998f22004da1",
                "04f1c0b21e9aab12c7fb489ed41495dbcdb61ef27f2a45a1fe915b9a2f60551b",
                "20cd938a2ea64f612b3523bc9219130c6fc66cd09b394ea38437488c0b8898b2",
                "a91c1936444c6904a7905c4f7fde820bcb5c152dd1831371b9314ae5bb8f7b42",
                "34a496124c271277c760ff97ad28bc9d0812ffe4817dcbe6656c54e827ab151c",
                "39b41084ed728e4ef34548359e126bd3782905a1708d52ecb1e44c4dbcd0fc03",
                "dfe25df25b14e1a442b3f23650a643a0eb747879d5edbd2794a43deb5332a8f6"
            ],
            "type": "XHR",
            "firstPartyCookies": {},
            "firstPartyCookiesSent": {
                "_ga": 0.002108433734939759
            },
            "exampleSites": [
                "agedcareonline.com.au",
                "legalvision.com.au",
                "www.ainsliebullion.com.au",
                "www.allgreen.com.au",
                "www.ambertiles.com.au",
                "www.brilliantlighting.com.au",
                "www.doorsplus.com.au",
                "www.epworth.org.au",
                "www.hyundai.com",
                "www.rpc.com.au",
                "www.slatergordon.com.au"
            ]
        },
        {
            "rule": "trkcall\\.com\\/v4\\/943623368766874\\/user",
            "cookies": 0,
            "fingerprinting": 0,
            "subdomains": [
                "s"
            ],
            "apis": {},
            "sites": 2,
            "prevalence": 0.000201,
            "cnames": [],
            "responseHashes": [
                "cc8574828b3b98a8980d4c6725a95c1cf3220e7024df7bab460cc16d8122cd37"
            ],
            "type": "XHR",
            "firstPartyCookies": {},
            "firstPartyCookiesSent": {},
            "exampleSites": [
                "ambertiles.com.au",
                "www.ambertiles.com.au"
            ]
        },
        {
            "rule": "trkcall\\.com\\/v3\\/p\\/94545\\/null\\/611800835750",
            "cookies": 0,
            "fingerprinting": 0,
            "subdomains": [
                "s"
            ],
            "apis": {},
            "sites": 2,
            "prevalence": 0.000201,
            "cnames": [],
            "responseHashes": [
                "f565b3de6d765e66f3271009762d5a42060afd88ac15a780ea66321e9d5939ee"
            ],
            "type": "XHR",
            "firstPartyCookies": {},
            "firstPartyCookiesSent": {},
            "exampleSites": [
                "doorsplus.com.au",
                "www.doorsplus.com.au"
            ]
        }
    ],
    "categories": [],
    "performance": {},
    "cookies": 0.001,
    "topInitiators": [
        {
            "domain": "googletagmanager.com",
            "prevalence": 0.42857142857142855
        },
        {
            "domain": "first party",
            "prevalence": 0.2857142857142857
        },
        {
            "domain": "facebook.net",
            "prevalence": 0.19047619047619047
        },
        {
            "domain": "bing.com",
            "prevalence": 0.047619047619047616
        },
        {
            "domain": "goodreviews.io",
            "prevalence": 0.047619047619047616
        }
    ],
    "types": {
        "XHR": 15
    },
    "nameservers": [
        "ns-898.awsdns-48.net",
        "ns-1293.awsdns-33.org",
        "ns-35.awsdns-04.com",
        "ns-1671.awsdns-16.co.uk"
    ]
}