{
    "domain": "tryggehandel.no",
    "owner": {},
    "source": [
        "DuckDuckGo-NO"
    ],
    "prevalence": 0.00111,
    "sites": 11,
    "subdomains": [
        "www"
    ],
    "cnames": [],
    "fingerprinting": 0,
    "resources": [
        {
            "rule": "tryggehandel\\.no\\/",
            "cookies": 0,
            "fingerprinting": 0,
            "subdomains": [
                "www"
            ],
            "apis": {},
            "sites": 9,
            "prevalence": 0.000905,
            "cnames": [],
            "responseHashes": [
                "273d24af82e0de625ac91214c76e18e4a596a1ec76e1826ec570d5f952f7f433",
                "8db6e5d81bb52353a50b94ed5fd76772b9021e2080b14bd1eddf7e73a436210b",
                "7a402aa84304d87cb1102570a401e07c764381828b0b8ce0d80a36d3166473b8",
                "a19c44ea42bbf0c5c27690bdb14451613d12a38b77db88620e59b882d90907eb",
                "08d953a08639b07598c03190eb45b6ec410898badc12950060d482efbe12a051",
                "94c3e3a5cc395527a9b4497909725bda680b109fe70d22a3f71fbf301bc4a62e",
                "52d7187c4921b1d2bd3adffd1f5c54e4b9e645f864c9cc1e19c5f95ee5ae867b",
                "9dc6b6b61dd388b6d744bba5e71c0ac30158212f1b64c6c25526abd2dd8e8cb4"
            ],
            "type": "Script",
            "firstPartyCookies": {},
            "firstPartyCookiesSent": {},
            "exampleSites": [
                "apotera.no",
                "www.billigvvs.no",
                "www.gerdmans.no",
                "www.incover.no",
                "www.komplettbedrift.no",
                "www.sloyd-detaljer.no",
                "www.staypro.no",
                "www.wenaas.com",
                "www.xn--verkty-fya.no"
            ]
        },
        {
            "rule": "tryggehandel\\.no\\/wp-content\\/plugins\\/trygg-certification\\/public\\/images\\/logo\\.png",
            "cookies": 0,
            "fingerprinting": 0,
            "subdomains": [
                "www"
            ],
            "apis": {},
            "sites": 11,
            "prevalence": 0.00111,
            "cnames": [],
            "responseHashes": [
                "28344ba9c02667e4f0b202597df71d9f49c445c6d63ff057b32efb7b49b259b9"
            ],
            "type": "Image",
            "firstPartyCookies": {},
            "firstPartyCookiesSent": {},
            "exampleSites": [
                "apotera.no",
                "www.billigvvs.no",
                "www.bygghjemme.no",
                "www.follestad.no",
                "www.gerdmans.no",
                "www.incover.no",
                "www.komplettbedrift.no",
                "www.sloyd-detaljer.no",
                "www.staypro.no",
                "www.wenaas.com",
                "www.xn--verkty-fya.no"
            ]
        },
        {
            "rule": "tryggehandel\\.no\\/wp-content\\/plugins\\/trygg-certification\\/public\\/images\\/topbar\\.png",
            "cookies": 0,
            "fingerprinting": 0,
            "subdomains": [
                "www"
            ],
            "apis": {},
            "sites": 11,
            "prevalence": 0.00111,
            "cnames": [],
            "responseHashes": [
                "452b11ec12445adbbb510f3642e4fd37321d49e1d9320803c96bdbab11530b55"
            ],
            "type": "Image",
            "firstPartyCookies": {},
            "firstPartyCookiesSent": {},
            "exampleSites": [
                "apotera.no",
                "www.billigvvs.no",
                "www.bygghjemme.no",
                "www.follestad.no",
                "www.gerdmans.no",
                "www.incover.no",
                "www.komplettbedrift.no",
                "www.sloyd-detaljer.no",
                "www.staypro.no",
                "www.wenaas.com",
                "www.xn--verkty-fya.no"
            ]
        },
        {
            "rule": "tryggehandel\\.no\\/wp-content\\/plugins\\/trygg-certification\\/public\\/images\\/ok\\.svg",
            "cookies": 0,
            "fingerprinting": 0,
            "subdomains": [
                "www"
            ],
            "apis": {},
            "sites": 11,
            "prevalence": 0.00111,
            "cnames": [],
            "responseHashes": [
                "73c8a86e1e1276ea241f557fc74f7fe7ea519e2886e189fb008d54ca40674372"
            ],
            "type": "Image",
            "firstPartyCookies": {},
            "firstPartyCookiesSent": {},
            "exampleSites": [
                "apotera.no",
                "www.billigvvs.no",
                "www.bygghjemme.no",
                "www.follestad.no",
                "www.gerdmans.no",
                "www.incover.no",
                "www.komplettbedrift.no",
                "www.sloyd-detaljer.no",
                "www.staypro.no",
                "www.wenaas.com",
                "www.xn--verkty-fya.no"
            ]
        }
    ],
    "categories": [],
    "performance": {},
    "cookies": 0,
    "topInitiators": [
        {
            "domain": "first party",
            "prevalence": 1
        }
    ],
    "types": {
        "Script": 9,
        "Image": 33
    },
    "nameservers": [
        "ken.ns.cloudflare.com",
        "janet.ns.cloudflare.com"
    ]
}