{
    "domain": "tubecup.net",
    "owner": {},
    "source": [
        "DuckDuckGo-AU"
    ],
    "prevalence": 0.00412,
    "sites": 41,
    "subdomains": [
        "notification"
    ],
    "cnames": [],
    "fingerprinting": 0,
    "resources": [
        {
            "rule": "tubecup\\.net\\/tags",
            "cookies": 0,
            "fingerprinting": 0,
            "subdomains": [
                "notification"
            ],
            "apis": {},
            "sites": 29,
            "prevalence": 0.00291,
            "cnames": [],
            "responseHashes": [
                "c8c8364851cd40a080ff3a973111e13c070805d5de09802e063b1a1eb8069f79",
                "64b785a51eb045b7eec8451803761a1c9f28837d0639e7c4b61fa84b5d62d0d3",
                "2ceb74c14ddd82b9953823f4461e85a4ef7b837670403dd42f017695e4fb5f99",
                "cd7f9dfb267ce62d5beeb56117e49462e5678acc0df0e1ecda71be904c3b97d7",
                "c11a37d20e5e00827b98a84c4ff6546ae7bbf93826e9b2795dfa06496912d231",
                "f808c600abd0aa0154778a0ea663b55e9c882f1fa7bb7953e83e3c3651ca4a34",
                "e3b0c44298fc1c149afbf4c8996fb92427ae41e4649b934ca495991b7852b855",
                "04a9ed9bf0d75804238a0f1a9b2f290950d8b9d0f77108ecddd898ac2e4e7cd6",
                "6bc981ae27ec353ae90067593145a0fdf8d4aa0251f35f436d469aa3a6362a7e",
                "6d9fa86046b567d1daff435c8deed1462cc3eda1dd0dfbd07fbb21a2fde32457",
                "cf831f007f275e82613e9e725bfbbdf43c9de07d6c02b9e496fc899bcd3f2507",
                "48bddfce0c3610c54b750595ddd733b90e86fac6aa3220fa4eb5a6391f8078bc",
                "c02661220725e3bc1b3450158bd4f58edaa93522551fa37bbb48026dcfd4abfc",
                "5d26a5a486c947854c4433131fc9e86100dfa4c354360796ade14039c2313160",
                "9f99bbb0a5f4aaf646059f47fae9b33cb4ff9014c38adc8cc99f8135c234e518",
                "e46c6652488f2687cc32721b060ce031f3e4d7ade088a17b50854da7f4a7591b",
                "76f7cb8d3030fcc17b995c7947897a60bc38c838e9f338e704a2c33addb92c20",
                "c49c97e24729a4f39c8a0c08258e3b277fd2047639869b3e28491ba48bc9d4fb",
                "1b21b097f6338e9756c60f8e4e2502be8d4c2cf3e2b2d175ecb6d7766bb5b00c"
            ],
            "type": "XHR",
            "firstPartyCookies": {},
            "firstPartyCookiesSent": {},
            "exampleSites": [
                "www.porntrex.com",
                "www.xtremehard.net",
                "thothd.com",
                "hentaiworld.tv",
                "thothub.org",
                "forced-porn.net",
                "eroticcore.xyz",
                "thothub.to",
                "deepgoretube.site",
                "titis.org",
                "thothub.lol",
                "reddxxx.com",
                "fuxporn.com",
                "www.javmost.cx",
                "mangaforfree.net",
                "deadhouse.org",
                "shittytube.com",
                "www.pornachi.com",
                "pornve.com",
                "extremescatporn.com"
            ]
        },
        {
            "rule": "tubecup\\.net\\/in\\/subscription-offers",
            "cookies": 0,
            "fingerprinting": 0,
            "subdomains": [
                "notification"
            ],
            "apis": {},
            "sites": 14,
            "prevalence": 0.00141,
            "cnames": [],
            "responseHashes": [
                "e3b0c44298fc1c149afbf4c8996fb92427ae41e4649b934ca495991b7852b855"
            ],
            "type": "Image",
            "firstPartyCookies": {},
            "firstPartyCookiesSent": {},
            "exampleSites": [
                "familyporn.tv",
                "femefun.com",
                "hdzog.com",
                "hentaiworld.tv",
                "thisisgore.com",
                "titis.org",
                "tubepornclassic.com",
                "txxx.com",
                "upornia.com",
                "vjav.com",
                "voyeurhit.com",
                "www.pornhits.com",
                "www4.bestjavporn.com",
                "xgore.net"
            ]
        }
    ],
    "categories": [],
    "performance": {},
    "cookies": 0,
    "topInitiators": [
        {
            "domain": "wpadmngr.com",
            "prevalence": 0.3488372093023256
        },
        {
            "domain": "6ce0a3adc4.com",
            "prevalence": 0.27906976744186046
        },
        {
            "domain": "first party",
            "prevalence": 0.18604651162790697
        },
        {
            "domain": "wpshsdk.com",
            "prevalence": 0.16279069767441862
        },
        {
            "domain": "deadhouse.xyz",
            "prevalence": 0.023255813953488372
        }
    ],
    "types": {
        "XHR": 29,
        "Image": 14
    },
    "nameservers": [
        "gabe.ns.cloudflare.com",
        "kay.ns.cloudflare.com"
    ]
}