{
    "domain": "typesquare.com",
    "owner": {},
    "source": [
        "DuckDuckGo-US"
    ],
    "prevalence": 0.000143,
    "sites": 21,
    "subdomains": [
        "wf",
        "l",
        "api"
    ],
    "cnames": [],
    "fingerprinting": 1,
    "resources": [
        {
            "rule": "typesquare\\.com\\/3\\/tsst\\/script\\/ja\\/typesquare\\.js",
            "cookies": 0,
            "fingerprinting": 1,
            "subdomains": [],
            "apis": {
                "Navigator.prototype.userAgent": 6
            },
            "sites": 7,
            "prevalence": 0.0000476,
            "cnames": [],
            "responseHashes": [
                "be74c29e837ac8813e35e23099016ac55442d7e93db3a581275670642d9df4e4",
                "b18dd8127c36ba181e67f46f0bf2950413b7f4a53a42f323dce53b8fc644e7f3",
                "73b11078b553744801274ba7d3b2bc37808dd94ca4e2717fdbb939d31c3e5387",
                "0eeae97500e3dec6f65fec550a3ae4ad64464b6820b3d145c5fbcb17e086c4b1",
                "c8536e69bd766fb56ef32ea0fe2bbd2ce032040890914125512b8e3c88732574",
                "3d778cc010fd3d976a2eb06797643b8a3bfc919d8488051c68457bb2adcaeca5"
            ],
            "type": "Script",
            "firstPartyCookies": {},
            "firstPartyCookiesSent": {},
            "exampleSites": [
                "cdp-japan.jp",
                "mineo.jp",
                "www.city.chiba.jp",
                "www.otsuka.co.jp",
                "www.sbfoods.co.jp",
                "www.takashimaya.co.jp",
                "www.webcg.net"
            ]
        },
        {
            "rule": "typesquare\\.com\\/3\\/tsst\\/dist\\/ja\\/ts",
            "cookies": 0,
            "fingerprinting": 0,
            "subdomains": [
                "wf"
            ],
            "apis": {},
            "sites": 6,
            "prevalence": 0.0000408,
            "cnames": [],
            "responseHashes": [
                "2ca20c6723ebe28c63cd1c654e9441bb2670e184a511bd6950105a250ebca3c0",
                "962ef42e48d53b00c24e4ebdeff1bcaa8b454d517d37c24d88afd9d064f1e72f",
                "3b869cee4729701eb9a06b2f0578d04045c4044475a9eccc9e500bae44e4ae48",
                "115af52dca82e0c2ad568f37ce8877eee9d541c0f3848611c401a2ec4560320c",
                "e53ed457320f9111b1c3f5704188e98427cb445c2b4a970b1c56859cf67d6b1c"
            ],
            "type": "Font",
            "firstPartyCookies": {},
            "firstPartyCookiesSent": {},
            "exampleSites": [
                "cdp-japan.jp",
                "mineo.jp",
                "www.city.chiba.jp",
                "www.otsuka.co.jp",
                "www.takashimaya.co.jp",
                "www.webcg.net"
            ]
        },
        {
            "rule": "typesquare\\.com\\/ab\\.woff",
            "cookies": 0,
            "fingerprinting": 0,
            "subdomains": [
                "wf"
            ],
            "apis": {},
            "sites": 4,
            "prevalence": 0.0000272,
            "cnames": [],
            "responseHashes": [
                "d180aa8cded0b031a66f73c7ff9da9279f6cc2b1b2d0531a19f82c566c324719"
            ],
            "type": "Font",
            "firstPartyCookies": {},
            "firstPartyCookiesSent": {},
            "exampleSites": [
                "cdp-japan.jp",
                "www.otsuka.co.jp",
                "www.takashimaya.co.jp",
                "www.webcg.net"
            ]
        },
        {
            "rule": "typesquare\\.com\\/3\\/ts\\/finish\\/ja\\/ts",
            "cookies": 0,
            "fingerprinting": 0,
            "subdomains": [
                "l",
                "api"
            ],
            "apis": {},
            "sites": 7,
            "prevalence": 0.0000476,
            "cnames": [],
            "responseHashes": [
                "e3b0c44298fc1c149afbf4c8996fb92427ae41e4649b934ca495991b7852b855"
            ],
            "type": "Fetch",
            "firstPartyCookies": {},
            "firstPartyCookiesSent": {},
            "exampleSites": [
                "cdp-japan.jp",
                "mineo.jp",
                "www.city.chiba.jp",
                "www.fujifilm.com",
                "www.otsuka.co.jp",
                "www.takashimaya.co.jp",
                "www.webcg.net"
            ]
        },
        {
            "rule": "typesquare\\.com\\/accessor\\/script\\/typesquare\\.js",
            "cookies": 0,
            "fingerprinting": 1,
            "subdomains": [],
            "apis": {
                "Navigator.prototype.userAgent": 3
            },
            "sites": 4,
            "prevalence": 0.0000272,
            "cnames": [],
            "responseHashes": [
                "73d9fa36d90d6c2bf2b61cf0655c3df00ba872a7f250719f82c7f01f924c925d",
                "00490763a6a3e0448053ebded9d4b5d75a32218b71774b53ebc96c64272fe685",
                "0e9d98513d8541c79debc51804d0772732cca26acf29dbed455fbd17433fe62f"
            ],
            "type": "Script",
            "firstPartyCookies": {},
            "firstPartyCookiesSent": {},
            "exampleSites": [
                "panasonic.jp",
                "www.clipstudio.net",
                "www.ei-navi.jp",
                "www.jcp.or.jp"
            ]
        },
        {
            "rule": "typesquare\\.com\\/3\\/tsst\\/api\\/ja\\/ts",
            "cookies": 0,
            "fingerprinting": 0,
            "subdomains": [
                "wf"
            ],
            "apis": {},
            "sites": 2,
            "prevalence": 0.0000136,
            "cnames": [],
            "responseHashes": [
                "b292f7435745aa9b1c68d0c9ba03363f454bd628fa7ac198b14f4c17a7d6a581"
            ],
            "type": "Fetch",
            "firstPartyCookies": {},
            "firstPartyCookiesSent": {},
            "exampleSites": [
                "city.chiba.jp",
                "www.city.chiba.jp"
            ]
        }
    ],
    "categories": [],
    "performance": {},
    "cookies": 0,
    "topInitiators": [
        {
            "domain": "first party",
            "prevalence": 0.8591549295774648
        },
        {
            "domain": "googlesyndication.com",
            "prevalence": 0.11267605633802817
        },
        {
            "domain": "ismcdn.jp",
            "prevalence": 0.028169014084507043
        }
    ],
    "types": {
        "Script": 11,
        "Font": 10,
        "Fetch": 9
    },
    "nameservers": [
        "ns-1658.awsdns-15.co.uk",
        "ns-1356.awsdns-41.org",
        "ns-666.awsdns-19.net",
        "ns-403.awsdns-50.com"
    ]
}