{
    "domain": "unless.com",
    "owner": {},
    "source": [
        "DuckDuckGo-NL"
    ],
    "prevalence": 0.000703,
    "sites": 7,
    "subdomains": [
        "e65f5aca-72b9-4ba6-9974-049f63104ecc",
        "5d347243-25ba-42c4-b444-0250e1e292b4",
        "c9c1ada6-0ebb-479c-9698-1070e971ffed",
        "e997390d-0238-4753-b4bf-68d301fb6928",
        "efe12526-ec24-4d2f-b914-7511c0db3d3a"
    ],
    "cnames": [],
    "fingerprinting": 2,
    "resources": [
        {
            "rule": "unless\\.com\\/js\\/v5\\/latest\\/txt\\.min\\.js",
            "cookies": 0.000301,
            "fingerprinting": 1,
            "subdomains": [
                "e65f5aca-72b9-4ba6-9974-049f63104ecc",
                "5d347243-25ba-42c4-b444-0250e1e292b4",
                "c9c1ada6-0ebb-479c-9698-1070e971ffed",
                "e997390d-0238-4753-b4bf-68d301fb6928"
            ],
            "apis": {
                "Document.cookie getter": 5,
                "window.sessionStorage": 5,
                "Document.cookie setter": 3,
                "window.localStorage": 5,
                "window.innerWidth": 5,
                "Navigator.prototype.language": 4,
                "Date.prototype.getTime": 3
            },
            "sites": 6,
            "prevalence": 0.000603,
            "cnames": [],
            "responseHashes": [
                "ba07f62d29d7692637c2d2dc10f0004fc8f44dd553c0b968367b10327b104328",
                "89901c10b7214962a0397608b379d50be87f378c2102fce17efa2df5b9a9af20",
                "0e1c25fc3859c2cb5ac7d8a068f926dae7e70ae6c1910d59c35237f07b8fd5bb",
                "81edd64cd1a94bdb8406d07b88c88b20e1528c19813eefaf92db1ab902a0bcec",
                "d9ec83321db3a7207e174159e17bb9a1283fa52e93d93b0b4ffa3e3b7235829a"
            ],
            "type": "Script",
            "firstPartyCookies": {
                "unless_sid": {
                    "ttl": null,
                    "length": 36,
                    "prevalence": 0.00030129557095510696,
                    "uniqueness": 1
                },
                "unless_id": {
                    "ttl": 31536002,
                    "length": 36,
                    "prevalence": 0.00030129557095510696,
                    "uniqueness": 1
                }
            },
            "firstPartyCookiesSent": {},
            "exampleSites": [
                "housinganywhere.com",
                "kamernet.nl",
                "www.kruidvat.nl",
                "www.prenatal.nl",
                "www.trekpleister.nl",
                "www.vismaraet.nl"
            ]
        },
        {
            "rule": "unless\\.com\\/api\\/v1\\/txt-api\\/update-visitor",
            "cookies": 0,
            "fingerprinting": 0,
            "subdomains": [
                "e65f5aca-72b9-4ba6-9974-049f63104ecc",
                "5d347243-25ba-42c4-b444-0250e1e292b4",
                "e997390d-0238-4753-b4bf-68d301fb6928"
            ],
            "apis": {},
            "sites": 3,
            "prevalence": 0.000301,
            "cnames": [],
            "responseHashes": [
                "db2d94ebcda4aa3607ebe2b1352a64b5344bb32af505a0f6c1016ae21b20a4e4",
                "253cf135c507b032a46dbc44a0e61bc84538992581ce055ed66ac1aa088da7df"
            ],
            "type": "XHR",
            "firstPartyCookies": {},
            "firstPartyCookiesSent": {},
            "exampleSites": [
                "housinganywhere.com",
                "kamernet.nl",
                "www.prenatal.nl"
            ]
        },
        {
            "rule": "unless\\.com\\/api\\/v1\\/txt-api\\/get-experiences",
            "cookies": 0,
            "fingerprinting": 0,
            "subdomains": [
                "5d347243-25ba-42c4-b444-0250e1e292b4",
                "c9c1ada6-0ebb-479c-9698-1070e971ffed",
                "efe12526-ec24-4d2f-b914-7511c0db3d3a",
                "e997390d-0238-4753-b4bf-68d301fb6928"
            ],
            "apis": {},
            "sites": 4,
            "prevalence": 0.000402,
            "cnames": [],
            "responseHashes": [
                "857568cc7687c3ad5eeaef9dd236454f83bf21af46aa85b8a0d50775a6bcf5bd",
                "c21bd0fde40a80d340de7f14495b0284fa2267e729287ad3f22748bdde5a8db7",
                "4a5857a1c6297ebaf35da6390b9783044123201ada03fd7099c10f0d1520a170"
            ],
            "type": "XHR",
            "firstPartyCookies": {},
            "firstPartyCookiesSent": {},
            "exampleSites": [
                "kamernet.nl",
                "www.kruidvat.nl",
                "www.ouwehand.nl",
                "www.prenatal.nl"
            ]
        }
    ],
    "categories": [],
    "performance": {},
    "cookies": 0.000301,
    "topInitiators": [
        {
            "domain": "first party",
            "prevalence": 0.6923076923076923
        },
        {
            "domain": "convious.net",
            "prevalence": 0.23076923076923078
        },
        {
            "domain": "noibu.com",
            "prevalence": 0.07692307692307693
        }
    ],
    "types": {
        "Script": 6,
        "XHR": 7
    },
    "nameservers": [
        "ns-521.awsdns-01.net",
        "ns-410.awsdns-51.com",
        "ns-1843.awsdns-38.co.uk",
        "ns-1497.awsdns-59.org"
    ]
}