{
    "domain": "videocdnmetrika.com",
    "owner": {},
    "source": [
        "DuckDuckGo-US"
    ],
    "prevalence": 0.000381,
    "sites": 56,
    "subdomains": [],
    "cnames": [],
    "fingerprinting": 0,
    "resources": [
        {
            "rule": "videocdnmetrika\\.com\\/f\\.php",
            "cookies": 0,
            "fingerprinting": 0,
            "subdomains": [],
            "apis": {},
            "sites": 54,
            "prevalence": 0.000368,
            "cnames": [],
            "responseHashes": [
                "85efecf269ce01dcb94cc03e54b76adf0dcc46e35ccfa1a8ae48af23ce2d0b44",
                "6f59aa7c33f73eda82a133f55190b5feb8cdb148831465181a481fc7fad9181a",
                "c3ddb64ef159f372b137caeea39417594c397ed58f88e8a2de362b048b541904",
                "70c96cf16a3fbe2bb4a65ce9333250b4a53c70dd7cda0f6f4dbd03aebf453fdd",
                "846ae93587cf9e67b3f7610016c8bec49dbaac3268b8fa70a9c9968dd7efb0f7",
                "18fbd6063cf728a46723a723b8f242999174d8a044c6e993701ffdc55c94c767",
                "6b7e401968fb8a80906bd1372a0fea30fac5d1bdaa7c859986d687851510982b",
                "e5cffc06b168d2daad2136a78045dc14439f5000fd5c9335a79a6e3ed87f16a6",
                "f3c618c20c0adeafad46508d16aa25f23f6ba0b3c923298f8ab7173027814ba0",
                "c0e99725aa9c84932d3e6115775f39fa36ffdad13de2ccc10cd2950df8f96fac",
                "d06e2df11ab5a4505cafba884eb63d3ffb48cd4d8c3ddb2074c1136887249700",
                "eda36d4d135cdb5e1ccb32d61945288974c613bb765cb588536c68389b16de12",
                "830d91005905d2d9b3bdf21f88ad16522e71dc388cc070e62e68ce17079c5b6c",
                "d8bfcee6a01a177cfa9890baa5bfa4d3b679c061193d826e53cf0bbd98ad82d0",
                "f2044314786b1c2db6e9a58dd34c140ea17b7957d59f1025b007ce8a4da8ca7b",
                "271cbf88894c277b657761ccc7c96592d843316651533ccaa7b0f77a9391a032",
                "776c55ae90fb70732af1e7d82294abb45e647f1827188968b6f71cdb609bc8d6",
                "bf3d6d4a8cd27eade46ef7c5e5c0e0a25b092548f69567340c12a7dea21e1956",
                "b2cfde49d0d95d028f0cf78a3b69a7b4346e4725665a7a4a85561219d84ebb9f",
                "55e080abe62d40dc78a681cb27fc1a6dea8d2ba764b38515a280360b847676f4",
                "9cea82f13787c8486373f7b8c77c6bfa2eab5c94dba9fc015ef79f08ba29d569",
                "8fb32c856537156c0883f43c4682fcbc9e34435e61d7da6ebe45051d3cc3c106",
                "8ce17f6e88d350f56b9131e135658825d7f22bb8c86eb0329f8305aebac90622",
                "31f2647204c24f52746d317234b95773152a10b5c80cea32acbb4e3493527c0f",
                "fbc91262a9b948147caaff7f840fc451a3aac717e7cdf9ee33c2688d47eed6fc",
                "b3956fb452643729912856bb2bb6b479e03a547c001b37888a99d75df407e8e9",
                "bda51fc4415a7b870fedfbd1320e69db7ba3f2afecfa2c3860c0a07ad8d3cc4d",
                "d2771e9488c92d59e71dd977203f016401ae6f05bba3cac34b3a84e9df971824",
                "722a892f5fac97e247ece540c870a9f6b135ec6188e7abd97ffa97f607962041",
                "0855a49015f763975938c86fb5a3e525c30102fa0b8804b1796859a4c42c196a",
                "6f8c8f1adade5b18a1429a5a11d7ab1aab4dae3ed87b20a2fb9bb45973f1f53c",
                "4a602794cccd20a1961115c699e8d8043d3f31c7977f090591cddffe47027252",
                "5725df8992591444523801fb72896d09b90469d71d03525f323d6bddfd16fc10",
                "9a90b0eae6c48d27aac5e0cdcc70e2b027fc74fe4cf36c502d08ec8a3cd2d8ab",
                "086048ca07fde5fc3394766008bfc4e53b5febe1a7126c0a461f9a0b7242bcc0",
                "cb7215fe6515c4cace6ed429bd6ff01c6903c0c11d1416b4f562c5c1c39779f9",
                "86b28e6fde3aaf45a6ef2d03d8d3b13d7456b62e5df3924dfee6602f090013cc",
                "46564c57bbf2b04c390231133a294436bb1b882d64cc6bc63917548c726b92bc",
                "e64135a47593289f6b72020d515aff1599eede2053adf4c828d2115e74734ea8",
                "36f7c98c7099ccb301bdb7b68cc298118c5cbe5da96f4524eeaa01833bb0a75d",
                "896e1ec03f0b41f5b13b8fa6e1df0c886328441365d9f5e84d33d7f7ed63265b",
                "093d1bd7b81ccd21c9601a0154f99a048d25e91a5c5c99a183e36d9caf1e1f1c",
                "e1540b57f6ad8700e58e573cf7739e7e8edd53404648860a1e08cde0f1be51a7",
                "2d1c591ebd5b3549cc28c0a7ba54ae796880066cd0a3a25c9b1bca0347bcf087",
                "abe007c993b59736c14daed2ed7355be9bb3854c2d088d6cf4fd0076d3df8876",
                "413c77697b7e6220be5f00e3a9e0de731ae46c831f2563374e5631dd91c45de0",
                "3361d627794b74b4ac92a9d8ac830cb3b547eec2303ce3e63fcf9aaea3bdf827",
                "21b2f40162596f76b12d5380632485be90e04e014502b7f75150247eb726fd5b",
                "2b311ce6fbc8eaff61831e7682532bbf026845b86b17c191ad7e040659bb4f4a",
                "7371769b30e3cafa12f74cf92036dc21a4a8f66b4fd9c6b27b87f410bcc12ff6",
                "075f6b1abfb6e97efa0df48824a5194fa190e171424d4ad3f3b2dbe5fd9e40e0"
            ],
            "type": "Document",
            "firstPartyCookies": {},
            "firstPartyCookiesSent": {},
            "exampleSites": [
                "vidoza.net",
                "xxxstream.me",
                "pornocomlegenda.org",
                "xjilbab.xyz",
                "www.pornhegemon.com",
                "reallifecams.net",
                "www.erotikfilmizlehd.com",
                "gaypornhdfree.com",
                "xxvideoss.org",
                "vezionline.net",
                "hentaisama.net",
                "tickzoo.com",
                "www.pornhits.biz",
                "www.18filmler.org",
                "voir-animes.com",
                "iceporncasting.net",
                "gayfor.us",
                "pornwatch.ws",
                "streaming-integrale.com",
                "castingporntube.com"
            ]
        },
        {
            "rule": "videocdnmetrika\\.com\\/ads\\/banner\\.gif",
            "cookies": 0,
            "fingerprinting": 0,
            "subdomains": [],
            "apis": {},
            "sites": 52,
            "prevalence": 0.000354,
            "cnames": [],
            "responseHashes": [
                "1866961a029c65376fefb7f2ba1e6187e09ff50ea58d97dedfd72c197947d002"
            ],
            "type": "Image",
            "firstPartyCookies": {},
            "firstPartyCookiesSent": {},
            "exampleSites": [
                "vidoza.net",
                "italianvidxxx.com",
                "pornwatch.ws",
                "facesittinghub.com",
                "mundoporn.net",
                "www.holedk.com",
                "voyeur-house.org",
                "hdporn92.net",
                "brutaljav.com",
                "www.povaddict.net",
                "zerknij.tv",
                "tickzoo.com",
                "tabooporns.com",
                "iceporncasting.net",
                "swingerpornfun.com",
                "www.pornhegemon.com",
                "www.hotpornfile.org",
                "castingporntube.com",
                "gaypornhdfree.com",
                "hentai-share.ru"
            ]
        }
    ],
    "categories": [],
    "performance": {},
    "cookies": 0,
    "topInitiators": [
        {
            "domain": "testingmetriksbre.ru",
            "prevalence": 0.9152542372881356
        },
        {
            "domain": "allvideometrika.com",
            "prevalence": 0.06779661016949153
        },
        {
            "domain": "first party",
            "prevalence": 0.01694915254237288
        }
    ],
    "types": {
        "Document": 54,
        "Image": 52
    },
    "nameservers": [
        "gabe.ns.cloudflare.com",
        "etta.ns.cloudflare.com"
    ]
}