{
    "domain": "vk.ru",
    "owner": {},
    "source": [
        "DuckDuckGo-US"
    ],
    "prevalence": 0.000129,
    "sites": 19,
    "subdomains": [],
    "cnames": [],
    "fingerprinting": 0,
    "resources": [
        {
            "rule": "vk\\.ru\\/js\\/lang-pack\\.js",
            "cookies": 0.0000817,
            "fingerprinting": 0,
            "subdomains": [],
            "apis": {},
            "sites": 12,
            "prevalence": 0.0000817,
            "cnames": [],
            "responseHashes": [
                "ece83168269928c3e7f90fac91196da6a1757b504c7c57cf895377b317f3253c",
                "0bc4409c7b4494d0e18fd0b1f2255d5e4271c311cccadf70066e3fbef3280abb",
                "607cd7cbb3f20d7c831cf1126e56f60471f662a39d337faa98a7dac87b2b0452",
                "3a87fdefe4a3b69b9ebd518656d34a2645c56dace2069ae7b2c7a7bae8554e4a",
                "634c90c30ab99ba73967465c9a593a86b73013ea9365acd58dda0b6b79118326",
                "eab932ee6c0c6754ddc865c385243f8acd5eb9581c865254eeba75f82ef8a0f8",
                "04da2fe26892a92d522d2ca68c39cfbec6f973a2a48bf89ced303f5ad18cfa35",
                "3c673555c650f582a2e7f157f8e097abb2df1d5dc61293c391630597e2ab96c0",
                "0d7aa576340bcf3ea2defcd8521f2aa157b34c0c6b37051dc36c6a7c6438812f",
                "ac1611d9c5a010963e2dd062d62bd8be630cfe50809add9cb2878070b05e5dcb",
                "1f2cd2334a55cfbf3244098bec682b2dd884170c1ce5969484876628ef8883c2"
            ],
            "type": "Fetch",
            "firstPartyCookies": {},
            "firstPartyCookiesSent": {},
            "exampleSites": [
                "100ballnik.com",
                "calorizator.ru",
                "ege314.ru",
                "felomena.com",
                "fotostrana.ru",
                "megaresheba.ru",
                "resheba.top",
                "ru.solverbook.com",
                "self-edu.ru",
                "sinonim.org",
                "thelastgame.ru",
                "zvukipro.com"
            ]
        },
        {
            "rule": "vk\\.ru\\/domain\\.txt",
            "cookies": 0,
            "fingerprinting": 0,
            "subdomains": [],
            "apis": {},
            "sites": 5,
            "prevalence": 0.000034,
            "cnames": [],
            "responseHashes": [
                "877ca9b8dd0b5eebe0dd82437c136d98ff863d5710a77dbad227895c35e851ce"
            ],
            "type": "Fetch",
            "firstPartyCookies": {},
            "firstPartyCookiesSent": {},
            "exampleSites": [
                "mail.ru",
                "e.mail.ru",
                "vk.me",
                "vk.com",
                "work.vk.com"
            ]
        }
    ],
    "categories": [],
    "performance": {},
    "cookies": 0.0000953,
    "topInitiators": [
        {
            "domain": "vk.com",
            "prevalence": 0.7894736842105263
        },
        {
            "domain": "imgsmail.ru",
            "prevalence": 0.10526315789473684
        },
        {
            "domain": "first party",
            "prevalence": 0.10526315789473684
        }
    ],
    "types": {
        "Fetch": 17
    },
    "nameservers": [
        "ns2.vkontakte.ru",
        "ns1.vkontakte.ru",
        "ns3.vkontakte.ru",
        "ns4.vkontakte.ru"
    ]
}