{
    "domain": "vntsm.io",
    "owner": {},
    "source": [
        "DuckDuckGo-AU"
    ],
    "prevalence": 0.00221,
    "sites": 22,
    "subdomains": [
        "hb"
    ],
    "cnames": [],
    "fingerprinting": 0,
    "resources": [
        {
            "rule": "vntsm\\.io\\/content\\.html",
            "cookies": 0.00221,
            "fingerprinting": 0,
            "subdomains": [
                "hb"
            ],
            "apis": {},
            "sites": 22,
            "prevalence": 0.00221,
            "cnames": [],
            "responseHashes": [
                "1f2dfd88082e417037742092ad657ba162e41bc7cfb2635db7549d7150050932",
                "1e6682d13d78a67095939b9052d4d3d0849d6a59c2580ab2c45329dc213c75d5",
                "d90def3c964d63075d0d85ea726eff2dbf3150f8d0a318a53ae75481c43787e8",
                "04efb1a0f83613708a437831fe8e9c96f9a39bcd4b67b8e7012952c411a3e094",
                "07d7dd346e8db1d61cd08feced3a83915ff2412ffbc780dcd4dbc2e668dffa22",
                "624b60cdae575e963d17caf0a6fac7549c4abf765d1c1137927fe65e9995d138",
                "41b6554c5500c1431d84bd172ab2a51f75c813ddc825151cb0786f31e2d5b97b",
                "3ea4227c9b3334f29f40824c45e966a96256c37b3de40b333f91616e3a5c12e6",
                "797d8474359dd3af8ab0bd80af0a20b7ee8b8053973f0f99d496a67a766ba467",
                "2086180ce7b1627d3a9eaba30fabc3b8e39ad867f8f68544c8bf2d207761df69",
                "fc0e7aad99b38c0000510b59b358af4f6c03420f6adc9b00a42fd79bae14ea40",
                "7b4713de6e0213934415656e3cc48f288c9757f47dabd6ea92bf996bc3ad852b",
                "e0f458eeb73ea3eefbae8f00ff53190943a31ed90fa0ab81850b74518622c09e",
                "8a67991da0be076534372de8f9ac0c570627c8f9e9f298822141e2cd082d2d0c",
                "c5c3d594f5575d4467009b8706ec80d1dde9015d7d9fcef8008c47fe15dbc456",
                "d3f0805eb24d00392d90bba8b0c5a7e007f4f4825c6d0b7484bd7322740e6f88",
                "757eeb5a38fa5c5bf9a5ec171496fef2c7b007baaf89b7c259f87dc3fdb96877",
                "ebb1b5afa5d23c6da503b74c4bde3f7062c95ad8d6014cdd6c6c4ad79a532f99",
                "6600cc7b18444ea399ddbd28c4f206d3c68df7989a435f539d977a99c6d3f7d2",
                "1af6d8d26866034384926f2ab512480f3f16c9241185cc1ee419e4c3dc8d0dad",
                "497f057995716d2a1c407584b3fe6473f17f0bbe8946ea30a319475d7cce40bb"
            ],
            "type": "Fetch",
            "firstPartyCookies": {},
            "firstPartyCookiesSent": {},
            "exampleSites": [
                "www.op.gg",
                "www.racedepartment.com",
                "www.powerpyx.com",
                "wh40k.lexicanum.com",
                "wafflegame.net",
                "rankedboost.com",
                "www.koreaboo.com",
                "www.light.gg",
                "www.rpgsite.net",
                "www.gamersdecide.com",
                "gamerescape.com",
                "www.pokemoncoders.com",
                "www.belloflostsouls.net",
                "forums.spacebattles.com",
                "www.gosunoob.com",
                "www.playstationtrophies.org",
                "www.mobafire.com",
                "www.planetminecraft.com",
                "www.resetera.com",
                "www.smogon.com"
            ]
        }
    ],
    "categories": [],
    "performance": {},
    "cookies": 0.00221,
    "topInitiators": [
        {
            "domain": "vntsm.com",
            "prevalence": 1
        }
    ],
    "types": {
        "Fetch": 22
    },
    "nameservers": [
        "ns-1655.awsdns-14.co.uk",
        "ns-1245.awsdns-27.org",
        "ns-99.awsdns-12.com",
        "ns-866.awsdns-44.net"
    ]
}