{
    "domain": "voltaxam.com",
    "owner": {},
    "source": [
        "DuckDuckGo-US"
    ],
    "prevalence": 0.000129,
    "sites": 19,
    "subdomains": [
        "rtb"
    ],
    "cnames": [],
    "fingerprinting": 0,
    "resources": [
        {
            "rule": "voltaxam\\.com\\/videos\\/start",
            "cookies": 0,
            "fingerprinting": 0,
            "subdomains": [
                "rtb"
            ],
            "apis": {},
            "sites": 18,
            "prevalence": 0.000123,
            "cnames": [],
            "responseHashes": [
                "82d6fce729d71148ae6898bc17c5e5fc1071ce3886a7d84a842688adbecbf442",
                "a5c698319e0f39f47fbef6cca46f34387c104ca242247c8d6d82a51b1228372c",
                "5c830d6ec33546de3a2caf78693fd116d0ae4cb77478432bbca2ac8bc4f705fb",
                "93d757cee0d8a98ae49d16723777b89eaf087f3b4a6da06e92bd56daaf60ddf4",
                "52c83f6a354b081c4ba810f1170681abc903468c2a726e98354df993e6ed542d",
                "d5472efb05d7ab1524c6d73904bba500321ddc343c02c10a07c0bcc3ecd8937d",
                "fd2fe0916795168422ce90dc5093cf0cd930884b036f0b2cbf14c7020303d8e1",
                "e7012548b203fdd284c7203e2fce9697ba4ee57feff0b47702b2a5d94af7cbe5",
                "91bb13421b706c51c50c1008064b0da2230b7f31ecff5fd5ab9ff029107b59e4",
                "8d96804f1e76902f464667c35ff0d4f2370ec256fca0a52c8d7f57de2cf1ade9",
                "5a69922f734f2c22dbd42e69799faee46c86de414c51baddff45d4d11599b2e3",
                "db9d4e6d4762618bc3c9e3465758e78c1004b42b6dc4f1179e31d56a315a943d",
                "208ba8ab5c94fd9857d232521d11ddb928aa98ee630b4eb6e1bdfc1ea8f04810",
                "036c3b1a5865d9fe8c3c019821d0a808b5fe662398415f8f5a8398b11e32c848",
                "cdfbcd46743a822437781c8689948bc9ca57638046f9db80e2fc04dbc4dd00a7",
                "9188cfb9f5562c517ea2fc79f6b0d39222b571a230abf8216029e0a225f89b7a",
                "46b8c3915806420d26798273b808b44d1390204866df0f8d16e596f870653b15"
            ],
            "type": "Fetch",
            "firstPartyCookies": {},
            "firstPartyCookiesSent": {},
            "exampleSites": [
                "arrowheadaddict.com",
                "bamsmackpow.com",
                "beyondtheflag.com",
                "champagneandshade.com",
                "dorksideoftheforce.com",
                "fansided.com",
                "foodsided.com",
                "guiltyeats.com",
                "hiddenremote.com",
                "netflixlife.com",
                "onechicagocenter.com",
                "precincttv.com",
                "progolfnow.com",
                "winteriscoming.net",
                "www.90min.com",
                "www.90min.de",
                "www.mentalfloss.com",
                "www.thebiglead.com"
            ]
        },
        {
            "rule": "voltaxam\\.com\\/cookieSync",
            "cookies": 0,
            "fingerprinting": 0,
            "subdomains": [
                "rtb"
            ],
            "apis": {},
            "sites": 18,
            "prevalence": 0.000123,
            "cnames": [],
            "responseHashes": [
                "e3b0c44298fc1c149afbf4c8996fb92427ae41e4649b934ca495991b7852b855"
            ],
            "type": "Image",
            "firstPartyCookies": {},
            "firstPartyCookiesSent": {},
            "exampleSites": [
                "arrowheadaddict.com",
                "bamsmackpow.com",
                "beyondtheflag.com",
                "champagneandshade.com",
                "dorksideoftheforce.com",
                "fansided.com",
                "foodsided.com",
                "guiltyeats.com",
                "hiddenremote.com",
                "netflixlife.com",
                "onechicagocenter.com",
                "precincttv.com",
                "progolfnow.com",
                "winteriscoming.net",
                "www.90min.de",
                "www.90min.com",
                "www.mentalfloss.com",
                "www.thebiglead.com"
            ]
        },
        {
            "rule": "voltaxam\\.com\\/videos\\/01gyc245wn4cb7ehjqrten98",
            "cookies": 0,
            "fingerprinting": 0,
            "subdomains": [
                "rtb"
            ],
            "apis": {},
            "sites": 2,
            "prevalence": 0.0000136,
            "cnames": [],
            "responseHashes": [],
            "type": "Fetch",
            "firstPartyCookies": {},
            "firstPartyCookiesSent": {
                "lotame_domain_check": 0.000013614147822417056
            },
            "exampleSites": [
                "90min.de",
                "www.90min.de"
            ]
        },
        {
            "rule": "voltaxam\\.com\\/videos\\/01gyc245wn4cb7ehjqrten98",
            "cookies": 0,
            "fingerprinting": 0,
            "subdomains": [
                "rtb"
            ],
            "apis": {},
            "sites": 2,
            "prevalence": 0.0000136,
            "cnames": [],
            "responseHashes": [],
            "type": "Preflight",
            "firstPartyCookies": {},
            "firstPartyCookiesSent": {
                "lotame_domain_check": 0.000013614147822417056
            },
            "exampleSites": [
                "90min.de",
                "www.90min.de"
            ]
        },
        {
            "rule": "voltaxam\\.com\\/videos\\/01gya94ewrcmknt4affszmsp",
            "cookies": 0,
            "fingerprinting": 0,
            "subdomains": [
                "rtb"
            ],
            "apis": {},
            "sites": 2,
            "prevalence": 0.0000136,
            "cnames": [],
            "responseHashes": [],
            "type": "Fetch",
            "firstPartyCookies": {},
            "firstPartyCookiesSent": {},
            "exampleSites": [
                "90min.com",
                "www.90min.com"
            ]
        },
        {
            "rule": "voltaxam\\.com\\/videos\\/01gya94ewrcmknt4affszmsp",
            "cookies": 0,
            "fingerprinting": 0,
            "subdomains": [
                "rtb"
            ],
            "apis": {},
            "sites": 2,
            "prevalence": 0.0000136,
            "cnames": [],
            "responseHashes": [],
            "type": "Preflight",
            "firstPartyCookies": {},
            "firstPartyCookiesSent": {},
            "exampleSites": [
                "90min.com",
                "www.90min.com"
            ]
        },
        {
            "rule": "voltaxam\\.com\\/videos\\/01gy9s1vfwn4dpgecwab189y",
            "cookies": 0,
            "fingerprinting": 0,
            "subdomains": [
                "rtb"
            ],
            "apis": {},
            "sites": 2,
            "prevalence": 0.0000136,
            "cnames": [],
            "responseHashes": [],
            "type": "Fetch",
            "firstPartyCookies": {},
            "firstPartyCookiesSent": {
                "lotame_domain_check": 0.000013614147822417056
            },
            "exampleSites": [
                "mentalfloss.com",
                "www.mentalfloss.com"
            ]
        },
        {
            "rule": "voltaxam\\.com\\/videos\\/01gy9s1vfwn4dpgecwab189y",
            "cookies": 0,
            "fingerprinting": 0,
            "subdomains": [
                "rtb"
            ],
            "apis": {},
            "sites": 2,
            "prevalence": 0.0000136,
            "cnames": [],
            "responseHashes": [],
            "type": "Preflight",
            "firstPartyCookies": {},
            "firstPartyCookiesSent": {
                "lotame_domain_check": 0.000013614147822417056
            },
            "exampleSites": [
                "mentalfloss.com",
                "www.mentalfloss.com"
            ]
        },
        {
            "rule": "voltaxam\\.com\\/videos\\/01gyasjvkxckcntf5qms4r9x",
            "cookies": 0,