{
    "domain": "web-2-tel.com",
    "owner": {
        "name": "Telmetrics Inc.",
        "displayName": "Telmetrics"
    },
    "source": [
        "DuckDuckGo-US"
    ],
    "prevalence": 0.000374,
    "sites": 55,
    "subdomains": [
        "js"
    ],
    "cnames": [],
    "fingerprinting": 1,
    "resources": [
        {
            "rule": "web-2-tel\\.com\\/sdk",
            "cookies": 0,
            "fingerprinting": 1,
            "subdomains": [
                "js"
            ],
            "apis": {
                "Document.cookie getter": 10,
                "window.localStorage": 10
            },
            "sites": 12,
            "prevalence": 0.0000817,
            "cnames": [],
            "responseHashes": [
                "5d37577de11dfda26e04783ee13d3a8ec2eefa66c435fe3815b33ce35d3b3372",
                "bd962245511ccd63388eabd9d21f86875ae4fa1eead975dcd3c848d335d36447",
                "3285b928f17e220719dcf9bedaee63aaefb03746b60160c5cc378e44c22528ab",
                "792198c2b74e61fee1479e7b3eb0bf64d5b38283085019fada8254bf6fe9ccdb",
                "f9059c5773714d0a26d2c40e0a21e0b71c473adef9f33e272edce9d4dea9deb5",
                "52f3054985025158f7831e1ed819aaf507b5e37b7583e9e28dc1cd39da1e7ac1",
                "9b36fad5b4faadd590b16945dbdd6fce83680bc42e3bc4a85767b48ff8e3b1a4",
                "6329405444f1cdd89eeda5c5c5850d108d08a34b6d1ff0cde2976d7aba045283",
                "49a382e44be17a4b2b95fab8763fe2fb80e746d432e75092992fe1e608397b9c",
                "a0018f89fc84b1a3d77fdaaed55a289638dbe50b6c5bc19e544f2903ad3c9443"
            ],
            "type": "Script",
            "firstPartyCookies": {},
            "firstPartyCookiesSent": {},
            "exampleSites": [
                "fccu.org",
                "www.bellco.org",
                "www.carquest.com",
                "www.entandallergy.com",
                "www.honeybaked.com",
                "www.midflorida.com",
                "www.mountainmikespizza.com",
                "www.reasonablefaith.org",
                "www.sanjuan.edu",
                "www.servpro.com",
                "www.unitedrentals.com",
                "www.wbu.com"
            ]
        },
        {
            "rule": "web-2-tel\\.com\\/ojsSdk",
            "cookies": 0,
            "fingerprinting": 0,
            "subdomains": [
                "js"
            ],
            "apis": {},
            "sites": 12,
            "prevalence": 0.0000817,
            "cnames": [],
            "responseHashes": [
                "e3b0c44298fc1c149afbf4c8996fb92427ae41e4649b934ca495991b7852b855"
            ],
            "type": "XHR",
            "firstPartyCookies": {},
            "firstPartyCookiesSent": {},
            "exampleSites": [
                "fccu.org",
                "www.bellco.org",
                "www.carquest.com",
                "www.entandallergy.com",
                "www.honeybaked.com",
                "www.midflorida.com",
                "www.mountainmikespizza.com",
                "www.reasonablefaith.org",
                "www.sanjuan.edu",
                "www.servpro.com",
                "www.unitedrentals.com",
                "www.wbu.com"
            ]
        },
        {
            "rule": "web-2-tel\\.com\\/ojsSdk",
            "cookies": 0,
            "fingerprinting": 0,
            "subdomains": [
                "js"
            ],
            "apis": {},
            "sites": 12,
            "prevalence": 0.0000817,
            "cnames": [],
            "responseHashes": [],
            "type": "Preflight",
            "firstPartyCookies": {},
            "firstPartyCookiesSent": {},
            "exampleSites": [
                "fccu.org",
                "www.bellco.org",
                "www.carquest.com",
                "www.entandallergy.com",
                "www.honeybaked.com",
                "www.midflorida.com",
                "www.mountainmikespizza.com",
                "www.reasonablefaith.org",
                "www.sanjuan.edu",
                "www.servpro.com",
                "www.unitedrentals.com",
                "www.wbu.com"
            ]
        },
        {
            "rule": "web-2-tel\\.com\\/org-sdk",
            "cookies": 0,
            "fingerprinting": 1,
            "subdomains": [
                "js"
            ],
            "apis": {
                "Document.cookie getter": 17,
                "window.localStorage": 16,
                "Navigator.prototype.userAgent": 16,
                "Navigator.prototype.vendor": 1
            },
            "sites": 19,
            "prevalence": 0.000129,
            "cnames": [],
            "responseHashes": [
                "ca016dd6d30cbdef8c22a62f5a4cf75cdf683823a41522aa56d42331b5f47249",
                "548e7f03dfbbfea398c8cc960e01e91b02c60c23293fc4dfab9add3e54be4929",
                "b0ce5d717b39b1949eaeb99c54b03c83ce67dbc2a85e4b518e09ade367de0709",
                "61df10ae9c0e31f23c6c98407eaf1d5f31b97b762720bf2c6c446252eab73763",
                "442b6949dde0af42d321d3aa52e59109095f061ff72598a17b1c34cae49e3776",
                "a89ffadf3f5741916147feca7121b94c5d4eb40730547a61deae16427c0ec2e5",
                "89e93b5faa7a11aec621f19b843277815948a2a106bcbea453aa2b54e780c695",
                "9333996ba543774acbfba839dc21e1fcd7386f4afc52aa1180a6623cf0bb86fe",
                "bfab4a2835ec9ff8ae18a3f7cb283e4e384b43fb72905fb7aa24feb5a2d9f70b",
                "e3b0c44298fc1c149afbf4c8996fb92427ae41e4649b934ca495991b7852b855",
                "91deb0fab6ebdda0bcfcb607f14aa3bc2fa277591b4fbca17250dc817e386e52",
                "64492ec8e4ae967c6fbccc9383cbac9133972ce56e94508fd88c7439349e868f",
                "fd87eaf842f11322b4f3812498d3737bd55efad6f8ac701e6c57b0165c7012a7"
            ],
            "type": "Script",
            "firstPartyCookies": {},
            "firstPartyCookiesSent": {},
            "exampleSites": [
                "glassdoctor.com",
                "mrelectric.com",
                "www.americancruiselines.com",
                "www.anylabtestnow.com",
                "www.asurion.com",
                "www.becn.com",
                "www.dentalplans.com",
                "www.essilorusa.com",
                "www.interstatebatteries.com",
                "www.irvinecompanyapartments.com",
                "www.lawndoctor.com",
                "www.mavis.com",
                "www.mountsinai.org",
                "www.mrappliance.com",
                "www.mrhandyman.com",
                "www.newrez.com",
                "www.pikenursery.com",
                "www.summahealth.org",
                "www.wowway.com"
            ]
        },
        {
            "rule": "web-2-tel\\.com\\/org-jsSdk",
            "cookies": 0,
            "fingerprinting": 0,
            "subdomains": [
                "js"
            ],
            "apis": {},
            "sites": 17,
            "prevalence": 0.000116,
            "cnames": [],