{
    "domain": "webstats1.com",
    "owner": {},
    "source": [
        "DuckDuckGo-US"
    ],
    "prevalence": 0.000238,
    "sites": 35,
    "subdomains": [],
    "cnames": [],
    "fingerprinting": 0,
    "resources": [
        {
            "rule": "webstats1\\.com\\/www\\/delivery\\/afr\\.php",
            "cookies": 0.000123,
            "fingerprinting": 0,
            "subdomains": [],
            "apis": {},
            "sites": 18,
            "prevalence": 0.000123,
            "cnames": [],
            "responseHashes": [
                "4bd9c190a079f37d1a4cb1b05423bf6aeeb8419083d1c1f09e323875305a6478",
                "d853646f0a8248e316b2bbe8ce482e2bce1f3c5524538bb8d4bd506bc5a017ae",
                "a931e62e726fa1983af1dd017f78df337d152b8a478181fb1478886ca467e925",
                "012173db7823bd8ee9a7dd96a4b8d72a3a2b232e8e8c90aa109e0c1fa1781d1e",
                "f753478d713667a861877d43394731633b0f0bb7b9b7aa56360b7ccff54d4810",
                "1ac175f7cdf2995dd24301f9ef0939d8a79a0b3c00ac4c7bce2c12f599571317",
                "ceac5aaed998e5717c9c07226d3cfb81cdce7bd2efd47c718e183b5c159bc279",
                "3ca0e36e69ed16fac260a1c0d39224c016f5bb804ab84cfc94e0a6807d55baaf",
                "c3288a46a2c63fdc1bda9f5e0cd850200728c8ee182fb28617c66b1d95b0ec9f",
                "1f0f83536daa4c86450c17b56fb024a8bd4646be3f1341204e407a3ebfe9f5cf",
                "54c0310fffdd374dff9b49b20d1667102d4d02901876f077598ae87447be8685",
                "c969e5fcf78e11f4e7bd167d7e8c56cb500af09d66fb34959c2e03e00f08e9e8",
                "3cc211456c270d2a6c4046d80fbdf8a358b8a102f3819941022b99d672cbbe78",
                "273e62a7c0fb5d3d0c63e2698b5b4bcdf77ed67c6485b425970b5e0b1772e2c3",
                "653e6ac187ce6f9cbf341218f265970fffe06785c0422c109efaa876cca667db",
                "efa1644c052bbee1f03adfdaa82c54fa9d9be44162b02bd620bbe596efdfa287",
                "fa66691e008062a350e776f5fa8060eac4ec6d3a24f0ebd1e343211ace806faa"
            ],
            "type": "Document",
            "firstPartyCookies": {},
            "firstPartyCookiesSent": {},
            "exampleSites": [
                "contoseroticoscnn.com",
                "hentaikai.com",
                "hentailegendado.com",
                "hqhentai.online",
                "mangashentais.com",
                "meuhentai.com",
                "mundohentaioficial.com",
                "nhentaibr.com",
                "novinhasdozapzap.com",
                "thehentaicomics.com",
                "www.assistirhentai.com",
                "www.casadoscontos.com.br",
                "www.hentaihome.net",
                "www.hentaistube.com",
                "www.mixputaria.com",
                "www.muitohentai.com",
                "www.naoconto.com",
                "www.sonovinhasbr.com"
            ]
        },
        {
            "rule": "webstats1\\.com\\/www\\/images\\/cd48650f314b2c1494d81168ad56276b\\.jpg",
            "cookies": 0,
            "fingerprinting": 0,
            "subdomains": [],
            "apis": {},
            "sites": 2,
            "prevalence": 0.0000136,
            "cnames": [],
            "responseHashes": [
                "867afa801e81d89f9555160665e38326e4b09f7ac6fbfa3e7d72bd3d11839988"
            ],
            "type": "Image",
            "firstPartyCookies": {},
            "firstPartyCookiesSent": {},
            "exampleSites": [
                "contoseroticoscnn.com",
                "hqhentai.online"
            ]
        },
        {
            "rule": "webstats1\\.com\\/www\\/images\\/6259fdac1458078c1716cbc11d24c27d\\.gif",
            "cookies": 0,
            "fingerprinting": 0,
            "subdomains": [],
            "apis": {},
            "sites": 2,
            "prevalence": 0.0000136,
            "cnames": [],
            "responseHashes": [
                "62750ab0c38b4ee7c5d18f5636ff8bfc27f369933c06dca2faf7936b981263ab"
            ],
            "type": "Image",
            "firstPartyCookies": {},
            "firstPartyCookiesSent": {},
            "exampleSites": [
                "contoseroticoscnn.com",
                "hentaikai.com"
            ]
        },
        {
            "rule": "webstats1\\.com\\/www\\/delivery\\/lg\\.php",
            "cookies": 0.000123,
            "fingerprinting": 0,
            "subdomains": [],
            "apis": {},
            "sites": 18,
            "prevalence": 0.000123,
            "cnames": [],
            "responseHashes": [
                "e963e7196beb9123059ec3534b042ebcd1ef0a470fa568bfbebfeab2f33c4fda"
            ],
            "type": "Image",
            "firstPartyCookies": {},
            "firstPartyCookiesSent": {
                "lotame_domain_check": 0.000020421221733625584
            },
            "exampleSites": [
                "contoseroticoscnn.com",
                "hentaikai.com",
                "hentailegendado.com",
                "hqhentai.online",
                "mangashentais.com",
                "meuhentai.com",
                "mundohentaioficial.com",
                "nhentaibr.com",
                "novinhasdozapzap.com",
                "thehentaicomics.com",
                "www.assistirhentai.com",
                "www.casadoscontos.com.br",
                "www.hentaihome.net",
                "www.hentaistube.com",
                "www.mixputaria.com",
                "www.muitohentai.com",
                "www.naoconto.com",
                "www.sonovinhasbr.com"
            ]
        },
        {
            "rule": "webstats1\\.com\\/www\\/images\\/41eb985a3e74498e086ea1dcebf7517c\\.jpg",
            "cookies": 0,
            "fingerprinting": 0,
            "subdomains": [],
            "apis": {},
            "sites": 2,
            "prevalence": 0.0000136,
            "cnames": [],
            "responseHashes": [
                "20198f89e32866928749e7e788327f8ad370020d64acb655b52d323feaa8811e"
            ],
            "type": "Image",
            "firstPartyCookies": {},
            "firstPartyCookiesSent": {},
            "exampleSites": [
                "hentaikai.com",
                "www.mixputaria.com"
            ]
        },
        {
            "rule": "webstats1\\.com\\/www\\/images\\/42202862fc59fba41cebf1bc15a97f06\\.gif",
            "cookies": 0,
            "fingerprinting": 0,
            "subdomains": [],
            "apis": {},
            "sites": 2,
            "prevalence": 0.0000136,
            "cnames": [],
            "responseHashes": [
                "f2fbe45fbe2a303144ffd6e2f0008155ddd111a52db9d9f35b20e2fbd3ab8598"
            ],
            "type": "Image",
            "firstPartyCookies": {},
            "firstPartyCookiesSent": {},
            "exampleSites": [
                "hentaikai.com",
                "nhentaibr.com"
            ]
        },
        {
            "rule": "webstats1\\.com\\/www\\/images\\/7408d8cf5e880d9ab5d1cb722cba96a5\\.jpg",
            "cookies": 0,
            "fingerprinting": 0,
            "subdomains": [],
            "apis": {},
            "sites": 4,
            "prevalence": 0.0000272,
            "cnames": [],
            "responseHashes": [
                "6dd129b5d104497b5fd577677b696203ee73a5d257dca3cd5fa3f0e876388c19"
            ],
            "type": "Image",
            "firstPartyCookies": {},
            "firstPartyCookiesSent": {},
            "exampleSites": [
                "hqhentai.online",
                "www.hentaihome.net",
                "www.hentaistube.com",
                "www.naoconto.com"
            ]
        },
        {
            "rule": "webstats1\\.com\\/www\\/images\\/bebfe4ae56194b0f99630000c48e71cb\\.gif",
            "cookies": 0,
            "fingerprinting": 0,
            "subdomains": [],
            "apis": {},
            "sites": 3,
            "prevalence": 0.0000204,
            "cnames": [],