{
    "domain": "webspectator.com",
    "owner": {
        "name": "Webspectator Corporation",
        "displayName": "Webspectator"
    },
    "source": [
        "DuckDuckGo-US"
    ],
    "prevalence": 0.0000953,
    "sites": 14,
    "subdomains": [
        "webservices",
        "wfpscripts",
        "msgws"
    ],
    "cnames": [],
    "fingerprinting": 2,
    "resources": [
        {
            "rule": "webspectator\\.com\\/init",
            "cookies": 0.000034,
            "fingerprinting": 1,
            "subdomains": [
                "webservices"
            ],
            "apis": {
                "Document.cookie getter": 5,
                "Date.prototype.getTime": 5,
                "Document.cookie setter": 5,
                "Screen.prototype.width": 5,
                "Screen.prototype.height": 5,
                "Navigator.prototype.language": 5
            },
            "sites": 6,
            "prevalence": 0.0000408,
            "cnames": [],
            "responseHashes": [
                "b4d587cecda63acc6a4c5574619791f557d0b59e0676453fbba7b347e0bc4bd4",
                "5aaf0e5fb6d33277749741e02474ddde1c13553e24c1eacaf371e81826267cce",
                "2104751caf476fa96507ac9380f4aed0e44703086c74b72eb6b5cca76bc8e4f5",
                "874002b2ba5daa0a83b70c20107e9144846dd2faa01e8a264d7505d2adf7cd1f",
                "d02b2588262127e40628c215e73cd572974f546e7cec3bb0e325810b8265f7b2"
            ],
            "type": "Script",
            "firstPartyCookies": {
                "___ws_ses": {
                    "ttl": 1809,
                    "length": 18,
                    "prevalence": 0.00003403536955604264,
                    "uniqueness": 1
                },
                "___ws_vis": {
                    "ttl": 15552009,
                    "length": 30,
                    "prevalence": 0.00003403536955604264,
                    "uniqueness": 1
                },
                "___ws_ses_sec": {
                    "ttl": 1809,
                    "length": 18,
                    "prevalence": 0.00003403536955604264,
                    "uniqueness": 1
                },
                "___ws_vis_sec": {
                    "ttl": 15552009,
                    "length": 18,
                    "prevalence": 0.00003403536955604264,
                    "uniqueness": 1
                }
            },
            "firstPartyCookiesSent": {
                "tt_c_vmt": 0.000006807073911208528
            },
            "exampleSites": [
                "istoe.com.br",
                "ndnation.com",
                "odia.ig.com.br",
                "www.ig.com.br",
                "www.metropoles.com",
                "www.opovo.com.br"
            ]
        },
        {
            "rule": "webspectator\\.com\\/initcb",
            "cookies": 0.0000272,
            "fingerprinting": 0,
            "subdomains": [
                "webservices"
            ],
            "apis": {},
            "sites": 5,
            "prevalence": 0.000034,
            "cnames": [],
            "responseHashes": [
                "545967b6a759e1f4bc37dca98e851e103566fa85b671034f78fa01607ccbc97c",
                "aa1f4594b65635aa923749e214e079dc3fa36cfa186ae0b8096fa8b021d4cbea",
                "719f82f638fb10c82ac64e4725350b395eeab25f8c4203b4a8cdb13c53ff7282",
                "3a60aea36fbfbe5c98a085fa101bb2edb50ba89c35f163d0d82bb0950d22d8c9"
            ],
            "type": "Script",
            "firstPartyCookies": {},
            "firstPartyCookiesSent": {
                "tt_c_vmt": 0.000006807073911208528
            },
            "exampleSites": [
                "istoe.com.br",
                "odia.ig.com.br",
                "www.ig.com.br",
                "www.metropoles.com",
                "www.opovo.com.br"
            ]
        },
        {
            "rule": "webspectator\\.com\\/ortc-heartbeat1sec-min\\.js",
            "cookies": 0.0000136,
            "fingerprinting": 1,
            "subdomains": [
                "wfpscripts"
            ],
            "apis": {
                "Navigator.prototype.userAgent": 2,
                "Date.prototype.getTime": 2,
                "Document.cookie getter": 2,
                "Document.cookie setter": 2
            },
            "sites": 5,
            "prevalence": 0.000034,
            "cnames": [],
            "responseHashes": [
                "80a6c8fd3fd83054bdd51a596217f806cec456cd5b176ec5e44a407201a82d2a"
            ],
            "type": "Script",
            "firstPartyCookies": {
                "ortcsession-w5tlOg-s": {
                    "ttl": null,
                    "length": 16,
                    "prevalence": 0.000013614147822417056,
                    "uniqueness": 1
                },
                "ortcsession-w5tlOg": {
                    "ttl": 1810,
                    "length": 16,
                    "prevalence": 0.000013614147822417056,
                    "uniqueness": 1
                }
            },
            "firstPartyCookiesSent": {},
            "exampleSites": [
                "istoe.com.br",
                "odia.ig.com.br",
                "www.ig.com.br",
                "www.metropoles.com",
                "www.opovo.com.br"
            ]
        },
        {
            "rule": "webspectator\\.com\\/third_party\\/retargetly_univ_2\\.js",
            "cookies": 0,
            "fingerprinting": 0,
            "subdomains": [
                "wfpscripts"
            ],
            "apis": {},
            "sites": 5,
            "prevalence": 0.000034,
            "cnames": [],
            "responseHashes": [
                "0d89ab019fdc4db07a89ba39546aa0ef86110eb0478c636a033e8ac5e5fb6acb"
            ],
            "type": "Script",
            "firstPartyCookies": {},
            "firstPartyCookiesSent": {},
            "exampleSites": [
                "istoe.com.br",
                "odia.ig.com.br",
                "www.ig.com.br",
                "www.metropoles.com",
                "www.opovo.com.br"
            ]
        },
        {
            "rule": "webspectator\\.com\\/ws-4\\.4\\.62\\.js",
            "cookies": 0.0000204,
            "fingerprinting": 1,
            "subdomains": [
                "wfpscripts"
            ],
            "apis": {
                "Navigator.prototype.userAgent": 3,
                "Document.cookie getter": 3,
                "Date.prototype.getTime": 3,
                "Document.cookie setter": 3
            },
            "sites": 4,
            "prevalence": 0.0000272,
            "cnames": [],
            "responseHashes": [
                "2e8fac6fa9527aaae83a3fc6200472418e1aa0cf42d9ed4422683e8e0192a861"
            ],
            "type": "Script",
            "firstPartyCookies": {
                "___ws_d_st": {
                    "ttl": 1806,
                    "length": 2,
                    "prevalence": 0.000013614147822417056,
                    "uniqueness": 0.5
                },
                "ws-refr": {
                    "ttl": 306,
                    "length": 87,
                    "prevalence": 0.000020421221733625584,
                    "uniqueness": 1
                }
            },
            "firstPartyCookiesSent": {},
            "exampleSites": [
                "istoe.com.br",
                "odia.ig.com.br",
                "www.metropoles.com",
                "www.opovo.com.br"
            ]
        },
        {
            "rule": "webspectator\\.com\\/server\\/ssl\\/2\\.1\\/",
            "cookies": 0,
            "fingerprinting": 0,
            "subdomains": [
                "msgws"
            ],
            "apis": {},
            "sites": 4,
            "prevalence": 0.0000272,
            "cnames": [],
            "responseHashes": [
                "4a2a801c9c80fdddf923fc6b0c364467a102da2ca6a46afaffca59819f030539"
            ],
            "type": "Script",
            "firstPartyCookies": {},