{
    "domain": "webwinkelkeur.nl",
    "owner": {},
    "source": [
        "DuckDuckGo-NL"
    ],
    "prevalence": 0.00412,
    "sites": 41,
    "subdomains": [
        "dashboard",
        "beta",
        "www"
    ],
    "cnames": [],
    "fingerprinting": 1,
    "resources": [
        {
            "rule": "webwinkelkeur\\.nl\\/sidebar\\.js",
            "cookies": 0,
            "fingerprinting": 1,
            "subdomains": [
                "dashboard"
            ],
            "apis": {
                "Navigator.prototype.language": 22,
                "window.innerWidth": 22,
                "window.innerHeight": 22,
                "window.sessionStorage": 3
            },
            "sites": 22,
            "prevalence": 0.00221,
            "cnames": [],
            "responseHashes": [
                "d3231973381e9f06269b2a3f8190ec5a4e4f4d653750a9cc7423cb231f6b4cfa",
                "01ba705f93f465be0b4e1e4f3d8cc9f02336a377a7010fa88722af26e1eda9e7",
                "d13408c35f04146250e8a5398d2ea97d399e1ecb3837f4a5ea784a52eb87a4a4",
                "de364e7eb8d1d8f551f577fbd37673773a2a2e23d29340debff0c6758b5c1a92",
                "f9707e98f71c29027714634605fbdd46a05e1501d83ccc1a9da8b490d84f0155",
                "d4d28840ec493525a87f9765eeb4f7d712eb37e61ae50beeda5e0a4ce51a20eb",
                "73885d84b55e5a322faa7b9582c19551e38320c734bdda5593f836aa802f68f2",
                "1d2358f60ac3eeeff8c8358193790eca420bec30fcec2d1679ca26ff432bf3f6",
                "a261a5c5492b455459292760eadb201a2760313f1a5cbef7c3b5377a2b8e2b72",
                "1f784427c9ce423f28394a1a8ab84010b3769ab903f6c5182a38ef21e6295fe9",
                "6eb38eb11548cf36f2c8cc8efc8a5a0f2472bb0a9b3c8a3d05f5e56a00786ed6",
                "b9ca8ba553bcf2aa67021a143ade7c8f6c12d458930ac3c44eac6e5aedd22e37",
                "b189c3bcce9da525a68663934f03ec04a0b66ad2450e2084bc74c99078b7f646",
                "de6ca70c67671cd6425ccf0df82dc58bfd1886d18c1f8fd8498c7b11ec082f88",
                "59eda338f2c4e5290b0f255be3f55251a925272dfac7b05bf0dccc83ba8f9f4a",
                "c31c05cb31bc47738d903fbdbbef536a38d8b969d0a257ad3708cd55ee812d17",
                "005d4c17b035b9150eef6f0bb006ca416061f49e479c5a1a4124cd79b8f1d18a",
                "887341ece028b6d2a95a5d6b118d5113bcdd690a0ca6a02d486155aa08f6f409",
                "8c4cc9f7e76ae65a812b5fdc44b5e099d04bcead29e9a1f1d7eac98390b09b31"
            ],
            "type": "Script",
            "firstPartyCookies": {},
            "firstPartyCookiesSent": {},
            "exampleSites": [
                "goudzaken.nl",
                "www.schroevenxl.nl",
                "moestuinland.nl",
                "happyseeds.nl",
                "tuinadvies.nl",
                "www.zonwering-fabriek.nl",
                "www.bio-kultura.nl",
                "elektronicavoorjou.nl",
                "www.berivita.com",
                "www.jasicamp.nl",
                "www.meubelbeslagonline.nl",
                "solargarant.nl",
                "www.tuinadvies.nl",
                "www.fietsunie.nl",
                "www.fietstas.com",
                "www.hobby-en-modelbouw.nl",
                "www.bamboebaas.nl",
                "www.fietsaccuwinkel.nl",
                "www.gps.nl",
                "www.tuinadvies.be"
            ]
        },
        {
            "rule": "webwinkelkeur\\.nl\\/webshops\\/widget_html",
            "cookies": 0,
            "fingerprinting": 1,
            "subdomains": [
                "beta",
                "dashboard"
            ],
            "apis": {
                "Navigator.prototype.userAgent": 6,
                "window.localStorage": 5,
                "window.innerWidth": 5
            },
            "sites": 20,
            "prevalence": 0.00201,
            "cnames": [],
            "responseHashes": [
                "f18de131d4380a8b3dfa482d6b1d900fa6e200347a68a4a5ed1bcff7dd902b00",
                "dde3832b94c3ece5be158533924744d8daf24d14e50d1cba6349bf2297f56afe",
                "641770ff291f25f03d87656167efbb53cc288112afbfb78b37ca4dbc981c90c8",
                "4bfcebc0b3a5f3cadafcbf039568539a1208aeff7fcbb3331e58a39dc2a9d644",
                "d7f7f54a90d7e2d3d95aa00ed04efa6caf82f2e5dfa191abb668c313cd08d278",
                "83d677e40a39f98eb0c05f8c2bbfbd2a268c8ede8d95fb2e6fa62b25d6f3e6d6",
                "05aa3ad9d0885477bb44d31e2a42beab5639339fa00ae29d2da918b6cb91c776",
                "4da266e642224246473d38bbd9df18e8c49ea2dee31a5e8a0e8782079713417e",
                "1d79fccb65772cb961d53ba145290bed2d223bf9a292654d5f6b1cae6e27771c",
                "e3b0c44298fc1c149afbf4c8996fb92427ae41e4649b934ca495991b7852b855",
                "6ebfa92d452da7d6a588e7b7ec9be1b790e945f0f7d8ae4a5147487819606c59",
                "5b3b53f4804c028ecbc1d917df2602d5bbb9c43358177935f5fc25f80f309135",
                "ff11d3f75092de42c1d31a936abec538359b70832206aea6ee87f4e251eb102f",
                "692b42285b6841fec0dc92f6ceff54433b112055bc2e40f76d9f6d03a30bb92b",
                "e70479ceecc906400513c781b2343760b524bc15fcd5bd527c874b99616e1b18",
                "a1d0e03d0eb8202d442784cc86cb9d7fc0cfa01b870cf7d775ccb134e622ed20",
                "59410c8129350ff120b63aa4dfbb2c90bb6616768a2506ef2b0122531388836e",
                "503063bf4f0461644797f1bfe8b8d3521c37b989cdc2b96ecd922f72eecab64c",
                "8e4e81fe53ad3b46e4a23576a1ba62113ab83a02827363c01889553ec0ebf085"
            ],
            "type": "Document",
            "firstPartyCookies": {},
            "firstPartyCookiesSent": {},
            "exampleSites": [
                "happyseeds.nl",
                "irritech.nl",
                "kleurrijker.nl",
                "moestuinland.nl",
                "rvsland.nl",
                "voordeelkruiden.nl",
                "www.acculaders.nl",
                "www.bamboebaas.nl",
                "www.budgetstoffen.nl",
                "www.dekruidenbaron.nl",
                "www.fietstas.com",
                "www.groenebouwmaterialen.nl",
                "www.groenevrouw.nl",
                "www.jasicamp.nl",
                "www.meubelbeslagonline.nl",
                "www.offgridcentrum.nl",
                "www.ralkleuren.com",
                "www.schroevenxl.nl",
                "www.superfoodsonline.nl",
                "www.zonwering-fabriek.nl"
            ]
        },
        {
            "rule": "webwinkelkeur\\.nl\\/js\\/sidebar\\.js",
            "cookies": 0,
            "fingerprinting": 1,
            "subdomains": [
                "www"
            ],
            "apis": {
                "Navigator.prototype.language": 1,
                "window.innerWidth": 1,
                "window.innerHeight": 1
            },
            "sites": 12,
            "prevalence": 0.00121,
            "cnames": [],
            "responseHashes": [
                "75e01ddc3f4696053f205764259d702068ff48724857e8dc7b6cc8e5470406fb",
                "d5cfb8ecac64e081453b5b6e384b9fbb06c6ead5bab1f8efdcaa1b0138417f39"
            ],
            "type": "Script",
            "firstPartyCookies": {},
            "firstPartyCookiesSent": {},
            "exampleSites": [
                "moestuinland.nl",
                "tuinadvies.nl",
                "www.berivita.com",
                "www.bio-kultura.nl",
                "www.fietsunie.nl",
                "www.groenevrouw.nl",
                "www.gps.nl",
                "www.hobby-en-modelbouw.nl",
                "www.jasicamp.nl",
                "www.meubelbeslagonline.nl",
                "www.tuinadvies.be",
                "www.tuinadvies.nl"
            ]
        },
        {
            "rule": "webwinkelkeur\\.nl\\/widget2\\.js",
            "cookies": 0,
            "fingerprinting": 0,
            "subdomains": [
                "www"
            ],
            "apis": {},
            "sites": 2,
            "prevalence": 0.000201,
            "cnames": [],