{
    "domain": "whale3.io",
    "owner": {},
    "source": [
        "DuckDuckGo-AU"
    ],
    "prevalence": 0.00141,
    "sites": 14,
    "subdomains": [
        "open.pixel.api"
    ],
    "cnames": [],
    "fingerprinting": 0,
    "resources": [
        {
            "rule": "whale3\\.io\\/trek\\/add",
            "cookies": 0,
            "fingerprinting": 0,
            "subdomains": [
                "open.pixel.api"
            ],
            "apis": {},
            "sites": 14,
            "prevalence": 0.00141,
            "cnames": [],
            "responseHashes": [
                "4c65b0f7fd49ccb769bdcea60d42aac3f08aa2d1195f98f2293d8fdb28b6c415",
                "09f6cafc3dc53da3053a3e3fc828172d870cdc408132e5fcb76cce0457b6a2b0",
                "8cb540dc0d734acd6f569380dd16189d229d8deaf105d9b97f147bcad9c0ce5e",
                "827a3fe6932758abff21bb3df080710462a0388ae7dc7f9de696a872c1834c7b",
                "de897571bd4e693825e892a21cfa3267b481b5339170796ac49a715df4ffbc40",
                "44ac0505f9d906ce92116f7221d491bf49f30c24f72b0084145a2bbedbea9007",
                "916c5cbf74279091a42022a611b244e38c8f2d431122bf7e37a086d391aedcce",
                "2dad26bb72b820dfa9b754bab020093a2ef3396689cb2230f60bc6be1c6dce7d",
                "9fd06584c497721bb274ed5a506e8f8c63dce5a8fd6fc9af59242a23e9ef492d",
                "138fc76c7c773e02c324f1e48e51ba9ff626335bf8c07f73ad172eb079617de6",
                "cfc1f4b7b3d07c2d0c681657b4389be04799d73ef93d8662846b09404bd2a9c8",
                "9ca3dbd5d8725051eb7fadd337e79eca0b277b2e0bcbc74fe37608b04e6c8778",
                "5ce517791fc60af99818c0c98bdbcdfa88dea9a3e3f0b7883daa6c276d1f1794"
            ],
            "type": "XHR",
            "firstPartyCookies": {},
            "firstPartyCookiesSent": {},
            "exampleSites": [
                "ajeworld.com.au",
                "alternativebrewing.com.au",
                "bluebungalow.com.au",
                "culturesforhealth.com",
                "desky.com.au",
                "myhappyhelpers.com.au",
                "thehealthychef.com",
                "threadheads.com.au",
                "www.beginningboutique.com.au",
                "www.culturekings.com.au",
                "www.miracare.com",
                "www.polarpro.com",
                "www.princesspolly.com.au",
                "www.vetnpetdirect.com.au"
            ]
        },
        {
            "rule": "whale3\\.io\\/trek\\/add",
            "cookies": 0,
            "fingerprinting": 0,
            "subdomains": [
                "open.pixel.api"
            ],
            "apis": {},
            "sites": 14,
            "prevalence": 0.00141,
            "cnames": [],
            "responseHashes": [],
            "type": "Preflight",
            "firstPartyCookies": {},
            "firstPartyCookiesSent": {},
            "exampleSites": [
                "ajeworld.com.au",
                "alternativebrewing.com.au",
                "bluebungalow.com.au",
                "culturesforhealth.com",
                "desky.com.au",
                "myhappyhelpers.com.au",
                "thehealthychef.com",
                "threadheads.com.au",
                "www.beginningboutique.com.au",
                "www.culturekings.com.au",
                "www.miracare.com",
                "www.polarpro.com",
                "www.princesspolly.com.au",
                "www.vetnpetdirect.com.au"
            ]
        }
    ],
    "categories": [],
    "performance": {},
    "cookies": 0,
    "topInitiators": [
        {
            "domain": "shopify.com",
            "prevalence": 0.6428571428571429
        },
        {
            "domain": "first party",
            "prevalence": 0.35714285714285715
        }
    ],
    "types": {
        "XHR": 14,
        "Preflight": 14
    },
    "nameservers": [
        "felipe.ns.cloudflare.com",
        "grace.ns.cloudflare.com"
    ]
}