{
    "domain": "whoson.com",
    "owner": {},
    "source": [
        "DuckDuckGo-GB"
    ],
    "prevalence": 0.00101,
    "sites": 10,
    "subdomains": [
        "spareparts",
        "hotelchocolat",
        "hosted8",
        "gateway2",
        "tyre-shoppergw",
        "onecall",
        "wmcgw",
        "gateway3",
        "gateway7",
        "tyre-shopper",
        "wmcchat",
        "gateway8"
    ],
    "cnames": [],
    "fingerprinting": 2,
    "resources": [
        {
            "rule": "whoson\\.com\\/include\\.js",
            "cookies": 0.000805,
            "fingerprinting": 1,
            "subdomains": [
                "spareparts",
                "hotelchocolat",
                "hosted8",
                "gateway2",
                "tyre-shoppergw",
                "onecall",
                "wmcgw",
                "gateway3",
                "gateway7"
            ],
            "apis": {
                "Navigator.prototype.userAgent": 9,
                "Document.cookie getter": 8,
                "Date.prototype.getTime": 8,
                "Document.cookie setter": 8,
                "window.sessionStorage": 6
            },
            "sites": 10,
            "prevalence": 0.00101,
            "cnames": [],
            "responseHashes": [
                "2720beeb8a8577f77b5ec63dc7475f0561e70fbfd8244a3f924716b0cf314b0d",
                "c8e6510c133092a1431773a8e766e9abd5186c766b9bd237e3e23fe4d2e1937a",
                "4fb02c5b18442b8faca2bb495fa2c68e80709cf25a48353aafd55a7c5294a9ad",
                "6ed6e2e04a1367b5370385c726969e56d4b360e9b34020400d0af1046c0c3391",
                "4b3af79c8ec3aac67402a125291a389c8a3ff932ca3a3fd1236c0749048bfe6f",
                "2ad8c4102868910458004deaa4511feb739763bd8be3258ba7eaff08585bf0a0",
                "22f2117ce318d005966e008d3c2bd6ca3fe1f76fab867b0c76e2a2355fadd298",
                "109300ed32b88d0b44a58ef63804e837651c060dd1df26f5b1c419a9ac26f820",
                "15e3c68721908faceccdcf1079563aff3905d6a91a25d1ae906762e65623ad2c"
            ],
            "type": "Script",
            "firstPartyCookies": {
                "whoson": {
                    "ttl": 31540003,
                    "length": 17,
                    "prevalence": 0.0008054772452678212,
                    "uniqueness": 1
                }
            },
            "firstPartyCookiesSent": {},
            "exampleSites": [
                "buyspares.co.uk",
                "www.espares.co.uk",
                "www.hotelchocolat.com",
                "www.karndean.com",
                "www.kirklees.gov.uk",
                "www.national.co.uk",
                "www.onecallinsurance.co.uk",
                "www.wmc.org.uk",
                "www.worldofcamping.co.uk",
                "www.yourspares.co.uk"
            ]
        },
        {
            "rule": "whoson\\.com\\/newchat\\/js\\/whoson\\.inline\\.min\\.js",
            "cookies": 0,
            "fingerprinting": 1,
            "subdomains": [
                "spareparts",
                "hosted8",
                "tyre-shopper",
                "wmcchat"
            ],
            "apis": {
                "Navigator.prototype.userAgent": 5,
                "window.sessionStorage": 5
            },
            "sites": 5,
            "prevalence": 0.000503,
            "cnames": [],
            "responseHashes": [
                "9a46256c30269d3b2b18fbcba8be56844edeeb35a5fe14413f201c58b04a8fdd"
            ],
            "type": "Script",
            "firstPartyCookies": {},
            "firstPartyCookiesSent": {},
            "exampleSites": [
                "buyspares.co.uk",
                "www.espares.co.uk",
                "www.karndean.com",
                "www.national.co.uk",
                "www.wmc.org.uk"
            ]
        },
        {
            "rule": "whoson\\.com\\/w\\.js",
            "cookies": 0,
            "fingerprinting": 0,
            "subdomains": [
                "spareparts",
                "gateway8",
                "tyre-shoppergw",
                "onecall",
                "wmcgw"
            ],
            "apis": {},
            "sites": 7,
            "prevalence": 0.000705,
            "cnames": [],
            "responseHashes": [
                "a2f131c1a4a70dd7e6952a3aa264a4dfdf9e858d8c21f4d3dd13535419c5f540",
                "e96608d6b54bab1b2c064c7fccc2583987cf09849e227b262e8888665cf27d71"
            ],
            "type": "Script",
            "firstPartyCookies": {},
            "firstPartyCookiesSent": {
                "whoson": 0.0007047925896093435
            },
            "exampleSites": [
                "buyspares.co.uk",
                "www.buyspares.co.uk",
                "www.espares.co.uk",
                "www.karndean.com",
                "www.national.co.uk",
                "www.onecallinsurance.co.uk",
                "www.wmc.org.uk"
            ]
        },
        {
            "rule": "whoson\\.com\\/invite\\.js",
            "cookies": 0,
            "fingerprinting": 1,
            "subdomains": [
                "spareparts",
                "gateway8",
                "tyre-shoppergw",
                "onecall",
                "wmcgw",
                "gateway3"
            ],
            "apis": {
                "window.innerWidth": 7,
                "window.innerHeight": 7,
                "Date.prototype.getTime": 7
            },
            "sites": 7,
            "prevalence": 0.000705,
            "cnames": [],
            "responseHashes": [
                "c58728bcc6bde0a74250c8e1aa819079e21064af2deb52778d81c655fcc7949a",
                "070894d406ef26f182aa74d9ba7d82a94c79190f7a88545a43be8e61e783d3fa",
                "3bdc0c10fad5ceaf7f7e6a1d8fff00cfc2d895a0e76430e32ecefee080ede1a5",
                "a70009605e39faa86f30fa17fd6859a9079ae491408ac86a6fee24c22062ab3c",
                "8ce7894ce2908012e6c482b08205f1970208c24396cc0f98c81572f3d553c522",
                "717f44f510780f87fac79da3031e978a75729c8abd816531df6aab579a82fb1c"
            ],
            "type": "Script",
            "firstPartyCookies": {},
            "firstPartyCookiesSent": {
                "whoson": 0.0006041079339508659
            },
            "exampleSites": [
                "buyspares.co.uk",
                "www.espares.co.uk",
                "www.karndean.com",
                "www.national.co.uk",
                "www.onecallinsurance.co.uk",
                "www.wmc.org.uk",
                "www.worldofcamping.co.uk"
            ]
        },
        {
            "rule": "whoson\\.com\\/newchat\\/\\/css-inline\\/whoson\\.inline\\.min\\.css",
            "cookies": 0,
            "fingerprinting": 0,
            "subdomains": [
                "spareparts",
                "hosted8",
                "tyre-shopper",
                "wmcchat"
            ],
            "apis": {},
            "sites": 5,
            "prevalence": 0.000503,
            "cnames": [],
            "responseHashes": [
                "beae4076ff0c2de17813a873444848578f4c50799c45f8f50274cd11a3ee0ecf"
            ],
            "type": "Stylesheet",
            "firstPartyCookies": {},
            "firstPartyCookiesSent": {},
            "exampleSites": [
                "buyspares.co.uk",
                "www.espares.co.uk",
                "www.karndean.com",
                "www.national.co.uk",
                "www.wmc.org.uk"
            ]
        },
        {
            "rule": "whoson\\.com\\/siteimage\\.htm",
            "cookies": 0,
            "fingerprinting": 0,
            "subdomains": [
                "spareparts",
                "gateway8",
                "tyre-shoppergw",
                "onecall",
                "wmcgw"
            ],
            "apis": {},
            "sites": 7,
            "prevalence": 0.000705,
            "cnames": [],