{
    "domain": "wisepops.com",
    "owner": {
        "name": "Benjamin Cahen",
        "displayName": "Benjamin Cahen"
    },
    "source": [
        "DuckDuckGo-AU"
    ],
    "prevalence": 0.00371,
    "sites": 37,
    "subdomains": [
        "loader",
        "popup",
        "activity",
        "tracking"
    ],
    "cnames": [],
    "fingerprinting": 2,
    "resources": [
        {
            "rule": "wisepops\\.com\\/get-loader\\.js",
            "cookies": 0.00281,
            "fingerprinting": 2,
            "subdomains": [
                "loader"
            ],
            "apis": {
                "window.localStorage": 30,
                "Document.cookie getter": 29,
                "Date.prototype.getTime": 30,
                "Document.cookie setter": 28,
                "Navigator.prototype.cookieEnabled": 29,
                "Intl.DateTimeFormat.prototype.resolvedOptions": 30,
                "window.innerHeight": 29,
                "window.sessionStorage": 1
            },
            "sites": 37,
            "prevalence": 0.00371,
            "cnames": [],
            "responseHashes": [
                "e3b0c44298fc1c149afbf4c8996fb92427ae41e4649b934ca495991b7852b855",
                "94e2f53b741c3947c38463807409dba83e33ebe705925a42bb00e89ca5167783",
                "2d27aa38b86c14fafe7d3bd7fc273a7d0187112bb98a22bc0363e914ddf25f6f",
                "41a6af1a4cf9d784f731c5d99b306c6e51f89635946ea54e473310a7e2bd41bc",
                "5cb23584a2267e07353b1763eb4632c7c35ae987f73d88b308db4e027d39a1b1",
                "b6adc38e02e87cdc19e9b28b3baf5a1c98c4a9978044d39e7919034083775092",
                "dcef0ca5bcb2900e6d47f9863e5786f23c717338d9c4125e0acd7b61beb37807",
                "78f1adb556a4fd05367e97a6c4833a0d07f3d311b18385776ec51f378238f43a",
                "7d40f113614c988d73f81f58b677ad102e359fd18c5ed1a2ed8ab04a95b9a00e",
                "a8a0cc04b12611a1b959fa35c5d0c6ee0fc99c38d2ca6609e60c1ca2c541a6bb",
                "75da2adcd2ce67453550e3ca8d7357f588ed45702f7262ee7b37fa5055a8a816",
                "44b64982da06eaf2ed4fbdf5052b85e6f0d92204dd5c7330b6f26255ac0a4b08",
                "cc6ffd9c94253072293decd0d8f066b55372a5e57c6f7544f8be3e53fea7ae7f",
                "e3aebd8ce9ac3b549bdb4a8b36dded7ecfec21fbb22da5ef47c2cf516d4d419a",
                "e1bbe71a4d4b85783403712936fe8164cfd51b1158e1a10eb43c1d5770910722",
                "ee51a1e1e4ca4b9be02336982e8bc1f810af50f83c4566093cb3b6bba458d1a5",
                "61ae9af3d89d3db8ec5f28a7041ab86e848606f9663292835186421accc08fbf",
                "5be8c65adfe16aa6d5fd9a15a531aa89fc847430ce0dc753c3d99c4d5879e35c",
                "de2a1142f396fe37a4e28918474bf600886511a0212fadbc1284b4d9cc999bd7",
                "2addcd4f8c43302643c955d4acb8a34d8cccc0abf87bb2f8e328d3afa97ec76a",
                "b44335cbc32d7df9184e5cf0da0b941d7ac7800ef2e33a07f48d05df90589b6e",
                "7d4ad4b5f48b3568eb37cdab954239c519dc0fa998c4fe5c0a6a156a1a0687be",
                "55bfe272657d92e8657f4bd8ebb1444383787a34d90774ffccea892531f748e3",
                "354e672d19134129b00941c272b8e65bd2240bebc674e7467eb5d7b52e32f017",
                "2c72a9968ea68261bad8af27e8cb384bb966db103c9b57a1401ec69d8b46d2f2",
                "cb28c82ee54a52616bb553e291a710691e38885706c0c94a958775a96b811416",
                "8a23c66faa8bb2fdf5d88d2bc8ba4dbada701f850eb658e6f9e37f742f9e7fcc",
                "a70ce9a0d5811b097be2232c714e7f62b0656af806920ebf78cd56750240d4fc",
                "eda8bf7ed75c3848ddf58b4dc8af1202c8fba52cb6d42c090ded7cff6f408989",
                "86e7327cb332c24bf5baafe9425c1a398dcd852e13a71b150cbccfca159e7a46",
                "3d3611b407c457c4dd3d66a106d1cfd2c7257b806c7c413cc1f44c4add3ad444"
            ],
            "type": "Script",
            "firstPartyCookies": {
                "wisepops": {
                    "ttl": 63072012,
                    "length": 174,
                    "prevalence": 0.002811244979919679,
                    "uniqueness": 1
                },
                "wisepops_session": {
                    "ttl": null,
                    "length": 281,
                    "prevalence": 0.002811244979919679,
                    "uniqueness": 1
                },
                "wisepops_visits": {
                    "ttl": 63072010,
                    "length": 40,
                    "prevalence": 0.002811244979919679,
                    "uniqueness": 1
                },
                "wisepops_activity_session": {
                    "ttl": null,
                    "length": 89,
                    "prevalence": 0.002811244979919679,
                    "uniqueness": 1
                },
                "wisepops_props": {
                    "ttl": 63072009,
                    "length": 120,
                    "prevalence": 0.0007028112449799197,
                    "uniqueness": 0.5714285714285714
                }
            },
            "firstPartyCookiesSent": {},
            "exampleSites": [
                "www.suzannegrae.com.au",
                "www.vu.edu.au",
                "www.camerapro.com.au",
                "www.babysleepsite.com",
                "www.koch.com.au",
                "www.dailywire.com",
                "www.ligonier.org",
                "www.kingliving.com.au",
                "www.mcgrath.com.au",
                "energymuse.com",
                "www.inikaorganic.com",
                "www.sussan.com.au",
                "thelittleslush.com",
                "www.travelmoneyoz.com",
                "www.oscarwylee.com.au",
                "www.flightcentre.com.au",
                "bestpractice.bmj.com",
                "www.spendless.com.au",
                "www.greatbritishchefs.com",
                "www.deakin.edu.au"
            ]
        },
        {
            "rule": "wisepops\\.com\\/my-wisepop",
            "cookies": 0,
            "fingerprinting": 0,
            "subdomains": [
                "popup"
            ],
            "apis": {},
            "sites": 30,
            "prevalence": 0.00301,
            "cnames": [],