{
    "domain": "wunderkind.co",
    "owner": {},
    "source": [
        "DuckDuckGo-AU"
    ],
    "prevalence": 0.00311,
    "sites": 31,
    "subdomains": [
        "contextual-analytics"
    ],
    "cnames": [],
    "fingerprinting": 0,
    "resources": [
        {
            "rule": "wunderkind\\.co\\/api\\/contextual",
            "cookies": 0,
            "fingerprinting": 0,
            "subdomains": [
                "contextual-analytics"
            ],
            "apis": {},
            "sites": 31,
            "prevalence": 0.00311,
            "cnames": [],
            "responseHashes": [
                "42111a226e2b6eaea9f4b6d3e89cf4356b0244cb9b1bcc88948112e1d50d8cb0",
                "8cab623de54dafa5c649049bf8e79ba4086224f8088633cb1951dc3f6569e1c7",
                "3e81e4e378280e19a55ddf75753ec25b38123a77900528c13a0f4295419e7b06",
                "c3b08ea85ab47501e4700048870fc4c5097cc5eca2ae34b18f6a6650707fa6fc",
                "9a3b311a28b7bef04623243012e4502760487944e7c7d7d02c10c4439fb77c3b",
                "e01a490d116f8832e2391e9215c5b4103d4748791c8e2014058bf4b4adf88b25",
                "1ab567f1e283cb527f42e071383c4c1e013a4e105e1ebd46491c6dabfd2cce3c",
                "368792b72b4e2db718171fb314c3ce74568d318caa4718d8664a9d6bc20f759d",
                "a1843fa4eb6077cc6802f68f800af866019a2990f756017dba3d834b1146c5d7",
                "592576a572393b8c9d5ba6510e0f731cd19692049bae385a2a68809e09352e77",
                "0fa978531681933acc8a9dc71cd80ed5f415bdf6e428d29fab32270be928525c",
                "56ce4c561fa29eca68a34e29fe1dec8f8f86857f6944e7550c82c2997c166c57",
                "4cf2d2a04db2f81289c333c3a2c779ccb06c0337ae288cc45ca5383b7604003f",
                "ae702dd26e3aa9f6ece4fd121c7d7fdf8c2d2acc87b2fa66704afe2340ceadc9",
                "ab9c087d49caa4c27be38a9228f1c55130c5ebe41c017d311798ebd84a17997b",
                "02901758f4eaded70bc4ea92cf3069a539907a1a73bddea3d532fb97065858ef",
                "79bb5a4e0d64ce7db20754966aae818d369a8ac8480073ea3a6b9316ee19b35a",
                "dd5d572b1abf7ebce207125f9ad07cb3084b14ce07cbc3691c9d62e8f68dc31f",
                "e547401e2ecc8fdffe6d90e6f7e85ef09aa0cdc07520d72b0d005ced57366109",
                "31fbc8e8139bcc96117c7735715d3a6bb66205a85c4a936277cb13d1f9d3b1dc",
                "5ff33e39fa8027951738fce73cb1bd67293714401233fcbd3bef3efbbf567a32",
                "68ab669351dd1bbce4d9f6ec2a561519752f539bc37405a7cd52bc09937a994b",
                "b0ab1143e5d006823ed2073e4a43f218b45c3b25322d20fd03b9d011de95faeb",
                "49778f45454fbf2d1248e1bb9cf294b43dab1ccb34be1f2917e97d4ef107c0a6",
                "f162108c8c2df365161b3bc2c73015f670e15146f0f7f873ac1b75f05245293a",
                "3a473b5a38f7aa5930180d207b7cb1d391a24020a0054be6c18c6c8d6ac6ba5b",
                "4dda671b07b054a3980f732df214788836f6b55a8cd674d5098dfcbc2991812c",
                "fb6327cbc3a6093587b98e7f4214af0d1a5dba4500be058f5e49e98e2a8072e3",
                "bbbeb533187d18b640318d825303d343aef6133860d1389a5560416eee89b7d9"
            ],
            "type": "XHR",
            "firstPartyCookies": {},
            "firstPartyCookiesSent": {
                "_li_dcdm_c": 0.0014056224899598394,
                "lotame_domain_check": 0.00040160642570281126,
                "__pid": 0.00010040160642570282
            },
            "exampleSites": [
                "dailycaller.com",
                "www.businessinsider.com",
                "www.cnn.com",
                "www.snopes.com",
                "www.tasteofhome.com",
                "www.audiworld.com",
                "www.india.com",
                "www.rogerebert.com",
                "www.popsci.com",
                "wordfinder.yourdictionary.com",
                "www.vice.com",
                "www.bobvila.com",
                "www.outdoorlife.com",
                "www.fieldandstream.com",
                "www.motor1.com",
                "sonichits.com",
                "insideevs.com",
                "www.thedrive.com",
                "www.convertunits.com",
                "futurism.com"
            ]
        }
    ],
    "categories": [],
    "performance": {},
    "cookies": 0,
    "topInitiators": [
        {
            "domain": "first party",
            "prevalence": 0.5483870967741935
        },
        {
            "domain": "bounceexchange.com",
            "prevalence": 0.3548387096774194
        },
        {
            "domain": "motor1.com",
            "prevalence": 0.03225806451612903
        },
        {
            "domain": "ajax.googleapis.com",
            "prevalence": 0.03225806451612903
        },
        {
            "domain": "jquery.com",
            "prevalence": 0.03225806451612903
        }
    ],
    "types": {
        "XHR": 31
    },
    "nameservers": [
        "ns-cloud-e4.googledomains.com",
        "ns-cloud-e1.googledomains.com",
        "ns-cloud-e2.googledomains.com",
        "ns-cloud-e3.googledomains.com"
    ]
}