{
    "domain": "xlirdr.com",
    "owner": {},
    "source": [
        "DuckDuckGo-AU"
    ],
    "prevalence": 0.00161,
    "sites": 16,
    "subdomains": [
        "go",
        "creative"
    ],
    "cnames": [],
    "fingerprinting": 2,
    "resources": [
        {
            "rule": "xlirdr\\.com\\/config",
            "cookies": 0.000904,
            "fingerprinting": 0,
            "subdomains": [
                "go"
            ],
            "apis": {},
            "sites": 10,
            "prevalence": 0.001,
            "cnames": [],
            "responseHashes": [
                "5f433d83eff64d5fd9ebe086c29d03f459536d9c55aa4f889088f8037ee59e72",
                "baa3bda217885754a84527af97d6f77acce03c6fcd401a58a7f4e6f894ac2198",
                "ad718888c0ede7c1761eb88e96052a741cf2b082bc02c0c9e22471fd69e4cd6d",
                "6fe4e994b8e29f65d809d72fbb152a338513bfa9d8589dac356b0ef1ccd1ed51",
                "1b8b4fc8c1554896014a76314d8ffb9de84fa24577014cc91dfdd268151de58d",
                "217e0ee4c3dce53d61fec85ebfe61dc2b670d365ff1cd531f4ba29e3e5c82353",
                "230ce17474b97aae23034b9438f5496e76746c2cc5938cd4de50e37e45979cab",
                "51f171abbd9ee61cc244061b06ce5b0f92c105b295d5c3312780803dae255c91"
            ],
            "type": "Fetch",
            "firstPartyCookies": {},
            "firstPartyCookiesSent": {},
            "exampleSites": [
                "chyoa.com",
                "extremescatporn.com",
                "imhentai.xxx",
                "hentaiworld.tv",
                "motherless.com",
                "thefappeningblog.com",
                "upskirt.tv",
                "vipergirls.to",
                "www.elitebabes.com",
                "www.eroprofile.com"
            ]
        },
        {
            "rule": "xlirdr\\.com\\/api\\/models",
            "cookies": 0.000201,
            "fingerprinting": 0,
            "subdomains": [
                "go"
            ],
            "apis": {},
            "sites": 7,
            "prevalence": 0.000703,
            "cnames": [],
            "responseHashes": [
                "76b95669d7980d022a762e0caf0bcb8283ada033cf2e579bcfc271a44478f2a9",
                "40d26828b7e428b6c463c7475117eacd1bbc10521b27e1625fb4e8ebfcf22008",
                "f9e4f2e997eca3779030f31ef7895e97c39a9cfb380954ba41779bf736b36e02",
                "06a08b54edebf8d6d392d704076a9d58e21c2f0665d399399a36c2d9e59741bb",
                "761cdf82b1c39e25c0cbf1944ff4aa4c9f8e9d08245532a9612c08c51fb87065",
                "43d738212f5b7d94f5320901b51ae1379d0b3cf1f86e716ad25a4419eec92cbb"
            ],
            "type": "Fetch",
            "firstPartyCookies": {},
            "firstPartyCookiesSent": {},
            "exampleSites": [
                "chyoa.com",
                "extremescatporn.com",
                "imhentai.xxx",
                "thefappeningblog.com",
                "vipergirls.to",
                "www.elitebabes.com",
                "www.eroprofile.com"
            ]
        },
        {
            "rule": "xlirdr\\.com\\/abc\\.gif",
            "cookies": 0.0001,
            "fingerprinting": 0,
            "subdomains": [
                "go"
            ],
            "apis": {},
            "sites": 5,
            "prevalence": 0.000502,
            "cnames": [],
            "responseHashes": [
                "e3b0c44298fc1c149afbf4c8996fb92427ae41e4649b934ca495991b7852b855"
            ],
            "type": "Image",
            "firstPartyCookies": {},
            "firstPartyCookiesSent": {},
            "exampleSites": [
                "chyoa.com",
                "imhentai.xxx",
                "hentaiworld.tv",
                "vipergirls.to",
                "www.elitebabes.com"
            ]
        },
        {
            "rule": "xlirdr\\.com\\/thumbs\\/view",
            "cookies": 0.000201,
            "fingerprinting": 0,
            "subdomains": [
                "go"
            ],
            "apis": {},
            "sites": 2,
            "prevalence": 0.000201,
            "cnames": [],
            "responseHashes": [
                "abc3aabc57a0fb2d1cf23ec3aae61bd85614ceded1a6a8917cb760370ff8c1ba"
            ],
            "type": "Fetch",
            "firstPartyCookies": {},
            "firstPartyCookiesSent": {},
            "exampleSites": [
                "chyoa.com",
                "www.eroprofile.com"
            ]
        },
        {
            "rule": "xlirdr\\.com\\/i",
            "cookies": 0.000502,
            "fingerprinting": 0,
            "subdomains": [
                "go"
            ],
            "apis": {},
            "sites": 5,
            "prevalence": 0.000502,
            "cnames": [],
            "responseHashes": [],
            "type": "Document",
            "firstPartyCookies": {},
            "firstPartyCookiesSent": {},
            "exampleSites": [
                "crazyshit.com",
                "extremescatporn.com",
                "thefappeningblog.com",
                "upskirt.tv",
                "www.eroprofile.com"
            ]
        },
        {
            "rule": "xlirdr\\.com\\/widgets\\/v4\\/Universal\\/",
            "cookies": 0,
            "fingerprinting": 0,
            "subdomains": [
                "creative"
            ],
            "apis": {},
            "sites": 4,
            "prevalence": 0.000402,
            "cnames": [],
            "responseHashes": [
                "2d7b001e079d935c7ca38922fbfb5b3b601185becee68d606686f2d8aae74cef"
            ],
            "type": "Document",
            "firstPartyCookies": {},
            "firstPartyCookiesSent": {},
            "exampleSites": [
                "extremescatporn.com",
                "thefappeningblog.com",
                "upskirt.tv",
                "www.eroprofile.com"
            ]
        },
        {
            "rule": "xlirdr\\.com\\/widgets\\/v4\\/Universal\\/main\\.694a67549d4876b49d10\\.css",
            "cookies": 0,
            "fingerprinting": 0,
            "subdomains": [
                "creative"
            ],
            "apis": {},
            "sites": 8,
            "prevalence": 0.000803,
            "cnames": [],
            "responseHashes": [
                "a4d09f6a50b6d96e7f22ab12f406dcf44be0d815105018cc5c7f1105fbf597f7"
            ],
            "type": "Stylesheet",
            "firstPartyCookies": {},
            "firstPartyCookiesSent": {},
            "exampleSites": [
                "extremescatporn.com",
                "imhentai.xxx",
                "motherless.com",
                "thefappeningblog.com",
                "upskirt.tv",
                "vipergirls.to",
                "www.elitebabes.com",
                "www.eroprofile.com"
            ]
        },
        {
            "rule": "xlirdr\\.com\\/widgets\\/v4\\/Universal\\/main\\.694a67549d4876b49d10\\.js",
            "cookies": 0.0001,
            "fingerprinting": 2,
            "subdomains": [
                "creative"
            ],
            "apis": {
                "Navigator.prototype.userAgent": 8,
                "PerformanceTiming.prototype.navigationStart": 8,
                "Navigator.prototype.language": 8,
                "window.innerHeight": 8,
                "window.innerWidth": 8,
                "Navigator.prototype.vendor": 8,
                "MediaSource.isTypeSupported": 7,
                "HTMLMediaElement.prototype.canPlayType": 7
            },
            "sites": 8,
            "prevalence": 0.000803,
            "cnames": [],
            "responseHashes": [
                "c4be5df98014bb478d8834c39fe77e5ca90337f7c66cf20dbce735c77424f7cd"
            ],
            "type": "Script",
            "firstPartyCookies": {},
            "firstPartyCookiesSent": {},