{
    "domain": "yieldify.com",
    "owner": {
        "name": "Yieldify",
        "displayName": "Yieldify"
    },
    "source": [
        "DuckDuckGo-AU"
    ],
    "prevalence": 0.00341,
    "sites": 34,
    "subdomains": [
        "td",
        "app",
        "edge",
        "v2.dc",
        "custom"
    ],
    "cnames": [],
    "fingerprinting": 2,
    "resources": [
        {
            "rule": "yieldify\\.com\\/yieldify\\/code\\.js",
            "cookies": 0.00221,
            "fingerprinting": 2,
            "subdomains": [
                "td",
                "app"
            ],
            "apis": {
                "Navigator.prototype.appVersion": 28,
                "Document.cookie getter": 27,
                "window.localStorage": 27,
                "window.sessionStorage": 27,
                "window.devicePixelRatio": 27,
                "window.name": 27,
                "Navigator.prototype.userAgent": 27,
                "Navigator.prototype.platform": 27,
                "URL.createObjectURL": 23,
                "Date.prototype.getTime": 25,
                "Document.cookie setter": 22,
                "window.innerWidth": 2,
                "Event.prototype.timeStamp": 1
            },
            "sites": 35,
            "prevalence": 0.00351,
            "cnames": [],
            "responseHashes": [
                "e3b0c44298fc1c149afbf4c8996fb92427ae41e4649b934ca495991b7852b855",
                "ceeb29ad1e1bd588696553aeecb38d61833c1e626d0846284a086c4f6aa5fff0",
                "dfd55409b81c78c671071aebc41cae03b6971fb22872aa2f4c14f2fac1d25cb7",
                "b2b0929de947adb160fb9ac489d1cc9d25fa2a7e58c51cb1753b14b706c17686",
                "956eb33f1e502daa148328ec55d7d29d7f7d84840513e459a2d15c007630f68b",
                "a998ff1ffe225081c8d7f9c8df765d7de2ce1c1636d2e3642757f8e624939221",
                "0b5b02ab1b311c60a859e3aa69be0eb357885b5466ecf203d8ed5c03c41178a0",
                "3a2796f6c1de0948755b12eb58c62530409f9c4fb45ca28957a2fb1abed5cf62",
                "47cb065899fe89e1e26f879759856ffa530558dade3e05b6949bc3bd502092c6",
                "8b22f4db7dafd20ad04d61bfa5e5e3f13fe09c34b0095ba8d35b1b8195694b74",
                "733d96d4dd63ef979eee90613cdbae037f46a0ba9c5f4f636b4ecc164d55dd37",
                "154ff992d170da620d3078e675854523d8da53de2231e04c62781bcb68aeec27",
                "8224c6ee13f58603d0cc7e661b8c264575471a2793a71fb6b1e443432bcfb2c9",
                "a7f9bbae6e66de62383631a181bc8b69433ef80d402f923bd290045f3e811818",
                "15cf79012564c09d3c7f124a5043d121a0113d0f8a0e3b494bc56bb5f46988a6",
                "e7901370d837522485f42369440bd124ef545c3e32efbbcbd590ed614305eb38",
                "3be7b1a273376df7dfa3a9ce3910e7bc395a82628c3991c24fdd4e34b362583c",
                "f24c27c7edd35cb1016e55d85d88932e7ab34493c1c66c3657ea68d45239e6d7",
                "666d2b00c9566a56b1c6db75a51d3c3b15b8a6f03eb3d4e95c5255b302e3bc56",
                "0f1ccd66395542c4bd139240d008b35740dbbfd53c773aaaf0d7e79143950d4c",
                "08c5d7f794bf67dd1970bff878fea6ab3a3cad7844263fa8122e6d1570bb1924",
                "f26d992f57c76cdab564774ac71ea5365dd2bbb6fb5687adf9967a6f3939c0de",
                "23e93f1abb7c1608aba808161eb4e0ee1dba5740b513f8c6238e3a97f425749d",
                "98be30b7cb03dfd6cb879a501bb7bd2f7e9915189d59ae91925e77ab0b797685",
                "cfee3176a05ac300a8dc83c2b9d575d383aad6c0ab50749ae449f42863f40c0b",
                "77bb293b74ebaa33e6874adbbddc36f16de124c2ebf03134fb18229e26bfac81",
                "70156521b316631345d70e507d184c64edee496ec7f307315e5a6248ba259375"
            ],
            "type": "Script",
            "firstPartyCookies": {
                "_y2": {
                    "ttl": 31536012,
                    "length": 49,
                    "prevalence": 0.0022088353413654616,
                    "uniqueness": 0.3181818181818182
                },
                "_yi": {
                    "ttl": 31536026,
                    "length": 240,
                    "prevalence": 0.0022088353413654616,
                    "uniqueness": 1
                }
            },
            "firstPartyCookiesSent": {
                "_hjTLDTest": 0.00010040160642570282,
                "IR_gbd": 0.00030120481927710846
            },
            "exampleSites": [
                "www.redballoon.com.au",
                "frankie4.com",
                "www.blueillusion.com",
                "www.jomercer.com.au",
                "www.jaxtyres.com.au",
                "toolswarehouse.com.au",
                "www.forcast.com.au",
                "www.adelaideairport.com.au",
                "www.paulcarroll.com.au",
                "thehealthychef.com",
                "spell.co",
                "thenorthface.com.au",
                "www.lorealparis.com.au",
                "www.sydneyairport.com.au",
                "www.tiffany.com.au",
                "aus.spell.co",
                "www.newbalance.com.au",
                "www.pharmacy4less.com.au",
                "nationalstorage.com.au",
                "www.shavershop.com.au"
            ]
        },
        {
            "rule": "yieldify\\.com\\/0\\.0\\.1\\/tag\\/1\\.323\\.0\\/main-web-worker\\.js",
            "cookies": 0,
            "fingerprinting": 0,
            "subdomains": [
                "td"
            ],
            "apis": {},
            "sites": 25,
            "prevalence": 0.00251,
            "cnames": [],
            "responseHashes": [
                "98c3e7f899cde0bae2eb5768c951b5ac3539206284468e3faf38aa2b1283e5fd"
            ],
            "type": "Fetch",
            "firstPartyCookies": {},
            "firstPartyCookiesSent": {},
            "exampleSites": [
                "www.amymyersmd.com",
                "www.citychic.com.au",
                "prebook.sydneyairport.com.au",
                "www.shavershop.com.au",
                "toolswarehouse.com.au",
                "www.xe.com",
                "www.adairs.com.au",
                "thehealthychef.com",
                "lacoste.com.au",
                "thenorthface.com.au",
                "www.nicks.com.au",
                "nationalstorage.com.au",
                "www.sydneyairport.com.au",
                "www.asics.com",
                "www.adelaideairport.com.au",
                "www.lorealparis.com.au",
                "www.redballoon.com.au",
                "www.tiffany.com.au",
                "www.wineselectors.com.au",
                "www.jomercer.com.au"
            ]
        },
        {
            "rule": "yieldify\\.com\\/",
            "cookies": 0,
            "fingerprinting": 0,
            "subdomains": [
                "edge"
            ],
            "apis": {},
            "sites": 19,
            "prevalence": 0.00191,
            "cnames": [],
            "responseHashes": [],
            "type": "Fetch",
            "firstPartyCookies": {},
            "firstPartyCookiesSent": {},
            "exampleSites": [
                "lacoste.com.au",
                "langtons.com.au",
                "nationalstorage.com.au",
                "thehealthychef.com",
                "thenorthface.com.au",
                "toolswarehouse.com.au",
                "www.adairs.com.au",
                "www.adelaideairport.com.au",
                "www.asics.com",
                "www.cheesecake.com.au",
                "www.jaxtyres.com.au",
                "www.jomercer.com.au",
                "www.laroche-posay.com.au",
                "www.newbalance.com.au",
                "www.nicks.com.au",
                "www.redballoon.com.au",
                "www.shavershop.com.au",
                "www.tiffany.com.au",
                "www.xe.com"
            ]
        },
        {
            "rule": "yieldify\\.com\\/i",
            "cookies": 0.00231,
            "fingerprinting": 0,
            "subdomains": [
                "v2.dc"
            ],
            "apis": {},