{
    "domain": "ziyu.net",
    "owner": {},
    "source": [
        "DuckDuckGo-US"
    ],
    "prevalence": 0.00015,
    "sites": 22,
    "subdomains": [
        "rranking7",
        "rranking",
        "rranking9",
        "rranking14",
        "rranking8",
        "rranking3",
        "rranking13",
        "file",
        "pranking5",
        "pranking",
        "pranking10"
    ],
    "cnames": [],
    "fingerprinting": 0,
    "resources": [
        {
            "rule": "ziyu\\.net\\/rank\\.php",
            "cookies": 0,
            "fingerprinting": 0,
            "subdomains": [
                "rranking7",
                "rranking",
                "rranking9",
                "rranking14",
                "rranking8",
                "rranking3",
                "rranking13"
            ],
            "apis": {},
            "sites": 11,
            "prevalence": 0.0000749,
            "cnames": [],
            "responseHashes": [
                "534992f4d227329b588e7bb8ba6f285058bd13cc8c82e52ddd099df02724181d",
                "b7e5bb084117a3db37730e3637a9cbc27e6689341a956683814f30fb1343a57f",
                "56a1cd7164e71a0ce2aba1797e227d0b72b814b244a82f59466fca69d5eb516e",
                "54534c3cb6b5fd12911e88873f9ceb9ab8db320f93ada39e099697ecef3da2b1",
                "1e22e172d5ecd25b167f5e21381280dfba3f2587ae99dffad70ba69ebb96dee4",
                "868abfd8ce1fd2ccffb89a1b1a1d3525ce0acebc9b49ae3440758d5b800a0201",
                "eb02214661b36eb164aadb6c2f86280bfbe2878252ca5bf41f102fe6fdefc2e5",
                "86d247090b63e2b50c87ab9e88dbd7a4bc04fc2be48583835db61441e7140e9a",
                "fb548ec4bd63dfaf52bcb78d414a5e012fbeb24c3776d7a6c6d942a704ab3053",
                "34fc09892fa26d036b8bc8a2a34db7b17fe55c7292b3508bd8d59993dcff07fc"
            ],
            "type": "Script",
            "firstPartyCookies": {},
            "firstPartyCookiesSent": {},
            "exampleSites": [
                "adult-gazou.me",
                "blog.livedoor.jp",
                "ero-mangacafe.com",
                "erologz.com",
                "eromanga-cafe.com",
                "eromanga-mainichi.com",
                "hosyusokuhou.jp",
                "loveh.org",
                "moemoe.mydns.jp",
                "news.tokimeki-s.com",
                "www.anige-sokuhouvip.com"
            ]
        },
        {
            "rule": "ziyu\\.net\\/rranking\\.gif",
            "cookies": 0,
            "fingerprinting": 0,
            "subdomains": [
                "rranking7",
                "rranking",
                "file",
                "rranking8",
                "rranking3",
                "rranking13"
            ],
            "apis": {},
            "sites": 10,
            "prevalence": 0.0000681,
            "cnames": [],
            "responseHashes": [
                "336e57172db9a5bacb088db9a09adc96f449214ddf322ac5b07bcfa349e81820"
            ],
            "type": "Image",
            "firstPartyCookies": {},
            "firstPartyCookiesSent": {},
            "exampleSites": [
                "adult-gazou.me",
                "blog.livedoor.jp",
                "ero-mangacafe.com",
                "eromanga-cafe.com",
                "eromanga-mainichi.com",
                "himasoku.com",
                "loveh.org",
                "moemoe.mydns.jp",
                "news.tokimeki-s.com",
                "www.anige-sokuhouvip.com"
            ]
        },
        {
            "rule": "ziyu\\.net\\/img\\.php",
            "cookies": 0,
            "fingerprinting": 0,
            "subdomains": [
                "pranking5",
                "pranking",
                "pranking10"
            ],
            "apis": {},
            "sites": 4,
            "prevalence": 0.0000272,
            "cnames": [],
            "responseHashes": [
                "336e57172db9a5bacb088db9a09adc96f449214ddf322ac5b07bcfa349e81820"
            ],
            "type": "Image",
            "firstPartyCookies": {},
            "firstPartyCookiesSent": {},
            "exampleSites": [
                "ero-mangacafe.com",
                "eromanga-cafe.com",
                "himasoku.com",
                "www.anige-sokuhouvip.com"
            ]
        },
        {
            "rule": "ziyu\\.net\\/js\\/dokidokistar\\.js",
            "cookies": 0,
            "fingerprinting": 0,
            "subdomains": [
                "rranking3"
            ],
            "apis": {},
            "sites": 2,
            "prevalence": 0.0000136,
            "cnames": [],
            "responseHashes": [
                "76f2eaef3f599ae3fbf7d86487acacd20f86817c914da122f59f6c04cfd7d4f6"
            ],
            "type": "Script",
            "firstPartyCookies": {},
            "firstPartyCookiesSent": {},
            "exampleSites": [
                "tokimeki-s.com",
                "news.tokimeki-s.com"
            ]
        }
    ],
    "categories": [],
    "performance": {},
    "cookies": 0,
    "topInitiators": [
        {
            "domain": "first party",
            "prevalence": 0.7168141592920354
        },
        {
            "domain": "eromanga-cafe.com",
            "prevalence": 0.2831858407079646
        }
    ],
    "types": {
        "Script": 13,
        "Image": 14
    },
    "nameservers": [
        "ns1.dns.ne.jp",
        "ns2.dns.ne.jp"
    ]
}