{
    "domain": "zoomengage.com",
    "owner": {},
    "source": [
        "DuckDuckGo-US"
    ],
    "prevalence": 0.000102,
    "sites": 15,
    "subdomains": [
        "widgetver",
        "widgetapi",
        "zstorage",
        "cstorage",
        "widgetcdn"
    ],
    "cnames": [],
    "fingerprinting": 1,
    "resources": [
        {
            "rule": "zoomengage\\.com\\/js\\/za_widget_398a\\.js",
            "cookies": 0.0000613,
            "fingerprinting": 1,
            "subdomains": [
                "widgetver"
            ],
            "apis": {
                "Date.prototype.getTime": 9,
                "Navigator.prototype.userAgent": 9,
                "window.localStorage": 9,
                "Document.cookie getter": 9,
                "Document.cookie setter": 9
            },
            "sites": 9,
            "prevalence": 0.0000613,
            "cnames": [],
            "responseHashes": [
                "da631129d06e2eae358862aaa06c87877c8515649843106ad379f01bfa738570"
            ],
            "type": "Script",
            "firstPartyCookies": {
                "__za_cd_19763452": {
                    "ttl": 31536015,
                    "length": 128,
                    "prevalence": 0.000013614147822417056,
                    "uniqueness": 0.5
                },
                "__za_19763452": {
                    "ttl": null,
                    "length": 176,
                    "prevalence": 0.000013614147822417056,
                    "uniqueness": 1
                },
                "__za_cds_19763452": {
                    "ttl": null,
                    "length": 402,
                    "prevalence": 0.000013614147822417056,
                    "uniqueness": 1
                },
                "__za_cd_19761631": {
                    "ttl": 31536010,
                    "length": 43,
                    "prevalence": 0.000006807073911208528,
                    "uniqueness": 1
                },
                "__za_19761631": {
                    "ttl": null,
                    "length": 177,
                    "prevalence": 0.000006807073911208528,
                    "uniqueness": 1
                },
                "__za_cds_19761631": {
                    "ttl": null,
                    "length": 161,
                    "prevalence": 0.000006807073911208528,
                    "uniqueness": 1
                },
                "__za_cd_19762942": {
                    "ttl": 31536004,
                    "length": 101,
                    "prevalence": 0.000006807073911208528,
                    "uniqueness": 1
                },
                "__za_19762942": {
                    "ttl": null,
                    "length": 175,
                    "prevalence": 0.000006807073911208528,
                    "uniqueness": 1
                },
                "__za_cds_19762942": {
                    "ttl": null,
                    "length": 773,
                    "prevalence": 0.000006807073911208528,
                    "uniqueness": 1
                },
                "__za_cd_19762623": {
                    "ttl": 31536005,
                    "length": 43,
                    "prevalence": 0.000006807073911208528,
                    "uniqueness": 1
                },
                "__za_19762623": {
                    "ttl": null,
                    "length": 177,
                    "prevalence": 0.000006807073911208528,
                    "uniqueness": 1
                },
                "__za_cds_19762623": {
                    "ttl": null,
                    "length": 402,
                    "prevalence": 0.000006807073911208528,
                    "uniqueness": 1
                },
                "__za_cd_19762813": {
                    "ttl": 31536005,
                    "length": 101,
                    "prevalence": 0.000006807073911208528,
                    "uniqueness": 1
                },
                "__za_19762813": {
                    "ttl": null,
                    "length": 177,
                    "prevalence": 0.000006807073911208528,
                    "uniqueness": 1
                },
                "__za_cds_19762813": {
                    "ttl": null,
                    "length": 349,
                    "prevalence": 0.000006807073911208528,
                    "uniqueness": 1
                },
                "__za_cd_19763177": {
                    "ttl": 31536005,
                    "length": 101,
                    "prevalence": 0.000006807073911208528,
                    "uniqueness": 1
                },
                "__za_19763177": {
                    "ttl": null,
                    "length": 176,
                    "prevalence": 0.000006807073911208528,
                    "uniqueness": 1
                },
                "__za_cds_19763177": {
                    "ttl": null,
                    "length": 296,
                    "prevalence": 0.000006807073911208528,
                    "uniqueness": 1
                },
                "__za_cd_19763484": {
                    "ttl": 31536011,
                    "length": 128,
                    "prevalence": 0.000006807073911208528,
                    "uniqueness": 1
                },
                "__za_19763484": {
                    "ttl": null,
                    "length": 176,
                    "prevalence": 0.000006807073911208528,
                    "uniqueness": 1
                },
                "__za_cds_19763484": {
                    "ttl": null,
                    "length": 161,
                    "prevalence": 0.000006807073911208528,
                    "uniqueness": 1
                },
                "__za_cd_19763607": {
                    "ttl": 31536004,
                    "length": 101,
                    "prevalence": 0.000006807073911208528,
                    "uniqueness": 1
                },
                "__za_19763607": {
                    "ttl": null,
                    "length": 175,
                    "prevalence": 0.000006807073911208528,
                    "uniqueness": 1
                },
                "__za_cds_19763607": {
                    "ttl": null,
                    "length": 508,
                    "prevalence": 0.000006807073911208528,
                    "uniqueness": 1
                }
            },
            "firstPartyCookiesSent": {},
            "exampleSites": [
                "ace.co.il",
                "www.ace.co.il",
                "www.infomed.co.il",
                "www.kasamba.com",
                "www.kolzchut.org.il",
                "www.maccabi4u.co.il",
                "www.nli.org.il",
                "www.shufersal.co.il",
                "www.womenshealthnetwork.com"
            ]
        },
        {
            "rule": "zoomengage\\.com\\/php\\/InitSessionApi\\.php",
            "cookies": 0,
            "fingerprinting": 0,
            "subdomains": [
                "widgetapi"
            ],
            "apis": {},
            "sites": 9,
            "prevalence": 0.0000613,
            "cnames": [],
            "responseHashes": [
                "8c61c4674c1640fd00070a859f0fd2a07e76433f3d5f1bc3c296b07af953948a",
                "efb940c90b2ed54e50ca9c1338f0dbc712fab7da82520ec275adb43e6abae341",
                "a65c22733778702a8751b84e6e73d0f8047cc7d67b425fd9380a194b53cf5104",
                "f01940a56671f767af7957f18c4b8165f40ce058e1934ba6d3ee0f619b6ddb39",
                "985cd932281cef61064981ce69a136f2dab6e5f341d5d7a2ba2a6b88e99acecd",
                "eee5be755bfa9a440f18f3b3ca7bd5dbfbc229199aeb325962a952ca2da2a16e",
                "bc2f89bbbf706e38f523d5fe6bcd1d8623327120d1f151f73ba304f46ae677c7",
                "b253799c87e5e1d8e664dbd9d170eb1bc284da7e63ff8357e49e80ea18c73c50"
            ],
            "type": "Script",
            "firstPartyCookies": {},
            "firstPartyCookiesSent": {},